Name of Initiative,Organization Name,Location 1,State,Category,Unique ID,State Based
Next Generation ACO Model,"ThedaCare ACO, LLC","122 E. College Avenue Appleton, WI (44.261805, -88.404829)",WI,Accountable Care Models,1,
Next Generation ACO Model,"Pioneer Valley Accountable Care Models, LLC","101 Wason Avenue Springfield, MA (42.124784, -72.612729)",MA,Accountable Care Models,2,
Next Generation ACO Model,CHESS Health Solutions,"1701 Westchester Drive High Point, NC (35.948416, -80.033627)",NC,Accountable Care Models,3,
Next Generation ACO Model,"Accountable Care Models Coalition of Southeast Texas, Inc.","4888 Loop Central Drive Houston, TX (29.724544, -95.456861)",TX,Accountable Care Models,4,
Next Generation ACO Model,"Trinity Health ACO, Inc.","1209 Orange Street Wilmington, DE (39.748453, -75.547473)",DE,Accountable Care Models,5,
Next Generation ACO Model,"Henry Ford Physicians Accountable Care Models Organization, LLC","1 Ford Place Detroit, MI (42.363742, -83.076568)",MI,Accountable Care Models,6,
Next Generation ACO Model,"Deaconess Care Integration, LLC","421 Chestnut Street Evansville, IN (37.970145, -87.566924)",IN,Accountable Care Models,7,
Next Generation ACO Model,Park Nicollet Net Generation Accountable Care Models Organization,"3800 Park Nicollet Boulevard St. Louis Park, MN (44.933347, -93.346217)",MN,Accountable Care Models,8,
Next Generation ACO Model,"UnityPoint Accountable Care Models, LC","1776 West Lakes Parkway West Des Moines, IA (41.597815, -93.785777)",IA,Accountable Care Models,9,
Next Generation ACO Model,"Bellin Health Partners, Inc.","744 S Webster Ave. Green Bay, WI (44.502001, -88.010631)",WI,Accountable Care Models,10,
Next Generation ACO Model,"Triad HealthCare Network, LLC","300 East Wendover Avenue Greensboro, NC (36.087737, -79.785735)",NC,Accountable Care Models,11,
Next Generation ACO Model,"Atrius Health, Inc.","275 Grove Street Newton, MA (42.338642, -71.251417)",MA,Accountable Care Models,12,
Next Generation ACO Model,"NW Momentum Health Partners ACO, LLC","319 7th Ave SE Olympia, WA (47.042627, -122.897932)",WA,Accountable Care Models,13,
Next Generation ACO Model,UT Southwestern Accountable Care Models Network,"5323 Harry Hines Blvd Dallas, TX (32.812607, -96.83845)",TX,Accountable Care Models,14,
Next Generation ACO Model,"Prospect ACO Northeast, LLC","3415 S Sepulveda Blvd Los Angeles, CA (34.020503, -118.423219)",CA,Accountable Care Models,15,
Next Generation ACO Model,"St. Luke's Clinic Coordinated Care, LTD","190 E. Bannock St. Boise, ID (43.612157, -116.192202)",ID,Accountable Care Models,16,
Next Generation ACO Model,"ProHealth Solutions, LLC","N17 W24100 Riverwood Dr Waukesha, WI (43.054796999000075, -88.22829998499998)",WI,Accountable Care Models,17,
Next Generation ACO Model,Indiana University Health,"340 West 10th Street Indianapolis, IN (39.780996, -86.164597)",IN,Accountable Care Models,18,
Next Generation ACO Model,Carilion Clinic?s Doctors Connected,"213 S Jefferson Street Roanoke, VA (37.271326, -79.940549)",VA,Accountable Care Models,19,
Next Generation ACO Model,"Arizona Care Network, LLC","3030 N. Central Avenue Phoenix, AZ (33.481979, -112.073885)",AZ,Accountable Care Models,20,
Next Generation ACO Model,"APA ACO, Inc.","700 N. Brand Blvd Glendale, CA (34.157093, -118.254985)",CA,Accountable Care Models,21,
Next Generation ACO Model,"UNC Senior Alliance, LLC","2000 Perimeter Park Drive Morrisville, NC (35.852125, -78.829541)",NC,Accountable Care Models,22,
Next Generation ACO Model,"UW Health ACO, Inc.","749 University Row Madison, WI (43.075891, -89.469679)",WI,Accountable Care Models,23,
Next Generation ACO Model,"Reliant Medical Group, Inc.","100 Front St. Worcester, MA (42.262375, -71.79956)",MA,Accountable Care Models,24,
Next Generation ACO Model,Mary Washington Health Alliance LLC,"2300 Fall Hill Avenue Fredericksburg, VA (38.312781, -77.472135)",VA,Accountable Care Models,25,
Next Generation ACO Model,"Reliance Next Gen ACO, LLC","23900 Orchard Lake Road Farmington Hills, MI (42.468083, -83.3571)",MI,Accountable Care Models,26,
Next Generation ACO Model,Primary Care Alliance,"18550 US hwy 441 Mt Dora, FL (28.823323, -81.650202)",FL,Accountable Care Models,27,
Next Generation ACO Model,Revere Health,"1055 North 500 West Provo, UT (40.247986, -111.667382)",UT,Accountable Care Models,28,
Next Generation ACO Model,"Franciscan Missionaries of Our Lady Health System Clinical Network, LLC","4200 Essen Lane Baton Rouge, LA (30.412108, -91.100039)",LA,Accountable Care Models,29,
Next Generation ACO Model,CareMount ACO,"110 South Bedford Road Mount Kisco, NY (41.197841, -73.718749)",NY,Accountable Care Models,30,
Next Generation ACO Model,"Primaria ACO, LLC","9365 Counselors Row Indianapolis, IN (39.92324, -86.104637)",IN,Accountable Care Models,31,
Next Generation ACO Model,Best Care Collaborative,"2776 Cleveland Avenue Fort Myers, FL (26.626924, -81.872295)",FL,Accountable Care Models,32,
Next Generation ACO Model,"Accountable Care Models Coalition of Tennessee, LLC","4888 Loop Central Drive Houston, TX (29.724544, -95.456861)",TX,Accountable Care Models,33,
Next Generation ACO Model,"Torrance Memorial Integrated Physicians, LLC","23326 Hawthorne Blvd Torrance, CA (33.814287, -118.351026)",CA,Accountable Care Models,34,
Next Generation ACO Model,"NEQCA Accountable Care Models, Inc.","325 Wood Road Braintree, MA (42.217616, -71.041188)",MA,Accountable Care Models,35,
Maternal Opioid Misuse (MOM) Model,Indiana Family and Social Services Administration,"402 West Washington Street Indianapolis, IN (39.767247, -86.165405)",IN,State & Community-Based Models,36,
Maternal Opioid Misuse (MOM) Model,Texas Health and Human Services Commission,"2525 Holly Hall Street Houston, TX (29.685422, -95.387094)",TX,State & Community-Based Models,37,
Maternal Opioid Misuse (MOM) Model,State of Maine,"109 Capitol Street Augusta, ME (44.308518, -69.785636)",ME,State & Community-Based Models,38,
Maternal Opioid Misuse (MOM) Model,Tennessee Bureau of TennCare,"2525 West End Avenue Nashville, TN (36.146641, -86.809074)",TN,State & Community-Based Models,39,
Maternal Opioid Misuse (MOM) Model,Colorado Department of Health Care Policy and Financing,"1570 Grant Street Denver, CO (39.741297, -104.983577)",CO,State & Community-Based Models,40,
Maternal Opioid Misuse (MOM) Model,State of New Hampshire,"129 Pleasant Street Concord, NH (43.199805, -71.547221)",NH,State & Community-Based Models,41,
Maternal Opioid Misuse (MOM) Model,Bureau for Medical Services,"350 Capitol Street Charleston, WV (38.351151, -81.632587)",WV,State & Community-Based Models,42,
Medicare Advantage Value-Based Insurance Design Model,"CVS Health Corporation (Aetna, Inc.)","151 Farmington Ave Hartford, CT (41.768046, -72.688425)",CT,Health Plan Models,43,
Medicare Advantage Value-Based Insurance Design Model,Blue Cross Blue Shield of Michigan,"1000 Town Center Dr., MC 1516 Southfield, MI (42.47623399500003, -83.24400897299995)",MI,Health Plan Models,44,
Medicare Advantage Value-Based Insurance Design Model,Blue Cross Blue Shield of Rhode Island,"500 Exchange St. Providence, RI (41.827999, -71.41293)",RI,Health Plan Models,45,
Medicare Advantage Value-Based Insurance Design Model,"CareOregon, Inc.","315 SW 5th Ave Portland, OR (45.52126, -122.676232)",OR,Health Plan Models,46,
Medicare Advantage Value-Based Insurance Design Model,"Capital District Physicians' Health Plan Models, Inc.","500 Patroon Creek Blvd Albany, NY (42.68421, -73.805878)",NY,Health Plan Models,47,
Medicare Advantage Value-Based Insurance Design Model,Highmark Health,"120 Fifth Ave Pittsburgh, PA (40.528428, -80.023262)",PA,Health Plan Models,48,
Medicare Advantage Value-Based Insurance Design Model,"Humana, Inc.","500 West Main St Kentucky, KY (37.646151, -84.777484)",KY,Health Plan Models,49,
Medicare Advantage Value-Based Insurance Design Model,Sentara Health Care,"4417 Corporation Lane Virginia Beach, VA (36.847997, -76.129597)",VA,Health Plan Models,50,
Medicare Advantage Value-Based Insurance Design Model,"UnitedHealth Group, Inc.","9800 Healthcare Lane Minnetonka, MN (44.895294, -93.403887)",MN,Health Plan Models,51,
Medicare Advantage Value-Based Insurance Design Model,UPMC Health System,"600 Grant St. Pittsburgh, PA (40.441437, -79.99546)",PA,Health Plan Models,52,
Pennsylvania Rural Health Model,ACMH HOSPITAL,"1 Nolte Drive Kittanning, PA (40.812095, -79.562335)",PA,Health Plan Models,53,
Pennsylvania Rural Health Model,BARNES-KASSON COUNTY HOSPITAL,"2872 Turnpike Street Susquehanna, PA (41.947372, -75.594016)",PA,Health Plan Models,54,
Pennsylvania Rural Health Model,ENDLESS MOUNTAINS HEALTH SYSTEMS,"100 Hospital Drive Montrose, PA (41.83573, -75.836978)",PA,Health Plan Models,55,
Pennsylvania Rural Health Model,FULTON COUNTY MEDICAL CENTER,"214 Peach Orchard Road McConnellsburg, PA (39.936716, -78.009)",PA,Health Plan Models,56,
Pennsylvania Rural Health Model,JERSEY SHORE HOSPITAL,"1020 Thompson Street Jersey Shore, PA (41.201647, -77.267956)",PA,Health Plan Models,57,
Pennsylvania Rural Health Model,KANE COMMUNITY HOSPITAL,"7372 US-6 Kane, PA (41.701265, -78.705568)",PA,Health Plan Models,58,
Pennsylvania Rural Health Model,MONONGAHELA VALLEY HOSPITAL,"1163 Country Club Road Monongahela, PA (40.181578, -79.916276)",PA,Health Plan Models,59,
Pennsylvania Rural Health Model,PUNXSUTAWNEY AREA HOSPITAL,"81 Hillcrest Drive Punxsutawney, PA (40.960153, -79.000359)",PA,Health Plan Models,60,
Pennsylvania Rural Health Model,WASHINGTON HEALTH SYSTEM GREENE,"350 Bonar Ave Waynesburg, PA (39.900605, -80.173929)",PA,Health Plan Models,61,
Pennsylvania Rural Health Model,TYRONE HOSPITAL,"187 Hospital Drive Tyrone, PA (40.674843, -78.252302)",PA,Health Plan Models,62,
Pennsylvania Rural Health Model,WASHINGTON HOSPITAL,"155 Wilson Ave Washington, PA (40.183244, -80.247471)",PA,Health Plan Models,63,
Pennsylvania Rural Health Model,WAYNE MEMORIAL HOSPITAL,"601 Park Street Honesdale, PA (41.576284, -75.259796)",PA,Health Plan Models,64,
Pennsylvania Rural Health Model,WINDBER HOSPITAL,"600 Somerset Ave Windber, PA (40.242123, -78.837917)",PA,Health Plan Models,65,
Maryland Total Cost of Care Model,"Primary Medical Services, PC","801 Toll House Ave Ste E Frederick, MD (39.425798, -77.414231)",MD,State & Community-Based Models,66,
Maryland Total Cost of Care Model,"Kannan and Associates, PC","10301 Georgia Ave Ste 203 Silver Spring, MD (39.023894, -77.045526)",MD,State & Community-Based Models,67,
Maryland Total Cost of Care Model,Johns Hopkins Community Physicians at Odenton,"1106 Annapolis Rd Ste 310 Odenton, MD (39.079411, -76.685883)",MD,State & Community-Based Models,68,
Maryland Total Cost of Care Model,"Don Bousel, M.D.","2411 W Belvedere Ave Ste 201 Baltimore, MD (39.354315, -76.662552)",MD,State & Community-Based Models,69,
Maryland Total Cost of Care Model,"Advanced Medical Care, LLC","19703 Executive Park Cir Germantown, MD (39.180267, -77.274767)",MD,State & Community-Based Models,70,
Maryland Total Cost of Care Model,Family Healthcare of Elkton,"111 W High St Ste 214 Elkton, MD (39.609128, -75.831958)",MD,State & Community-Based Models,71,
Maryland Total Cost of Care Model,Comprehensive Primary Care - Rockville,"15825 Shady Grove Road #140 Rockville, MD (39.11643, -77.184207)",MD,State & Community-Based Models,72,
Maryland Total Cost of Care Model,Mian Family Medicine,"9114 Philadelphia Rd Rosedale, MD (39.347646, -76.472101)",MD,State & Community-Based Models,73,
Maryland Total Cost of Care Model,Johns Hopkins Community Physicians at Glen Burnie,"7671 Quarterfield Rd Ste 401 Glen Burnie, MD (39.150489, -76.636516)",MD,State & Community-Based Models,74,
Maryland Total Cost of Care Model,"Lifebridge Multi-Specialty, LLC","41 Magna Way Ste 100 Westminster, MD (39.606844, -76.992679)",MD,State & Community-Based Models,75,
Maryland Total Cost of Care Model,"Maryland Primary Care Physicians, LLC - Annapolis","129 Lubrano Drive Ste 100 Annapolis, MD (38.986712, -76.55204)",MD,State & Community-Based Models,76,
Maryland Total Cost of Care Model,Clinical Associates - Towson,"515 Fairmount Ave Ste 400 Towson, MD (39.401207, -76.596339)",MD,State & Community-Based Models,77,
Maryland Total Cost of Care Model,Comprehensive Women's Health,"10103 Georgia Ave Ste 307 Silver Spring, MD (39.022312, -77.04498)",MD,State & Community-Based Models,78,
Maryland Total Cost of Care Model,"Mitchell S. Gittelman, D.O, PA","31413 Winterplace Park Suite 103 Salisbury, MD (38.373791, -75.524414)",MD,State & Community-Based Models,79,
Maryland Total Cost of Care Model,Stone Run Family Medicine,"101 Colonial Way Ste A Rising Sun, MD (39.694671, -76.055821)",MD,State & Community-Based Models,80,
Maryland Total Cost of Care Model,Potomac Physician Associates - Bethesda,"10215 Fernwood Rd Ste 100 Bethesda, MD (39.023485, -77.135307)",MD,State & Community-Based Models,81,
Maryland Total Cost of Care Model,"Nalin Mathur, M.D., PA","11855 Holly Ln Ste 107 Waldorf, MD (38.632117, -76.903349)",MD,State & Community-Based Models,82,
Maryland Total Cost of Care Model,Adventist Medical Group College Park - Primary Care,"7305 Baltimore Ave Ste 107 College Park, MD (38.97895, -76.93784)",MD,State & Community-Based Models,83,
Maryland Total Cost of Care Model,Poolesville Family Practice,"19710 Fisher Ave Ste J Poolesville, MD (39.144824, -77.412219)",MD,State & Community-Based Models,84,
Maryland Total Cost of Care Model,"Drs. Shanahan and Ferguson, PC","120 Speer Rd Bldg B Chestertown, MD (39.219866, -76.077166)",MD,State & Community-Based Models,85,
Maryland Total Cost of Care Model,"Sibte A. Kazmi M.D., LLC","814 Toll House Ave Frederick, MD (39.426196, -77.414074)",MD,State & Community-Based Models,86,
Maryland Total Cost of Care Model,"Charm City Healthcare, LLC","223 Eastern Blvd Essex, MD (39.30603, -76.481027)",MD,State & Community-Based Models,87,
Maryland Total Cost of Care Model,"S. Raguraj, M.D.","208 Plumtree Rd Ste C Belair, MD (39.501451, -76.330671)",MD,State & Community-Based Models,88,
Maryland Total Cost of Care Model,Johns Hopkins Community Physicians At Greater Dundalk,"2112 Dundalk Ave Baltimore, MD (39.264253, -76.52718)",MD,State & Community-Based Models,89,
Maryland Total Cost of Care Model,"Alon Davis, M.D., PA","100 Power St Salisbury, MD (38.340182, -75.599977)",MD,State & Community-Based Models,90,
Maryland Total Cost of Care Model,Doctors First Primary Care,"19785 Crystal Rock Dr Ste 209 Germantown, MD (39.180438, -77.261786)",MD,State & Community-Based Models,91,
Maryland Total Cost of Care Model,Drs. Edwards and Stephens,"1005 N Point Blvd Ste 724 Baltimore, MD (39.291048, -76.509115)",MD,State & Community-Based Models,92,
Maryland Total Cost of Care Model,"JH Ventures, LLC/ Scott Maurer, M.D.","2465 Route 97 Ste 10 Glenwood, MD (39.303133, -77.020622)",MD,State & Community-Based Models,93,
Maryland Total Cost of Care Model,"Vinu Ganti, M.D., P.C.","12800 Middlebrook Rd Ste 204 Germantown, MD (39.177355, -77.265069)",MD,State & Community-Based Models,94,
Maryland Total Cost of Care Model,Adventist Medical Group Germantown - Primary Care,"19735 Germantown Rd Suite 310 Germantown, MD (39.180065, -77.264564)",MD,State & Community-Based Models,95,
Maryland Total Cost of Care Model,Adventist Medical Group Montgomery Village - Primary Care,"6 Montgomery Village Ave Ste 402 Gaithersburg, MD (39.154109, -77.210061)",MD,State & Community-Based Models,96,
Maryland Total Cost of Care Model,Johns Hopkins Community Physicians at Water's Edge,"103 Bata Boulevard Suite A Belcamp, MD (39.469214, -76.235771)",MD,State & Community-Based Models,97,
Maryland Total Cost of Care Model,Adventist Medical Group Rockville- Primary Care,"9715 Medical Center Dr Ste 414 Rockville, MD (39.098355, -77.195573)",MD,State & Community-Based Models,98,
Maryland Total Cost of Care Model,Johns Hopkins Community Physicians at Frederick,"45 Thomas Johnson Dr Ste 109 Frederick, MD (39.454837, -77.401417)",MD,State & Community-Based Models,99,
Maryland Total Cost of Care Model,"Gurmeet S. Sawhney, M.D.","325 Hospital Dr Ste 202 Glen Burnie, MD (39.140261, -76.626499)",MD,State & Community-Based Models,100,
Maryland Total Cost of Care Model,Johns Hopkins Community Physicians at White Marsh,"4924 Campbell Blvd Ste 200 Nottingham, MD (39.373102, -76.460489)",MD,State & Community-Based Models,101,
Maryland Total Cost of Care Model,"Dennis H. Odie, M.D., PA","9106 Philadelphia Rd Ste 200 Baltimore, MD (39.347031, -76.472955)",MD,State & Community-Based Models,102,
Maryland Total Cost of Care Model,"Vel Natesan, MD PA","951 Mount Hermon Road Ste. A Salisbury, MD (38.36802, -75.576391)",MD,State & Community-Based Models,103,
Maryland Total Cost of Care Model,UM Community Medical Group at Shipley,"8601 Veterans Hwy Ste 111 Millersville, MD (39.092914, -76.623241)",MD,State & Community-Based Models,104,
Maryland Total Cost of Care Model,UM Community Medical Group at Pasadena,"3708 Mountain Rd Pasadena, MD (39.123662, -76.524775)",MD,State & Community-Based Models,105,
Maryland Total Cost of Care Model,UMC MG Primary Care North,"7845 Oakwood Rd Ste 204 Glen Burnie, MD (39.140912, -76.618382)",MD,State & Community-Based Models,106,
Maryland Total Cost of Care Model,UM Community Medical Group Adult and Senior Care,"8601 Veterans Hwy Ste 200 Millersville, MD (39.092914, -76.623241)",MD,State & Community-Based Models,107,
Maryland Total Cost of Care Model,Adventist Medical Group Colesville - Primary Care,"8807 Colesville Rd #2 Silver Spring, MD (38.99935, -77.025986)",MD,State & Community-Based Models,108,
Maryland Total Cost of Care Model,Carroll Primary Care - Westminster,"912 Washington Rd Westminster, MD (39.548522, -76.99179)",MD,State & Community-Based Models,109,
Maryland Total Cost of Care Model,Johns Hopkins Community Physicians at Green Spring Station,"2360 W Joppa Rd Ste 306 Lutherville, MD (39.418685, -76.668632)",MD,State & Community-Based Models,110,
Maryland Total Cost of Care Model,"Andrew S. Dobin, M.D., PA","4175 N Hanson Ct Ste 302A Bowie, MD (38.946621, -76.720177)",MD,State & Community-Based Models,111,
Maryland Total Cost of Care Model,Westminster Internal Medicine,"295 Stoner Ave Ste 305 Westminster, MD (39.559445, -76.987704)",MD,State & Community-Based Models,112,
Maryland Total Cost of Care Model,Johns Hopkins Community Physicians at North Bethesda,"6000 Executive Blvd Ste 625 North Bethesda, MD (39.048673, -77.120226)",MD,State & Community-Based Models,113,
Maryland Total Cost of Care Model,Johns Hopkins Community Physicians at Montgomery,"14955 Shady Grove Road Rockville, MD (39.099887, -77.192125)",MD,State & Community-Based Models,114,
Maryland Total Cost of Care Model,CHG - Westminster,"826 Washington Rd Ste 120 Westminster, MD (39.551076, -76.990771)",MD,State & Community-Based Models,115,
Maryland Total Cost of Care Model,"Airpark Primary Care, LLC","125 Airport Dr Unit 34 Westminster, MD (39.606635, -76.999159)",MD,State & Community-Based Models,116,
Maryland Total Cost of Care Model,Johns Hopkins Community Physicians at Annapolis,"137 Mitchells Chance Rd Ste 180 Edgewater, MD (38.928092, -76.562277)",MD,State & Community-Based Models,117,
Maryland Total Cost of Care Model,Calvert Internal Medicine Group - Prince Frederick,"985 Prince Frederick Blvd Ste 201 Prince Frederick, MD (38.555462, -76.60149)",MD,State & Community-Based Models,118,
Maryland Total Cost of Care Model,Johns Hopkins Community Physicians at  Westminster,"410 Malcolm Dr Ste C Westminster, MD (39.562345, -76.979414)",MD,State & Community-Based Models,119,
Maryland Total Cost of Care Model,"Olney Medical Associates, LLC","18109 Prince Philip Dr Ste 275 Olney, MD (39.154266, -77.056978)",MD,State & Community-Based Models,120,
Maryland Total Cost of Care Model,"Jeffrey E. Atkinson, M.D., LLC","8028 Ritchie Hwy Ste 108 Pasadena, MD (39.12927, -76.592711)",MD,State & Community-Based Models,121,
Maryland Total Cost of Care Model,Montgomery Family Medicine Associates,"2415 Musgrove Rd Ste 105 Silver Spring, MD (39.068, -76.960583)",MD,State & Community-Based Models,122,
Maryland Total Cost of Care Model,Johns Hopkins Physicians at Bowie,"17001 Science Dr Ste 102 Bowie, MD (38.963788, -76.71044)",MD,State & Community-Based Models,123,
Maryland Total Cost of Care Model,Downtown Baltimore Family Care,"1147 S Hanover St Baltimore, MD (39.27572, -76.615465)",MD,State & Community-Based Models,124,
Maryland Total Cost of Care Model,"Shiv C. Khanna, M.D., PA","214 Paca St Cumberland, MD (39.649054, -78.769487)",MD,State & Community-Based Models,125,
Maryland Total Cost of Care Model,"P. J. Mehta, M.D.","829 Eastern Shore Dr Salisbury, MD (38.353527, -75.597442)",MD,State & Community-Based Models,126,
Maryland Total Cost of Care Model,"Unviersity of Maryland Family Medicine Associates, PA","29 S Paca St Baltimore, MD (39.288997, -76.622262)",MD,State & Community-Based Models,127,
Maryland Total Cost of Care Model,"Jorge Vallecillo, M.D.","1319 Light St Baltimore, MD (39.274289, -76.611979)",MD,State & Community-Based Models,128,
Maryland Total Cost of Care Model,Johns Hopkins Community Physicians at Canton Crossing,"1501 S Clinton St Ste 200 Baltimore, MD (39.275166, -76.569233)",MD,State & Community-Based Models,129,
Maryland Total Cost of Care Model,"Yoon J. Cho Do, LLC","6161 Executive Blvd North Bethesda, MD (39.048944, -77.125669)",MD,State & Community-Based Models,130,
Maryland Total Cost of Care Model,IC Care Corp.,"1100 Mercantile Lane Suite 135 Upper Marlboro, MD (38.905993, -76.83775)",MD,State & Community-Based Models,131,
Maryland Total Cost of Care Model,"Carroll Family Medicine, LLC","814 N Houcksville Rd Hampstead, MD (39.597211, -76.857254)",MD,State & Community-Based Models,132,
Maryland Total Cost of Care Model,Johns Hopkins Community Physicians at Howard County Family Practice,"6350 Stevens Forest Rd Ste 102 Columbia, MD (39.197953, -76.854974)",MD,State & Community-Based Models,133,
Maryland Total Cost of Care Model,"Feirtag and Ramos, PA","1205 York Rd Ste 36 Lutherville, MD (39.416271, -76.614108)",MD,State & Community-Based Models,134,
Maryland Total Cost of Care Model,Family Health Care,"19851 Observation Dr Ste 250 Germantown, MD (39.179091, -77.242487)",MD,State & Community-Based Models,135,
Maryland Total Cost of Care Model,Johns Hopkins Community Physicians at Remington,"2700 Remington Ave Ste 2000 Baltimore, MD (39.32057, -76.620864)",MD,State & Community-Based Models,136,
Maryland Total Cost of Care Model,Clinical Associates - Reisterstown,"750 Main St Reisterstown, MD (39.451797, -76.820142)",MD,State & Community-Based Models,137,
Maryland Total Cost of Care Model,Comprehensive Primary Care - Germantown,"20410 Observation Drive Suite 210 Germantown, MD (39.191472, -77.248189)",MD,State & Community-Based Models,138,
Maryland Total Cost of Care Model,McCready Health,"201 Hall Hwy Crisfield, MD (37.996011, -75.852366)",MD,State & Community-Based Models,139,
Maryland Total Cost of Care Model,Comprehensive Primary Care - Montgomery Village,"18550 Office Park Drive Montgomery Village, MD (39.162062, -77.203479)",MD,State & Community-Based Models,140,
Maryland Total Cost of Care Model,Comprehensive Primary Care - Medical Center,"9715 Medical Center Dr Ste 501 Rockville, MD (39.098355, -77.195573)",MD,State & Community-Based Models,141,
Maryland Total Cost of Care Model,"Padder Health Services, LLC","7350 Van Dusen Rd Ste 130 Laurel, MD (39.08525, -76.880832)",MD,State & Community-Based Models,142,
Maryland Total Cost of Care Model,Riderwood Village Medical Center,"3110 Gracefield Rd Silver Spring, MD (39.056364, -76.950969)",MD,State & Community-Based Models,143,
Maryland Total Cost of Care Model,"Syed W. Haque, M.D.","700 Montclaire Ave Ste B Frederick, MD (39.424398, -77.413563)",MD,State & Community-Based Models,144,
Maryland Total Cost of Care Model,Johns Hopkins Community Physicians at Fulton,"8115 Maple Lawn Blvd Ste 140 Fulton, MD (39.149937, -76.904072)",MD,State & Community-Based Models,145,
Maryland Total Cost of Care Model,Doctors Community Practices,"4000 Mitchellville Rd Ste B216 Bowie, MD (38.945366, -76.722696)",MD,State & Community-Based Models,146,
Maryland Total Cost of Care Model,Doctors Community Practices Laurel,"13900 Baltimore Ave Laurel, MD (39.081016, -76.864463)",MD,State & Community-Based Models,147,
Maryland Total Cost of Care Model,"WMHS Primary Care Center, Lavale","1313 National Hwy LaVale, MD (39.637369, -78.848665)",MD,State & Community-Based Models,148,
Maryland Total Cost of Care Model,GBMC at Owings Mills,"10085 Red Run Blvd Ste 105 Owings Mills, MD (39.40125, -76.7825)",MD,State & Community-Based Models,149,
Maryland Total Cost of Care Model,GBMC at Hunt Manor,"3346 Paper Mill Rd Phoenix, MD (39.518893, -76.56167)",MD,State & Community-Based Models,150,
Maryland Total Cost of Care Model,GBMC at Joppa Road,"8600 La Salle Rd Ste 100 Towson, MD (39.395958, -76.576118)",MD,State & Community-Based Models,151,
Maryland Total Cost of Care Model,GBMC Family Care Associates,"6535 N Charles Street Ste 100 Baltimore, MD (39.388562, -76.625054)",MD,State & Community-Based Models,152,
Maryland Total Cost of Care Model,GBMC at Hunt Valley,"9 Schilling Rd Ste 102 Hunt Valley, MD (39.492339, -76.654504)",MD,State & Community-Based Models,153,
Maryland Total Cost of Care Model,GBMC Medicine For Adults,"6701 N Charles St Ste 5105 Baltimore, MD (39.393497, -76.628092)",MD,State & Community-Based Models,154,
Maryland Total Cost of Care Model,GBMC Internal Medicine,"6565 N Charles St Ste 201 Baltimore, MD (39.388443, -76.624855)",MD,State & Community-Based Models,155,
Maryland Total Cost of Care Model,"Satish Angra,  M.D., PC","344 University Blvd W Ste 113 Silver Spring, MD (39.024629, -77.019032)",MD,State & Community-Based Models,156,
Maryland Total Cost of Care Model,Johns Hopkins Community Physicians at Hagerstown,"12916 Conamar Dr Ste 204 Hagerstown, MD (39.668518, -77.69831)",MD,State & Community-Based Models,157,
Maryland Total Cost of Care Model,"Manbir Takhar, PC","12321 Middlebrook Rd Ste 102 Germantown, MD (39.175544, -77.255323)",MD,State & Community-Based Models,158,
Maryland Total Cost of Care Model,"Louis Silverstein, M.D.","805 S Union Ave Havre de Grace, MD (39.540124, -76.091449)",MD,State & Community-Based Models,159,
Maryland Total Cost of Care Model,"Ravi Passi, M.D., PC","15245 Shady Grove Road #130 Rockville, MD (39.107871, -77.189124)",MD,State & Community-Based Models,160,
Maryland Total Cost of Care Model,Chapel View Family Care,"9524 Belair Rd Nottingham, MD (39.410024, -76.467084)",MD,State & Community-Based Models,161,
Maryland Total Cost of Care Model,Charlestown Medical Center,"711 Maiden Choice Ln Catonsville, MD (39.267611, -76.704269)",MD,State & Community-Based Models,162,
Maryland Total Cost of Care Model,Oak Crest Medical Center,"8800 Walther Blvd Baltimore, MD (39.391674, -76.505732)",MD,State & Community-Based Models,163,
Maryland Total Cost of Care Model,"Personal Physician Care, LLC","6334 Cedar Ln Ste 103 Columbia, MD (39.197594, -76.884267)",MD,State & Community-Based Models,164,
Maryland Total Cost of Care Model,"Doctors Saba, Koltz and Walters","7505 Osler Dr Ste 406 Towson, MD (39.386546, -76.61267)",MD,State & Community-Based Models,165,
Maryland Total Cost of Care Model,"Kenneth M. Greene, M.D. & Associates","6701 N Charles St Ste 4104 Baltimore, MD (39.393497, -76.628092)",MD,State & Community-Based Models,166,
Maryland Total Cost of Care Model,"Dr. Jeffery D. Graber & Associates, PA","341 N Calvert St Ste 300 Baltimore, MD (39.29379, -76.612617)",MD,State & Community-Based Models,167,
Maryland Total Cost of Care Model,"Nakul Goyal, M.D., PA","3801 International Dr Ste 205 Silver Spring, MD (39.103666, -77.075416)",MD,State & Community-Based Models,168,
Maryland Total Cost of Care Model,PrimeCare Medicine,"9801 Georgia Ave Ste 224 Silver Spring, MD (39.017085, -77.043129)",MD,State & Community-Based Models,169,
Maryland Total Cost of Care Model,Annapolis Internal Medicine,"116 Defense Hwy Ste 400 Annapolis, MD (38.985817, -76.55054)",MD,State & Community-Based Models,170,
Maryland Total Cost of Care Model,"Kiumarce Kashi, M.D., PC","6830 Hospital Dr Ste 106 Baltimore, MD (39.347582, -76.475793)",MD,State & Community-Based Models,171,
Maryland Total Cost of Care Model,Carroll Primary Care - Eldersburg,"1380 Progress Way Eldersburg, MD (39.413246, -76.947357)",MD,State & Community-Based Models,172,
Maryland Total Cost of Care Model,"Internal Medicine Associates, Dr. Cheng, LLC","16009 Comprint Cir Gaithersburg, MD (39.119791, -77.185111)",MD,State & Community-Based Models,173,
Maryland Total Cost of Care Model,Johns Hopkins Community Physicians at Charles County,"4225 Altamont Pl Ste 201 White Plains, MD (38.596017, -76.939331)",MD,State & Community-Based Models,174,
Maryland Total Cost of Care Model,"Dunkirk Family Practice, PA","2025 Chaneyville Rd Ste 200 Owings, MD (38.690461, -76.640079)",MD,State & Community-Based Models,175,
Maryland Total Cost of Care Model,"Husna R. Baksh, M.D., PC","10750 Columbia Pike Ste 401A Silver Spring, MD (39.032101, -77.004049)",MD,State & Community-Based Models,176,
Maryland Total Cost of Care Model,WMHS Primary Care Center,"12502 Willowbrook Rd Ste 680 Cumberland, MD (39.649669, -78.732266)",MD,State & Community-Based Models,177,
Maryland Total Cost of Care Model,Clinical Associates - Woodholme,"1838 Greene Tree Rd Pikesville, MD (39.391222, -76.735402)",MD,State & Community-Based Models,178,
Maryland Total Cost of Care Model,Upper Chesapeake Primary Care - Bel Air,"520 Upper Chesapeake Dr Ste 308 Bel Air, MD (39.519602, -76.344992)",MD,State & Community-Based Models,179,
Maryland Total Cost of Care Model,"Joseph T. Pallan, M.D., PA","1205 York Rd Ste 30 Lutherville, MD (39.416271, -76.614108)",MD,State & Community-Based Models,180,
Maryland Total Cost of Care Model,Medical and Wellness Center of Olney,"4000 Olney Laytonsville Rd Olney, MD (39.160353, -77.078756)",MD,State & Community-Based Models,181,
Maryland Total Cost of Care Model,Johns Hopkins Community Physicians at Germantown,"20500 Seneca Meadows Pkwy Ste 2400 Germantown, MD (39.196973, -77.258106)",MD,State & Community-Based Models,182,
Maryland Total Cost of Care Model,PCA Primary Care,"400 Eastern Shore Dr Salisbury, MD (38.362438, -75.595001)",MD,State & Community-Based Models,183,
Maryland Total Cost of Care Model,"Rodney L. Ellis, M.D., PC","9811 Greenbelt Rd Ste 104 Lanham, MD (38.9908, -76.835115)",MD,State & Community-Based Models,184,
Maryland Total Cost of Care Model,UMC MG Primary Care Centreville,"2540 Centreville Rd Centreville, MD (39.034706, -76.074696)",MD,State & Community-Based Models,185,
Maryland Total Cost of Care Model,"Alkesh D. Patel, M.D., LLC","10632 Little Patuxent Pkwy Ste 111 Columbia, MD (39.214081, -76.871494)",MD,State & Community-Based Models,186,
Maryland Total Cost of Care Model,"Howard I. Goldman, M.D., LLC","9106 Philadelphia Road ste 304 Baltimore, MD (39.347031, -76.472955)",MD,State & Community-Based Models,187,
Maryland Total Cost of Care Model,Johns Hopkins Community Physicians at Downtown Bethesda,"7315 Wisconsin Ave Ste 700 Bethesda, MD (38.982419, -77.093207)",MD,State & Community-Based Models,188,
Maryland Total Cost of Care Model,CHG - Eldersburg,"1380 Progress Way Ste 102 Eldersburg, MD (39.413246, -76.947357)",MD,State & Community-Based Models,189,
Maryland Total Cost of Care Model,"Maryland Primary Care Physicians, LLC - Arundel Mills","7556 Teague Rd Ste 210 Hanover, MD (39.153123, -76.718868)",MD,State & Community-Based Models,190,
Maryland Total Cost of Care Model,"Donelson & Carnell, M.D., PA","65 Thomas Johnson Dr Ste C Frederick, MD (39.451256, -77.402207)",MD,State & Community-Based Models,191,
Maryland Total Cost of Care Model,CHG - Hampstead,"2319 Hanover Pike Ste E-F Hampstead, MD (39.638865, -76.867667)",MD,State & Community-Based Models,192,
Maryland Total Cost of Care Model,MMG at Wilkens Medical Center,"4660 Wilkens Ave Ste 100 Baltimore, MD (39.26507, -76.69793)",MD,State & Community-Based Models,193,
Maryland Total Cost of Care Model,CHG - College Square,"444 WMC Dr Ste 100 Westminster, MD (39.586528, -77.011479)",MD,State & Community-Based Models,194,
Maryland Total Cost of Care Model,Patel Ramanan and Associates,"3575 Old Washington Rd Ste A Waldorf, MD (38.614345, -76.918817)",MD,State & Community-Based Models,195,
Maryland Total Cost of Care Model,Dr. Timothy Herlihy and Mary Rackson,"7505 Osler Dr Ste 306 Towson, MD (39.386546, -76.61267)",MD,State & Community-Based Models,196,
Maryland Total Cost of Care Model,Internal Medicine at Towson,"7505 Osler Dr Ste 402 Towson, MD (39.386546, -76.61267)",MD,State & Community-Based Models,197,
Maryland Total Cost of Care Model,Drs. Huddleston & Dinardo,"106 Milford St Ste 103 Salisbury, MD (38.338775, -75.602649)",MD,State & Community-Based Models,198,
Maryland Total Cost of Care Model,Mmg Internal Medicine at Medstar Good Samaritan Hospital,"5601 Loch Raven Blvd Fl 3 Baltimore, MD (39.359301, -76.588684)",MD,State & Community-Based Models,199,
Maryland Total Cost of Care Model,MMG at Dundalk  Professional Center,"1576 Merritt Blvd Ste 14 Baltimore, MD (39.274299, -76.503303)",MD,State & Community-Based Models,200,
Maryland Total Cost of Care Model,Dr. Nancy K. Bailowitz,"7505 Osler Dr Ste 512 Towson, MD (39.386546, -76.61267)",MD,State & Community-Based Models,201,
Maryland Total Cost of Care Model,"Pritam S. Saini, M.D.","9101 Cherry Ln Ste 211 Laurel, MD (39.08547, -76.849397)",MD,State & Community-Based Models,202,
Maryland Total Cost of Care Model,"Maryland Primary Care Physicians, LLC - Bowie","4201 Mitchellville Rd Ste 102 Bowie, MD (38.947389, -76.721481)",MD,State & Community-Based Models,203,
Maryland Total Cost of Care Model,Towson Medical Associates,"7801 York Rd Ste 102 Towson, MD (39.390413, -76.60522)",MD,State & Community-Based Models,204,
Maryland Total Cost of Care Model,MMG at Honeygo Center,"5009 Honeygo Center Dr Ste 216 Perry Hall, MD (39.4049, -76.442244)",MD,State & Community-Based Models,205,
Maryland Total Cost of Care Model,Dorchester Family Medicine,"300 Dorchester Ave Cambridge, MD (38.566666, -76.066837)",MD,State & Community-Based Models,206,
Maryland Total Cost of Care Model,Drs. Colodonato and Snyder,"7600 Osler Dr Ste 411 Towson, MD (39.387986, -76.613275)",MD,State & Community-Based Models,207,
Maryland Total Cost of Care Model,MMG at Dorsey Hall,"9501 Old Annapolis Rd Ellicott City, MD (39.241341, -76.841103)",MD,State & Community-Based Models,208,
Maryland Total Cost of Care Model,"Maryland Primary Care Physicians, LLC - Columbia","11055 Little Patuxent Pkwy Ste 104 Columbia, MD (39.215811, -76.884819)",MD,State & Community-Based Models,209,
Maryland Total Cost of Care Model,Doctors Community Practices Riverdale,"6502 Kenilworth Ave Ste 100 Riverdale, MD (38.96746, -76.918172)",MD,State & Community-Based Models,210,
Maryland Total Cost of Care Model,Beltway Internal Medicine,"9114 Philadelphia Rd Ste 300 Baltimore, MD (39.347646, -76.472101)",MD,State & Community-Based Models,211,
Maryland Total Cost of Care Model,Transitional Care Clinic,"7505 Osler Dr Ste 310 Towson, MD (39.386546, -76.61267)",MD,State & Community-Based Models,212,
Maryland Total Cost of Care Model,"Manchester Medical Center, LLC","3000 Manchester Rd Ste 5 Manchester, MD (39.663051, -76.88837)",MD,State & Community-Based Models,213,
Maryland Total Cost of Care Model,Doctors Community Practices District Heights,"6400 Marlboro Pike District Heights, MD (38.852983, -76.896197)",MD,State & Community-Based Models,214,
Maryland Total Cost of Care Model,UMC MG Primary Care Chestertown,"126 Philosophers Ter Ste 102 Chestertown, MD (39.212394, -76.0643)",MD,State & Community-Based Models,215,
Maryland Total Cost of Care Model,Metropolitan Medical Specialists,"8116 Good Luck Rd Ste 300 Lanham, MD (38.980429, -76.864652)",MD,State & Community-Based Models,216,
Maryland Total Cost of Care Model,"Thomas V. Joseph, M.D.","50 W Edmonston Dr Ste 207 Rockville, MD (39.073933, -77.136531)",MD,State & Community-Based Models,217,
Maryland Total Cost of Care Model,"Gerald Family Care, PC","7940 Johnson Ave Glenarden, MD (38.934351, -76.865308)",MD,State & Community-Based Models,218,
Maryland Total Cost of Care Model,"Jeffrey D. Gaber & Associaters, PA","1838 Greenetree Rd Ste 445 Baltimore, MD (39.391222, -76.735402)",MD,State & Community-Based Models,219,
Maryland Total Cost of Care Model,Eastern Shore Medical Center,"914A Eastern Shore Dr Salisbury, MD (38.352, -75.59789)",MD,State & Community-Based Models,220,
Maryland Total Cost of Care Model,JHU General Internal Medicine at Johns Hopkins Outpatient Center,"601 N Caroline Street 7th Floor Baltimore, MD (39.297209, -76.597546)",MD,State & Community-Based Models,221,
Maryland Total Cost of Care Model,South River Family Medicine,"3169 Braverton St Ste 201 Edgewater, MD (38.932574, -76.56502)",MD,State & Community-Based Models,222,
Maryland Total Cost of Care Model,AAMC Community Clinic,"1419 Forest Dr Ste 100 Annapolis, MD (38.962047, -76.511266)",MD,State & Community-Based Models,223,
Maryland Total Cost of Care Model,Kent Island Primary Care,"1630 Main St Ste 101 Chester, MD (38.977175, -76.285917)",MD,State & Community-Based Models,224,
Maryland Total Cost of Care Model,Largo Primary Care,"1450 Mercantile Ln Ste 111 Largo, MD (38.90969, -76.837701)",MD,State & Community-Based Models,225,
Maryland Total Cost of Care Model,Pasadena Primary Care,"8109 Ritchie Hwy Pasadena, MD (39.125408, -76.588978)",MD,State & Community-Based Models,226,
Maryland Total Cost of Care Model,Centreville Family Medicine,"202 Coursevall Dr Centreville, MD (39.033272, -76.074539)",MD,State & Community-Based Models,227,
Maryland Total Cost of Care Model,Waugh Chapel Family Medicine,"2401 Brandermill Blvd Ste 250 Gambrills, MD (39.035376, -76.681705)",MD,State & Community-Based Models,228,
Maryland Total Cost of Care Model,"Mahesh Moondra, M.D., PA","106 Milford St Ste 504B Salisbury, MD (38.338775, -75.602649)",MD,State & Community-Based Models,229,
Maryland Total Cost of Care Model,Chesapeake Family Medicine,"2002 Medical Pkwy Ste 460 Annapolis, MD (38.991064, -76.53696)",MD,State & Community-Based Models,230,
Maryland Total Cost of Care Model,Seton Medical Group - Catonsville,"6501 Baltimore National Pike Ste D Catonsville, MD (39.285413, -76.76168)",MD,State & Community-Based Models,231,
Maryland Total Cost of Care Model,Eastern Shore Primary Care,"1630 Main St Ste 204 Chester, MD (38.977175, -76.285917)",MD,State & Community-Based Models,232,
Maryland Total Cost of Care Model,"Wellspring Family Medicine, PC","311 N 4th Street Suite 1 Oakland, MD (39.41488, -79.401428)",MD,State & Community-Based Models,233,
Maryland Total Cost of Care Model,"Monocacy Health Partners Primary Care, Mt. Airy","504 E Ridgeville Blvd Ste 120 Mount Airy, MD (39.363068, -77.159519)",MD,State & Community-Based Models,234,
Maryland Total Cost of Care Model,MMG at Laurel,"14201 Laurel Park Dr Ste 102 Laurel, MD (39.085376, -76.879445)",MD,State & Community-Based Models,235,
Maryland Total Cost of Care Model,MMG at Olney  Professional Park,"2901 Olney Sandy Spring Rd Olney, MD (39.150245, -77.059973)",MD,State & Community-Based Models,236,
Maryland Total Cost of Care Model,MMG at Gaithersburg,"12111 Darnestown Rd Ste A Gaithersburg, MD (39.117433, -77.251154)",MD,State & Community-Based Models,237,
Maryland Total Cost of Care Model,Medstar Health at Leisure World Boulevard,"3305 N Leisure World Blvd Silver Spring, MD (39.107929, -77.072867)",MD,State & Community-Based Models,238,
Maryland Total Cost of Care Model,MMG at Silver Spring,"10301 Georgia Ave Ste 301 Silver Spring, MD (39.023894, -77.045526)",MD,State & Community-Based Models,239,
Maryland Total Cost of Care Model,Atlantic Internal Medicine,"10324 Old Ocean City Blvd Berlin, MD (38.338159, -75.205476)",MD,State & Community-Based Models,240,
Maryland Total Cost of Care Model,"Maryland Primary Care Physicians, LLC - Pasadena","24 Magothy Beach Rd Ste A Pasadena, MD (39.120912, -76.517237)",MD,State & Community-Based Models,241,
Maryland Total Cost of Care Model,"Monocacy Health Partners Primary Care, Crestwood","7211 Bank Ct Ste 230 Frederick, MD (39.384541, -77.415287)",MD,State & Community-Based Models,242,
Maryland Total Cost of Care Model,Central Maryland Primary Care,"201 Back River Neck Rd Ste 109 Essex, MD (39.308049, -76.44438)",MD,State & Community-Based Models,243,
Maryland Total Cost of Care Model,"Monocacy Health Partners Primary Care, Liberty","194 Thomas Johnson Dr Ste A Frederick, MD (39.439929, -77.409474)",MD,State & Community-Based Models,244,
Maryland Total Cost of Care Model,"Monocacy Health Partners Primary Care, Myersville","3000D Ventrie Ct Myersville, MD (39.492449, -77.567926)",MD,State & Community-Based Models,245,
Maryland Total Cost of Care Model,"Eren and Atluri MDs, LLC","7310 Ritchie Hwy Ste 800 Glen Burnie, MD (39.171575, -76.619735)",MD,State & Community-Based Models,246,
Maryland Total Cost of Care Model,"Monocacy Health Partners Primary Care, Stockman","1562 Opossumtown Pike #3 Frederick, MD (39.43801, -77.410305)",MD,State & Community-Based Models,247,
Maryland Total Cost of Care Model,"Jin Gu, M.D., PA","7505 Osler Dr Ste 312 Towson, MD (39.386546, -76.61267)",MD,State & Community-Based Models,248,
Maryland Total Cost of Care Model,"Tony Varghese, M.D., PA","8022 Belair Rd Nottingham, MD (39.376138, -76.506763)",MD,State & Community-Based Models,249,
Maryland Total Cost of Care Model,Seton Medical Group - Kings Contrivance,"8325 Guilford Rd Ste E Columbia, MD (39.176737, -76.870196)",MD,State & Community-Based Models,250,
Maryland Total Cost of Care Model,"Maryland Primary Care Physicians, LLC - Queenstown","125 Shoreway Dr Ste 120 Queenstown, MD (38.967206, -76.181406)",MD,State & Community-Based Models,251,
Maryland Total Cost of Care Model,Khandagle Medical Associates,"12520 Prosperity Dr Ste 320 Silver Spring, MD (39.061572, -76.960773)",MD,State & Community-Based Models,252,
Maryland Total Cost of Care Model,Manchester Family Medicine,"2973 Manchester Rd Manchester, MD (39.662054, -76.889928)",MD,State & Community-Based Models,253,
Maryland Total Cost of Care Model,Seton Medical Group - Oakland Mills,"9650 Santiago Rd Ste 109 Columbia, MD (39.207964, -76.847301)",MD,State & Community-Based Models,254,
Maryland Total Cost of Care Model,Potomac Physician Associates - Chevy Chase,"8401 Connecticut Ave Penthouse Suite Chevy Chase, MD (38.994244, -77.077078)",MD,State & Community-Based Models,255,
Maryland Total Cost of Care Model,Middletown Valley Family Medicine,"300 S Church St Middletown, MD (39.439955, -77.545283)",MD,State & Community-Based Models,256,
Maryland Total Cost of Care Model,UMC MG Primary Care Denton,"836 S 5th Ave Denton, MD (38.871679, -75.82665)",MD,State & Community-Based Models,257,
Maryland Total Cost of Care Model,Seton Medical Group - Elkridge,"6518 Meadowridge Rd Ste 110 Elkridge, MD (39.189505, -76.776443)",MD,State & Community-Based Models,258,
Maryland Total Cost of Care Model,UMPB General Internal Medicine,"419 West Redwood Street Ste 620 Baltimore, MD (39.288601, -76.621982)",MD,State & Community-Based Models,259,
Maryland Total Cost of Care Model,Southern Maryland Medical Group - Greenbelt,"7219 Hanover Pkwy Ste B Greenbelt, MD (38.989434, -76.878254)",MD,State & Community-Based Models,260,
Maryland Total Cost of Care Model,Potomac Physician Associates - Germantown,"19735 Germantown Rd Ste 100 Germantown, MD (39.180065, -77.264564)",MD,State & Community-Based Models,261,
Maryland Total Cost of Care Model,Seton Medical Group - Ellicott City,"2850 North Ridge Rd Ste 103 Ellicott City, MD (39.291471, -76.818583)",MD,State & Community-Based Models,262,
Maryland Total Cost of Care Model,UMC MG Primary Care Easton,"500 Cadmus Lane Ste 211 Easton, MD (38.76288, -76.070469)",MD,State & Community-Based Models,263,
Maryland Total Cost of Care Model,Calvert Internal Medicine Group - Dunkirk,"10845 Town Center Blvd. Ste 204 Dunkirk, MD (38.725563, -76.657831)",MD,State & Community-Based Models,264,
Maryland Total Cost of Care Model,"Dr. Luis A. Casas, M.D.","14201 Laurel Park Dr Ste 103 Laurel, MD (39.085376, -76.879445)",MD,State & Community-Based Models,265,
Maryland Total Cost of Care Model,"Syed A. Sadiq, M.D.","14333 Laurel Bowie Rd Ste 208 Laurel, MD (39.086922, -76.846852)",MD,State & Community-Based Models,266,
Maryland Total Cost of Care Model,Seton Medical Group - Foster Avenue,"2801 Foster Avenue Baltimore, MD (39.28418, -76.576722)",MD,State & Community-Based Models,267,
Maryland Total Cost of Care Model,MMG at North  Parkville Health Center,"9512 Harford Rd. Ste 201 Baltimore, MD (39.393901, -76.524852)",MD,State & Community-Based Models,268,
Maryland Total Cost of Care Model,Seton Medical Group - Marriottsville,"2400 Longstone Lane Ste 106 Marriottsville, MD (39.30839, -76.897456)",MD,State & Community-Based Models,269,
Maryland Total Cost of Care Model,JHCP Internal Medicine at Johns Hopkins Bayview Medical Center,"4940 Eastern Avenue 301 Building, Suite 1100 Baltimore, MD (39.287285, -76.552134)",MD,State & Community-Based Models,270,
Maryland Total Cost of Care Model,MMG at Ridge Road,"7106 Ridge Rd Ste B Rosedale, MD (39.35103, -76.485555)",MD,State & Community-Based Models,271,
Maryland Total Cost of Care Model,Seton Medical Group - Pine Heights,"1001 Pine Heights Avenue Ste 205 Baltimore, MD (39.270542, -76.67614)",MD,State & Community-Based Models,272,
Maryland Total Cost of Care Model,Seton Medical Group  - Wilkens Avenue,"3449 Wilkens Avenue Ste 300 Baltimore, MD (39.272226, -76.676107)",MD,State & Community-Based Models,273,
Maryland Total Cost of Care Model,MMG Family Practice  at Olney,"18109 Prince Philip Dr Ste B200 Olney, MD (39.154266, -77.056978)",MD,State & Community-Based Models,274,
Maryland Total Cost of Care Model,MMG at Prince Philip,"18111 Prince Philip Dr. Ste 207 Olney, MD (39.154398, -77.05704)",MD,State & Community-Based Models,275,
Maryland Total Cost of Care Model,Atlantic General Hospital Corporation,"1001 Philadelphia Avenue Ocean City, MD (38.340912, -75.081184)",MD,State & Community-Based Models,276,
Maryland Total Cost of Care Model,"Petek Donmez, M.D., PC","11125 Rockville Pike Ste 308 Rockville, MD (39.038527, -77.108607)",MD,State & Community-Based Models,277,
Maryland Total Cost of Care Model,"Saba Siddiqi, M.D., PA","9106 Philadelphia Rd Suite 204 Rosedale, MD (39.347031, -76.472955)",MD,State & Community-Based Models,278,
Maryland Total Cost of Care Model,"Maryland Family Care, Inc.","7602 Belair Road Baltimore, MD (39.365795, -76.518222)",MD,State & Community-Based Models,279,
Maryland Total Cost of Care Model,JHU Comprehensive Care Practice at Johns Hopkins Bayview Medical Center,"5200 Eastern Avenue Ste 2200 Baltimore, MD (39.287303, -76.551624)",MD,State & Community-Based Models,280,
Maryland Total Cost of Care Model,"Matcare, LLC","133 Defense Hwy Ste 111 Annapolis, MD (38.985435, -76.552837)",MD,State & Community-Based Models,281,
Maryland Total Cost of Care Model,River Family Physicians,"555 Cynwood Drive Easton, MD (38.760984, -76.063896)",MD,State & Community-Based Models,282,
Maryland Total Cost of Care Model,"Medical Practices of Antietam, LLC","22911 Jefferson Blvd Smithsburg, MD (39.647177, -77.569655)",MD,State & Community-Based Models,283,
Maryland Total Cost of Care Model,"Medical Practices of Antietam, LLC","11110 Medical Campus Road Ste 150 Hagerstown, MD (39.622808, -77.681181)",MD,State & Community-Based Models,284,
Maryland Total Cost of Care Model,Upper Chesapeake Primary Care - Swan Creek,"2027 Pulaski Highway Ste 203 Havre de Grace, MD (39.528125, -76.130713)",MD,State & Community-Based Models,285,
Maryland Total Cost of Care Model,MMG at Mitchellville,"12158 Central Ave Mitchellville, MD (38.899429, -76.796042)",MD,State & Community-Based Models,286,
Maryland Total Cost of Care Model,"Rakesh Arora, M.D., F.A.A., F.P., P.A.","14300 Gallant Fox Lane Ste 222 Bowie, MD (38.97246, -76.757731)",MD,State & Community-Based Models,287,
Maryland Total Cost of Care Model,"Dr. Swaroop G. Rao, M.D.","50 W Edmonston Dr Ste 504 Rockville, MD (39.073933, -77.136531)",MD,State & Community-Based Models,288,
Maryland Total Cost of Care Model,"Medpeds, LLC","7350 Van Dusen Road Ste 110 Laurel, MD (39.08525, -76.880832)",MD,State & Community-Based Models,289,
Maryland Total Cost of Care Model,"MedStar Shah Medical Group, Philip J. Bean Medical Center","24035 Three Notch Road Hollywood, MD (38.327483, -76.551878)",MD,State & Community-Based Models,290,
Maryland Total Cost of Care Model,MMG at Camp Springs,"5801 Allentown Rd. Ste 510 Camp Springs, MD (38.808524, -76.898125)",MD,State & Community-Based Models,291,
Maryland Total Cost of Care Model,MMG at Bethesda,"6410 Rockledge Dr Ste 401 Bethesda, MD (39.023917, -77.132661)",MD,State & Community-Based Models,292,
Maryland Total Cost of Care Model,MMG at Hyattsville,"6401 America Blvd. Ste 203 Hyattsville, MD (38.967055, -76.952207)",MD,State & Community-Based Models,293,
Maryland Total Cost of Care Model,"Maryland Family Care, Inc.","301 Saint Paul St #519 Pob Suite Baltimore, MD (39.292358, -76.613527)",MD,State & Community-Based Models,294,
Maryland Total Cost of Care Model,MMG Primary Care at Clinton,"10403 Hospital Drive Ste 103 Clinton, MD (38.744697, -76.877256)",MD,State & Community-Based Models,295,
Maryland Total Cost of Care Model,Annapolis Primary Care,"2002 Medical Pkwy Ste 670 Annapolis, MD (38.991064, -76.53696)",MD,State & Community-Based Models,296,
Maryland Total Cost of Care Model,JHH John G. Bartlett Specialty Practice,"1717 E. Monument Street Baltimore, MD (39.298479, -76.592264)",MD,State & Community-Based Models,297,
Maryland Total Cost of Care Model,MMG Primary Care at Fort Washington,"900 E. Swann Creek Rd Ft. Washington, MD (38.724584, -77.01983)",MD,State & Community-Based Models,298,
Maryland Total Cost of Care Model,MMG Primary Care at Upper Marlboro,"6409 Crain Hwy Upper Marlboro, MD (38.801161, -76.753539)",MD,State & Community-Based Models,299,
Maryland Total Cost of Care Model,"David A. Charles, M.D., PA","15200 Shady Grove Rd Ste 307 Rockville, MD (39.104564, -77.190606)",MD,State & Community-Based Models,300,
Maryland Total Cost of Care Model,"Maryland Family Care, Inc.","301 Saint Paul St #402 Pob Suite Baltimore, MD (39.292358, -76.613527)",MD,State & Community-Based Models,301,
Maryland Total Cost of Care Model,"Gul Chablani, M.D., PC","19785 Crystal Rock Drive Suite 310 Germantown, MD (39.180438, -77.261786)",MD,State & Community-Based Models,302,
Maryland Total Cost of Care Model,"Maryland Family Care, Inc.","301 Saint Paul St #519 Pob Suite Baltimore, MD (39.292358, -76.613527)",MD,State & Community-Based Models,303,
Maryland Total Cost of Care Model,"Maryland Family Care, Inc.","301 Saint Paul St #603 Pob Suite Baltimore, MD (39.292358, -76.613527)",MD,State & Community-Based Models,304,
Maryland Total Cost of Care Model,"Maryland Family Care, Inc.","301 Saint Paul St #601 Pob Suite Baltimore, MD (39.292358, -76.613527)",MD,State & Community-Based Models,305,
Maryland Total Cost of Care Model,"Maryland Family Care, Inc.","301 Saint Paul St #3 Baltimore, MD (39.292358, -76.613527)",MD,State & Community-Based Models,306,
Maryland Total Cost of Care Model,"Maryland Family Care, Inc.","301 Saint Paul St #422 Pob Suite Baltimore, MD (39.292358, -76.613527)",MD,State & Community-Based Models,307,
Maryland Total Cost of Care Model,"Maryland Family Care, Inc.","301 Saint Paul St #907 Pob Suite Baltimore, MD (39.292358, -76.613527)",MD,State & Community-Based Models,308,
Maryland Total Cost of Care Model,SMMG Campsprings,"5801 Allentown Rd Ste 400 Camp Springs, MD (38.808524, -76.898125)",MD,State & Community-Based Models,309,
Maryland Total Cost of Care Model,"Crain Medical, PA","1600 Crain Hwy S Ste 610 Glen Burnie, MD (39.143873, -76.631785)",MD,State & Community-Based Models,310,
Maryland Total Cost of Care Model,JH Bayview Medical Center Beacham Center for Geriatric Medicine,"5505 Hopkins Bayview Circle Ste 02 Baltimore, MD (39.290029, -76.549646)",MD,State & Community-Based Models,311,
Maryland Total Cost of Care Model,"Raman Tul, M.D., PC","10810 Darnestown Rd Ste 202 Gaithersburg, MD (39.103027, -77.222751)",MD,State & Community-Based Models,312,
Maryland Total Cost of Care Model,Dimensions Healthcare Assocites,"2900 Mercy Lane Cheverly, MD (38.929515, -76.921481)",MD,State & Community-Based Models,313,
Maryland Total Cost of Care Model,Village Square Family Practice,"11042 Nicholas Ln Ste B102 Berlin, MD (38.375901, -75.161614)",MD,State & Community-Based Models,314,
Maryland Total Cost of Care Model,MedStar Shah Medical Group Shanti Medical Center,"26840 Point Lookout Road Leonardtown, MD (38.321421, -76.67325)",MD,State & Community-Based Models,315,
Maryland Total Cost of Care Model,MedStar Shah Medical Group/  St. Mary's Medical Center at Charlotte Hall,"37767 Market Dr Unit 200 Charlotte Hall, MD (38.494497, -76.771489)",MD,State & Community-Based Models,316,
Maryland Total Cost of Care Model,"Ellicott Primary Care Physicians, PA","10910 Little Patuxent Pkwy Ste 200 Columbia, MD (39.216535, -76.880796)",MD,State & Community-Based Models,317,
Maryland Total Cost of Care Model,MedStar Shah Medical Group/Medical Arts Building,"22650 Cedar Lane Court Leonardtown, MD (38.289552, -76.624954)",MD,State & Community-Based Models,318,
Maryland Total Cost of Care Model,Upper Chesapeake Primary Care - Forest Hill,"2 Colgate Drive Ste 103 Forest Hill, MD (39.571544, -76.380297)",MD,State & Community-Based Models,319,
Maryland Total Cost of Care Model,MedStar Shah Medical Group/ J. Patrick Jarboe Medical Center,"22590 Shady Court California, MD (38.285672, -76.48047)",MD,State & Community-Based Models,320,
Maryland Total Cost of Care Model,MedStar Shah Medical Group/Calvert Medical Arts Center,"130 Hospital Road Ste 300 Prince Frederick, MD (38.561036, -76.595894)",MD,State & Community-Based Models,321,
Maryland Total Cost of Care Model,Harford Primary Care - Winters Run,"615 W MacPhail Road Ste 106 Bel Air, MD (39.520749, -76.347359)",MD,State & Community-Based Models,322,
Maryland Total Cost of Care Model,"Five Star Physician Services, LLC","901 Elkridge Landing Road Ste 100 Linthicum Heights, MD (39.201534, -76.685501)",MD,State & Community-Based Models,323,
Maryland Total Cost of Care Model,"Primary Health & Wellness Center, LLC","9055 Chevrolet Drive Ste 103 Ellicott City, MD (39.275267, -76.824478)",MD,State & Community-Based Models,324,
Maryland Total Cost of Care Model,"Michael A.Randolph, M.D., PC","200 E 33rd St Ste 136 Baltimore, MD (39.328196, -76.614907)",MD,State & Community-Based Models,325,
Maryland Total Cost of Care Model,"Anita Khandelwal, M.D., PA","3001 South Hanover Street Gruehn Building Suite 210 Baltimore, MD (39.251349, -76.615048)",MD,State & Community-Based Models,326,
Maryland Total Cost of Care Model,"Tahmina K. Ahmed M.D., PC","831 University Blvd E Ste 27 Silver Spring, MD (38.994542, -76.992843)",MD,State & Community-Based Models,327,
Maryland Total Cost of Care Model,Johns Hopkins University General Internal Medicine at Green Spring Station,"10753 Falls Road Suite 325 Lutherville, MD (39.419917, -76.669882)",MD,State & Community-Based Models,328,
Maryland Total Cost of Care Model,Calvert Internal Medicine Group - Solomons,"14090 Hg Trueman Rd Ste 2500 Solomons, MD (38.332827, -76.465851)",MD,State & Community-Based Models,329,
Maryland Total Cost of Care Model,"Ms. Shariff, M.D., PA","503 Byrn Street Cambridge, MD (38.569849, -76.064991)",MD,State & Community-Based Models,330,
Maryland Total Cost of Care Model,MedStar Shah Medical Group/  Fort Washington Medical Center,"11701 Livingston Road Stes 101 Fort Washington, MD (38.729217, -76.991829)",MD,State & Community-Based Models,331,
Maryland Total Cost of Care Model,"Vivek Vaid, M.D., PA","3301 Toledo Terrace B102 Hyattsville, MD (38.967686, -76.962204)",MD,State & Community-Based Models,332,
Maryland Total Cost of Care Model,MedStar Shah Medical Group/Fort Washington Medical Center Annex,"950 East Swan Creek Road Fort Washington, MD (38.724977, -76.992385)",MD,State & Community-Based Models,333,
Maryland Total Cost of Care Model,"Baltimore Healthcare, PC","3350 Wilkens Ave Ste 307 Baltimore, MD (39.273372, -76.672785)",MD,State & Community-Based Models,334,
Maryland Total Cost of Care Model,MedStar Shah Medical Group/Waldorf Old Line Center,"12070 Old Line Center Stes 100 Waldorf, MD (38.615874, -76.89101)",MD,State & Community-Based Models,335,
Maryland Total Cost of Care Model,"ULNACS Medical Care, PC","7517 New Hampshire Avenue Takoma Park, MD (38.984825, -76.988132)",MD,State & Community-Based Models,336,
Maryland Total Cost of Care Model,"Joseph Angelo, M.D., LLC","208 Plumtree Rd Ste D Bel Air, MD (39.501451, -76.330671)",MD,State & Community-Based Models,337,
Maryland Total Cost of Care Model,MedStar Shah Medical Group/Crofton Medical Center,"2200 Defense Hwy Ste 103 Crofton, MD (38.991955, -76.700724)",MD,State & Community-Based Models,338,
Maryland Total Cost of Care Model,MedStar Shah Medical Group/Mechanicsville Medical Center,"28030 Old Village Road Mechanicsville, MD (38.440205, -76.739828)",MD,State & Community-Based Models,339,
Maryland Total Cost of Care Model,"Plotsky Medical Associates, PC","15225 Shady Grove Rd Ste 102 Rockville, MD (39.106301, -77.189986)",MD,State & Community-Based Models,340,
Maryland Total Cost of Care Model,Truecare Medical Group,"9512 Harford Rd Ste 4 Baltimore, MD (39.393901, -76.524852)",MD,State & Community-Based Models,341,
Maryland Total Cost of Care Model,"Howard K. Schultz Jr., M.D.","1438 Defense Highway Ste 201 Gambrills, MD (38.992143, -76.679651)",MD,State & Community-Based Models,342,
Maryland Total Cost of Care Model,"Mukemil Abdella, M.D., LLC","12200 Annapolis Road Ste 229 Glenn Dale, MD (38.963249, -76.794735)",MD,State & Community-Based Models,343,
Maryland Total Cost of Care Model,"Metropolitan Medical Consulting, LLC","4000 Mitchelville Road Ste B424 Bowie, MD (38.945366, -76.722696)",MD,State & Community-Based Models,344,
Maryland Total Cost of Care Model,Chapman and Associates Health Care,"922 National Highway LaVale, MD (39.64568, -78.821168)",MD,State & Community-Based Models,345,
Maryland Total Cost of Care Model,"Dr. Nirmaladevi Jayanthan, M.D., PA","3328 Old Washington Rd Waldorf, MD (38.620709, -76.912381)",MD,State & Community-Based Models,346,
Maryland Total Cost of Care Model,Atlantic General Hospital Corporation,"10344 Old Ocean City Boulevard, Suite B Berlin, MD (38.338871, -75.203511)",MD,State & Community-Based Models,347,
Maryland Total Cost of Care Model,"Holy Cross Health, Inc.","201 Russell Avenue Gaithersburg, MD (39.145339, -77.197225)",MD,State & Community-Based Models,348,
Maryland Total Cost of Care Model,Atlantic General Hospital Corporation,"11107 Racetrack Road Berlin, MD (38.382438, -75.174438)",MD,State & Community-Based Models,349,
Maryland Total Cost of Care Model,Atlantic General Hospital Corporation,"500 Market St Ste 101 Pocomoke, MD (38.072751, -75.564599)",MD,State & Community-Based Models,350,
Maryland Total Cost of Care Model,"Holy Cross Health, Inc.","3720 Farragut Avenue 2nd Floor Kensington, MD (39.031937, -77.074162)",MD,State & Community-Based Models,351,
Maryland Total Cost of Care Model,Atlantic General Hospital Corporation,"12308 Ocean Gtwy Ste 1 Ocean City, MD (38.339123, -75.128178)",MD,State & Community-Based Models,352,
Maryland Total Cost of Care Model,Johns Hopkins University Medical Clinic at Johns Hopkins Outpatient Center,"601 N Caroline St 7th Floor Baltimore, MD (39.297209, -76.597546)",MD,State & Community-Based Models,353,
Maryland Total Cost of Care Model,"Lois Ann Narr, DO, LLC","100 Bramble St Ste 3 Cambridge, MD (38.563057, -76.067285)",MD,State & Community-Based Models,354,
Maryland Total Cost of Care Model,Harford Primary Care - Box Hill,"3401 Box Hill Corporate Center Dr Ste 100 Abingdon, MD (39.469238, -76.304887)",MD,State & Community-Based Models,355,
Maryland Total Cost of Care Model,"Prime Medicine, LLC","12150 Annapolis Rd Ste 308 Glenn Dale, MD (38.963667, -76.794309)",MD,State & Community-Based Models,356,
Maryland Total Cost of Care Model,"Medical Practices of Antietam, LLC","3 Byrkit Drive Williamsport, MD (39.600945, -77.807823)",MD,State & Community-Based Models,357,
Maryland Total Cost of Care Model,"Med-Ped Health Care, LLC","6201 Greenbelt Rd M-16 Berwyn Heights, MD (38.996978, -76.906746)",MD,State & Community-Based Models,358,
Maryland Total Cost of Care Model,"Medical Practices of Antietam, LLC","11110 Medical Campus Road Ste 107 Hagerstown, MD (39.622808, -77.681181)",MD,State & Community-Based Models,359,
Maryland Total Cost of Care Model,"Daniel R. Howard, M.D., PA","405 N Paca St Baltimore, MD (39.294139, -76.62257)",MD,State & Community-Based Models,360,
Maryland Total Cost of Care Model,Bala Family Practice,"2021 Emmorton Rd Ste 210 Bel Air, MD (39.500958, -76.326162)",MD,State & Community-Based Models,361,
Maryland Total Cost of Care Model,MedStar Medical Group at St. Mary's,"41680 Miss Bessie Dr. Ste 301 Leonardtown, MD (38.302519, -76.635419)",MD,State & Community-Based Models,362,
Maryland Total Cost of Care Model,"Medical Practices of Antietam, LLC","24 N. Walnut Street Hagerstown, MD (39.645284, -77.724736)",MD,State & Community-Based Models,363,
Maryland Total Cost of Care Model,Harford Primary Care - Harford Medical Associates,"2 North Avenue Ste 101 Bel Air, MD (39.551317, -76.363358)",MD,State & Community-Based Models,364,
Maryland Total Cost of Care Model,Plumtree Family Health Center,"104 Plumtree Rd Ste 102 Bel Air, MD (39.501908, -76.329094)",MD,State & Community-Based Models,365,
Maryland Total Cost of Care Model,"Huma Shakil, M.D., PA","625 Kent Ave Ste 204 Cumberland, MD (39.641229, -78.752025)",MD,State & Community-Based Models,366,
Maryland Total Cost of Care Model,"Primary Medicine, LLC","14205 Park Center Dr Ste 202 Laurel, MD (39.084762, -76.877995)",MD,State & Community-Based Models,367,
Maryland Total Cost of Care Model,"Medical Practice of Antietam, LLC","13424 Pennsylvania Ave Ste 101 Hagerstown, MD (39.683085, -77.720572)",MD,State & Community-Based Models,368,
Maryland Total Cost of Care Model,Family Health Center at Medstar Franklin Square,"9101 Franklin Square Drive Ste 300 Baltimore, MD (39.350509, -76.478421)",MD,State & Community-Based Models,369,
Maryland Total Cost of Care Model,"Medical Practices of Antietam, LLC","11110 Medical Campus Road Ste 143 Hagerstown, MD (39.622808, -77.681181)",MD,State & Community-Based Models,370,
Maryland Total Cost of Care Model,"Bayside Internal Medicine, LLC","998 Hospitality Way, Suite 102 Aberdeen, MD (39.523824, -76.185394)",MD,State & Community-Based Models,371,
Maryland Total Cost of Care Model,Harford Primary Care - Dr. Dhanjani,"622 S Union Ave Havre de Grace, MD (39.541655, -76.091483)",MD,State & Community-Based Models,372,
Maryland Total Cost of Care Model,"Shawn Dhillon, M.D., PC","3333 North Calvert Street Ste 555 Baltimore, MD (39.328639, -76.614944)",MD,State & Community-Based Models,373,
Maryland Total Cost of Care Model,"Montgomery Medical Associates, PC","10110 Molecular Drive Ste 206 Rockville, MD (39.092245, -77.209781)",MD,State & Community-Based Models,374,
Maryland Total Cost of Care Model,Primary Care Center at Medstar Franklin Square Medical Center,"9000 Franklin Square Drive Ste 2CA Baltimore, MD (39.350335, -76.481012)",MD,State & Community-Based Models,375,
Maryland Total Cost of Care Model,UM Community Medical Group at Hanover,"7556 Teague Road Ste 450 Hanover, MD (39.153123, -76.718868)",MD,State & Community-Based Models,376,
Maryland Total Cost of Care Model,MedStar Harbor Primary Care,"3001 S Hanover St Ste 302 Baltimore, MD (39.251349, -76.615048)",MD,State & Community-Based Models,377,
Maryland Total Cost of Care Model,"Biondo & Sim, PA","251 Lewis Ln Ste 201 Havre de Grace, MD (39.545763, -76.105918)",MD,State & Community-Based Models,378,
Maryland Total Cost of Care Model,MedStar Harbor Primary Care Federal Hill,"1420 Key Highway Ste 301 Baltimore, MD (39.273089, -76.601033)",MD,State & Community-Based Models,379,
Maryland Total Cost of Care Model,UM Community Medical Group at Heritage Crossing,"312 Martin Luther King Jr Blvd Ste 302 Baltimore, MD (39.293185, -76.627932)",MD,State & Community-Based Models,380,
Maryland Total Cost of Care Model,MedStar Union Memorial Adult Medicine Center,"200 E. 33rd Street Ste 329 Baltimore, MD (39.328196, -76.614907)",MD,State & Community-Based Models,381,
Maryland Total Cost of Care Model,Motamedi and Associates Internal Medicine,"17904 Georgia Avenue Suite #110 Olney, MD (39.150026, -77.066891)",MD,State & Community-Based Models,382,
Maryland Total Cost of Care Model,MedStar Union Memorial Adult Medicine Specialists at Bauernschmidt,"3304 Guilford  Ave Ste 550 Baltimore, MD (39.328491, -76.613545)",MD,State & Community-Based Models,383,
Maryland Total Cost of Care Model,MedStar Union Memoral Hospital Adult Medicine Specialists,"3730 Falls Rd. Baltimore, MD (39.333582, -76.635763)",MD,State & Community-Based Models,384,
Maryland Total Cost of Care Model,Good Samaritan Medical Faculty Practice,"5601 Loch Raven Blvd Rusell Morgan Ste 500 Baltimore, MD (39.359301, -76.588684)",MD,State & Community-Based Models,385,
Maryland Total Cost of Care Model,"Lanham Internal Medicine Associates, LLC","7205 Hanover Pkwy Ste B Greenbelt, MD (38.989183, -76.878257)",MD,State & Community-Based Models,386,
Maryland Total Cost of Care Model,Internal Medicine Specialists at Medstar Good Samaritan Hospital,"5601 Loch Raven Boulevard, Smyth Bldg Suite 207 Baltimore, MD (39.359301, -76.588684)",MD,State & Community-Based Models,387,
Maryland Total Cost of Care Model,GBMC at Texas Station,"1 Texas Station Court Ste 210 Lutherville, MD (39.45782, -76.640707)",MD,State & Community-Based Models,388,
Maryland Total Cost of Care Model,Family Medical Center,"1502 S. Main Street Suite 104 Ste 104 Mt. Airy, MD (39.3649, -77.166014)",MD,State & Community-Based Models,389,
Maryland Total Cost of Care Model,"Primary Care Physicians, LLC","2905 Mitchellville Road Ste 104 Bowie, MD (38.930079, -76.734365)",MD,State & Community-Based Models,390,
Maryland Total Cost of Care Model,Everest Medical Center,"1604 Market St Pocomoke City, MD (38.062818, -75.550592)",MD,State & Community-Based Models,391,
Maryland Total Cost of Care Model,Calvert Health Primary Care Solomons,"14090 Solomons Island Road S Solomons, MD (38.332827, -76.465851)",MD,State & Community-Based Models,392,
Maryland Total Cost of Care Model,Calvert Health Primary Care Twin Beaches,"8924 Chesapeake Avenue North Beach, MD (38.705113, -76.53317)",MD,State & Community-Based Models,393,
Maryland Total Cost of Care Model,Calvert Health Primary Care Prince Frederick,"110 Hospital Road Medical Office Building, Ste 111 Prince Frederick, MD (38.559157, -76.595084)",MD,State & Community-Based Models,394,
Maryland Total Cost of Care Model,"Michael E. Leibowitz, M.D., PC","11120 New Hampshire Ave Ste 305 Silver Spring, MD (39.038177, -76.98999)",MD,State & Community-Based Models,395,
Maryland Total Cost of Care Model,"Shankar C. Naganna, M.D., PA","686 Poole Rd Suite A Westminster, MD (39.555473, -76.981366)",MD,State & Community-Based Models,396,
Maryland Total Cost of Care Model,"Prafullkumar Patel, M.D.","4600 Ritchie Highway Brooklyn Park, MD (39.228235, -76.613333)",MD,State & Community-Based Models,397,
Maryland Total Cost of Care Model,"Tansinda Medical Associates, PA","3455 Wilkens Avenue SUITE #204 BALTIMORE, MD (39.272056, -76.676657)",MD,State & Community-Based Models,398,
Maryland Total Cost of Care Model,Gilchrist Elder Medical Care,"6701 North Charles Avenue Baltimore, MD (39.393497, -76.628092)",MD,State & Community-Based Models,399,
Maryland Total Cost of Care Model,"Jassi Primary Care, PA","325 Hospital Dr 205 GLEN BURNIE, MD (39.140261, -76.626499)",MD,State & Community-Based Models,400,
Maryland Total Cost of Care Model,"Carroll Health Group, LLC","504 E Ridgeville Blvd Suite 110 Mt. Airy, MD (39.363068, -77.159519)",MD,State & Community-Based Models,401,
Maryland Total Cost of Care Model,"Pankaj Talwar, M.D.","50 W Edmonston Drive Suite 401 Rockville, MD (39.073933, -77.136531)",MD,State & Community-Based Models,402,
Maryland Total Cost of Care Model,"Mahesh S. Ochaney, M.D.","325 Hospital Drive Suite 208 Glen Burnie, MD (39.140261, -76.626499)",MD,State & Community-Based Models,403,
Maryland Total Cost of Care Model,"Kartik J. Desai, M.D., PC","3290 N. Ridge Rd Suite 100 Ellicott City, MD (39.280732, -76.81738)",MD,State & Community-Based Models,404,
Maryland Total Cost of Care Model,"Chesapeake Wellness Center, LLC","251 South Bohemia Avenue Cecilton, MD (39.39983, -75.870785)",MD,State & Community-Based Models,405,
Maryland Total Cost of Care Model,"Dr. Ajay Reddy, LLC","3200 Toweroaks Blvd Suite #110 Rockville, MD (39.057138, -77.15059)",MD,State & Community-Based Models,406,
Maryland Total Cost of Care Model,"Opal Medical Group, PA","1126 Opal Court Hagerstown, MD (39.63554, -77.694726)",MD,State & Community-Based Models,407,
Maryland Total Cost of Care Model,"Rochelle S. Hardy, M.D., P.C.","7404 Executive Pl Suite 502 Lanham, MD (38.991891, -76.825643)",MD,State & Community-Based Models,408,
Maryland Total Cost of Care Model,Atlantic General Hospital Corporation,"12308 Ocean Gateway, Unit 8 Ocean City, MD (38.339123, -75.128178)",MD,State & Community-Based Models,409,
Maryland Total Cost of Care Model,"Kauser F. Khan, M.D., PA","2 W Rolling Crossroads Suite 106 Catonsville, MD (39.305635, -76.752539)",MD,State & Community-Based Models,410,
Maryland Total Cost of Care Model,"Neil E. Lattin, M.D., LLC","101 Colonial Way Rising Sun,, MD (39.694671, -76.055821)",MD,State & Community-Based Models,411,
Maryland Total Cost of Care Model,"Village Green Primary Care, LLC","1684 Village Green Lower Level Crofton, MD (39.006414, -76.697166)",MD,State & Community-Based Models,412,
Maryland Total Cost of Care Model,"Bhawna Bahethi, MD","1600 Crain Highway South Suite 501 Glen Burnie, MD (39.143873, -76.631785)",MD,State & Community-Based Models,413,
Maryland Total Cost of Care Model,"Carol E. Ritter, M.D., PA","1122 Kenilworth Dr Suite 401 Towson, MD (39.413542, -76.629223)",MD,State & Community-Based Models,414,
Maryland Total Cost of Care Model,UM CMG Primary Care at Galena,"119-C North Main Street Galena, MD (39.342436, -75.879229)",MD,State & Community-Based Models,415,
Maryland Total Cost of Care Model,Peninsula Regional Family Medicine Salisbury,"145 East Carroll Street Suites 101-102 Salisbury, MD (38.363101, -75.598007)",MD,State & Community-Based Models,416,
Maryland Total Cost of Care Model,"Civista Clinical Services, LLC","5 North La Plata Court Suite 101 La Plata, MD (38.55521, -76.976915)",MD,State & Community-Based Models,417,
Maryland Total Cost of Care Model,"Tyra D. Kane, M.D.","85 Thomas Johnson Court Suite C Frederick, MD (39.448498, -77.402897)",MD,State & Community-Based Models,418,
Maryland Total Cost of Care Model,Doctors Community Practices at Bowie,"4000 Mitchellville Road Suite 422 Bowie, MD (38.945366, -76.722696)",MD,State & Community-Based Models,419,
Maryland Total Cost of Care Model,"Primary and Alternative Medicine Cente,r PA","11161 New Hampshire Ave 102 Silver Spring, MD (39.03915, -76.990216)",MD,State & Community-Based Models,420,
Maryland Total Cost of Care Model,"Menon Medical Center, LLC","10605 Concord Street Suite 300 Kensington, MD (39.030446, -77.074956)",MD,State & Community-Based Models,421,
Maryland Total Cost of Care Model,"Oleg Shpak, M.D., PA","9470 Annapolis Rd Lanham, MD (38.964964, -76.842543)",MD,State & Community-Based Models,422,
Maryland Total Cost of Care Model,Saluja Medical Associates,"6821 Reisterstown Road, Suite 106 Baltimore, MD (39.359933, -76.707222)",MD,State & Community-Based Models,423,
Maryland Total Cost of Care Model,Omni Health Management Group,"20 Watkins Park Upper Marlboro, MD (38.898716, -76.79128)",MD,State & Community-Based Models,424,
Maryland Total Cost of Care Model,"Premier Healthcare Services, LLC","10110 Molecular Drive Ste 101 Rockville, MD (39.092245, -77.209781)",MD,State & Community-Based Models,425,
Maryland Total Cost of Care Model,"Sambandam Baskaran, M.D., PA","3455 Wilkens Ave. LL10 Baltimore, MD (39.272056, -76.676657)",MD,State & Community-Based Models,426,
Maryland Total Cost of Care Model,Shahid Mahmood Family Practice,"1124 Opal Ct Hagerstown, MD (39.635584, -77.694828)",MD,State & Community-Based Models,427,
Maryland Total Cost of Care Model,Aberdeen Family Practice,"9 Aberdeen Shopping Plaza Aberdeen, MD (39.522092, -76.189753)",MD,State & Community-Based Models,428,
Maryland Total Cost of Care Model,Pansuriya Clinical Corporation,"349 Malcolm Drive Westminster, MD (39.563387, -76.97754)",MD,State & Community-Based Models,429,
Maryland Total Cost of Care Model,"Praveen K. Gupta, M.D., LLC","50 West Edmonston Dr #202 Rockville, MD (39.073933, -77.136531)",MD,State & Community-Based Models,430,
Maryland Total Cost of Care Model,M Rita Ghosh MD PC,"15200 Shady Grove Rd Suite 400 Rockville, MD (39.104564, -77.190606)",MD,State & Community-Based Models,431,
Maryland Total Cost of Care Model,"Komal K. Dang, M.D.","3455 Wilkens Ave Baltimore, MD (39.272056, -76.676657)",MD,State & Community-Based Models,432,
Maryland Total Cost of Care Model,"Suresh K. Gupta, M.D., PA","9801 Georgia Ave Silver Spring, MD (39.017085, -77.043129)",MD,State & Community-Based Models,433,
Maryland Total Cost of Care Model,"Sajjad Aziz, M.D., PA","801 Toll House Avenue Suite C-3 Frederick, MD (39.425798, -77.414231)",MD,State & Community-Based Models,434,
Maryland Total Cost of Care Model,"Mohammad A. Khalid, M.D., PC","2730 University Blvd W #1000 Wheaton, MD (39.039624, -77.056023)",MD,State & Community-Based Models,435,
Maryland Total Cost of Care Model,"Sinai Hospital of Baltimore, Inc.","2700 Quarry Lake Drive Suite 280 Baltimore, MD (39.384113, -76.691908)",MD,State & Community-Based Models,436,
Maryland Total Cost of Care Model,"Wasim Fakhar, M.D., PA","417 East Baltimore Street Suite D Taneytown, MD (39.652929, -77.165061)",MD,State & Community-Based Models,437,
Maryland Total Cost of Care Model,"Eveit E. Gobrial, M.D., LLC","2 East Rolling Crossroads #56 Catonsville, MD (39.305686, -76.752483)",MD,State & Community-Based Models,438,
Maryland Total Cost of Care Model,"Mikhail Gendel Family Practice, LLC","16220 Frederick Road Suite 200 Gathersburg, MD (39.121854, -77.17674)",MD,State & Community-Based Models,439,
Maryland Total Cost of Care Model,"LifeBridge Suburban Group, LLC/LifeBridge Primary Care of North Carroll, LL","4231 North Woods Trail Road Hampstead, MD (39.596445, -76.844772)",MD,State & Community-Based Models,440,
Maryland Total Cost of Care Model,"Lower Shore Clinic, Inc.","505 E Main Street Salisbury, MD (38.365576, -75.593377)",MD,State & Community-Based Models,441,
Maryland Total Cost of Care Model,"LifeBridge Suburban Physicians Group, LLC","849 Fairmount Avenue Suite 100 B Towson, MD (39.405576, -76.59876)",MD,State & Community-Based Models,442,
Maryland Total Cost of Care Model,"LifeBridge Suburban Physicians Group, LLC","913 Ridgebrook Road Suite 312 Sparks, MD (39.524787, -76.651607)",MD,State & Community-Based Models,443,
Maryland Total Cost of Care Model,"Ashvin J. Patel, M.D., PA","102 Paul Mellon Court Suite 102 WALDORF, MD (38.61511, -76.905326)",MD,State & Community-Based Models,444,
Maryland Total Cost of Care Model,"LifeBridge Suburban Physicians Group, LLC","6355 Ten Oaks Road Suite 202 Clarksville, MD (39.206404, -76.944339)",MD,State & Community-Based Models,445,
Maryland Total Cost of Care Model,"LifeBridge Suburban Physicians Group, LLC","1401 Pulaski Highway Suite M Edgewood, MD (39.433732, -76.324449)",MD,State & Community-Based Models,446,
Maryland Total Cost of Care Model,"LifeBridge Suburban Physicians Group, LLC","20 Crossroads Drive Suite 101 Owings Mills, MD (39.398704, -76.752182)",MD,State & Community-Based Models,447,
Maryland Total Cost of Care Model,"LifeBridge Suburban Physicians Group, LLC","2700 Quarry Lake Drive Suite 280 Baltimore, MD (39.384113, -76.691908)",MD,State & Community-Based Models,448,
Maryland Total Cost of Care Model,"LifeBridge Metroprolitan Physicians Group, LLC","711 West 40th Street Suite 212 A Baltimore, MD (39.337102, -76.630595)",MD,State & Community-Based Models,449,
Maryland Total Cost of Care Model,"Physicians Inpatient Care Specialists at Rehabilitative Services, LLC","7250 Parkway Dr. Suite 500 Hanover, MD (39.174035, -76.733071)",MD,State & Community-Based Models,450,
Maryland Total Cost of Care Model,"LifeBridge Suburban Physicians Group, LLC","516 North Rolling Road Suite 108 Catonsville, MD (39.280494, -76.754445)",MD,State & Community-Based Models,451,
Maryland Total Cost of Care Model,"Karen Jill Ciccarelli, M.D.","16605 Kendle Road Williamsport, MD (39.583366, -77.794197)",MD,State & Community-Based Models,452,
Maryland Total Cost of Care Model,"LifeBridge Primary Care of Eldersburg, LLC","1645 Liberty Road Suite 204 Eldersburg, MD (39.400572, -76.93877)",MD,State & Community-Based Models,453,
Maryland Total Cost of Care Model,Optimal Medical Care,"11119 Rockville Pike Suite 316 Rockville, MD (39.038913, -77.108808)",MD,State & Community-Based Models,454,
Maryland Total Cost of Care Model,"Sinai Hospital of Baltimore, Inc.","12221 Tullamore Road Lutherville, MD (39.458696, -76.665375)",MD,State & Community-Based Models,455,
Maryland Total Cost of Care Model,"G Medicine, LLC","9135 Piscataway Rd Suite 420 Clinton, MD (38.764479, -76.903146)",MD,State & Community-Based Models,456,
Maryland Total Cost of Care Model,MedStar Medical Group at Forest Hill,"1517 Rock Spring Rd. Forest Hill, MD (39.559375, -76.371028)",MD,State & Community-Based Models,457,
Maryland Total Cost of Care Model,MMG Smaldore Family Medicine at Emmorton Rd,"2227 Old Emmorton Road Suite 220 BelAir, MD (39.494759, -76.322674)",MD,State & Community-Based Models,458,
Maryland Total Cost of Care Model,"Yeheyis T. Negussie, M.D., PC","8604 2nd Ave Silver Spring, MD (38.997086, -77.033469)",MD,State & Community-Based Models,459,
Maryland Total Cost of Care Model,"Sobhan Mathew, M.D.","3048 Mitchellville Road Bowie, MD (38.931444, -76.733856)",MD,State & Community-Based Models,460,
Maryland Total Cost of Care Model,"Woodholme Medical Group, LLC","1838 Greene Tree Road Suite 300 Pikesville, MD (39.391222, -76.735402)",MD,State & Community-Based Models,461,
Maryland Total Cost of Care Model,Peninsula Regional Family Medicine Snow Hill,"428 West Market Street Snow Hill, MD (38.168847, -75.400161)",MD,State & Community-Based Models,462,
Maryland Total Cost of Care Model,LifeBridge Health Primary Care at Liberty Road,"8600 Liberty Road Second Floor Randallstown, MD (39.361391, -76.778793)",MD,State & Community-Based Models,463,
Maryland Total Cost of Care Model,Primary Care Associates of Hagerstown,"354 Mill Street Hagerstown, MD (39.633694, -77.718789)",MD,State & Community-Based Models,464,
Maryland Total Cost of Care Model,MedStar Medical Group at St. Clement's,"23511 Hollywood Rd Suite 2 Leonardtown, MD (38.314161, -76.630367)",MD,State & Community-Based Models,465,
Maryland Total Cost of Care Model,"Chestertown Family Medicine, P.A.","6602 Church Hill Road STE 200 Chestertown, MD (39.197373, -76.036958)",MD,State & Community-Based Models,466,
Maryland Total Cost of Care Model,Peninsula Regional Family Medicine Ocean Pines,"11101 Cathage Road Berlin, MD (38.382773, -75.173363)",MD,State & Community-Based Models,467,
Maryland Total Cost of Care Model,"Mateen A. Awan, M.D., LLC","10796 Hickory Ridge Road Columbia, MD (39.210965, -76.886158)",MD,State & Community-Based Models,468,
Maryland Total Cost of Care Model,"Maryland Primary Care Physicians, LLC - Glen Burnie","7711 Quarterfield Road Suite A Glen Burnie, MD (39.147621, -76.639453)",MD,State & Community-Based Models,469,
Maryland Total Cost of Care Model,MedStar Heatlh Center at Brandywine,"13950 Brandywine Rd Suite 125 Brandywine, MD (38.695862, -76.863783)",MD,State & Community-Based Models,470,
Maryland Total Cost of Care Model,MedStar Health Bel Air Medical Campus,"12 MedStar Boulevard Suite 220 Bel Air, MD (39.502858, -76.325884)",MD,State & Community-Based Models,471,
Maryland Total Cost of Care Model,MedStar Greater Annapolis Medical Group,"2003 Medical Parkway Wayson Pavilion Suite 100, MD (38.992363, -76.534744)",MD,State & Community-Based Models,472,
Maryland Total Cost of Care Model,"Marie A. Dobyns, M.D., PA","14409 Greenview Drive Suite 101A Laurel, MD (39.087314, -76.844646)",MD,State & Community-Based Models,473,
Maryland Total Cost of Care Model,Talbot Primary Care,"28438 Marlboro Ave Easton, MD (38.781628, -76.083577)",MD,State & Community-Based Models,474,
Maryland Total Cost of Care Model,"Bellor, Leichtling, Saway & Schneider, PC","5450 Knoll North Dr Ste 180 Columbia, MD (39.224834, -76.840282)",MD,State & Community-Based Models,475,
Maryland Total Cost of Care Model,Centennial Medical Group,"8186 Lark Brown Rd Suite 201/202 Elkridge, MD (39.188723, -76.79536)",MD,State & Community-Based Models,476,
Maryland Total Cost of Care Model,"Dr. Wilbur Kuo & Associates Internal Medicine, LLC","5963 Exchange Dr Ste 112 Sykesville, MD (39.414992, -76.979676)",MD,State & Community-Based Models,477,
Maryland Total Cost of Care Model,"Green Spring Internal Medicine, LLC","2360 W Joppa Rd Ste 210 Lutherville Timonium, MD (39.418685, -76.668632)",MD,State & Community-Based Models,478,
Maryland Total Cost of Care Model,"Nnaemeka Agajelu, M.D., LLC","85 Kindred Way Ste 101 Glen Burnie, MD (39.149925, -76.632595)",MD,State & Community-Based Models,479,
Maryland Total Cost of Care Model,"Mace Medical, LLC","1124 Mace Ave Baltimore, MD (39.32601, -76.470958)",MD,State & Community-Based Models,480,
Maryland Total Cost of Care Model,"Joel D. Meshulam, M.D.","301 St. Paul Place Ste 409 Baltimore, MD (39.292358, -76.613527)",MD,State & Community-Based Models,481,
Maryland Total Cost of Care Model,"Richard Bernstein, M.D.","133 Defense Highway Ste 109 Annapolis, MD (38.985435, -76.552837)",MD,State & Community-Based Models,482,
Maryland Total Cost of Care Model,"Rockville Internal Medicine Group, PA","1201 Seven Locks Rd Ste 111 Rockville, MD (39.063328, -77.160858)",MD,State & Community-Based Models,483,
Maryland Total Cost of Care Model,"Thomas E. Maslen, M.D., LLC","7525 Greenway Center Drive Ste 312 Greenbelt, MD (38.991649, -76.87818)",MD,State & Community-Based Models,484,
Maryland Total Cost of Care Model,Frederick Primary Care Associates,"63 Thomas Johnson Drive Ste E Frederick, MD (39.451261, -77.402203)",MD,State & Community-Based Models,485,
Maryland Total Cost of Care Model,"Frederick Primary Care Associates, Urbana","3430 Worthington Blvd Ste 103 Frederick, MD (39.328895, -77.347089)",MD,State & Community-Based Models,486,
Maryland Total Cost of Care Model,Frederick Primary Care Associates,"56 Thomas Johnson Drive Frederick, MD (39.452609, -77.401516)",MD,State & Community-Based Models,487,
Maryland Total Cost of Care Model,"Cullen, Umosella, Cullen & Cullen, M.D., PC","7625 Wisconsin Avenue Ste 101 Bethesda, MD (38.986532, -77.094592)",MD,State & Community-Based Models,488,
Maryland Total Cost of Care Model,"Issa Yusuf, M.D., PA","12150 Annapolis Rd Ste 300 Glenn Dale, MD (38.963667, -76.794309)",MD,State & Community-Based Models,489,
Maryland Total Cost of Care Model,"J.T. Lee, M.D., PA","669 Revolution St. Havre De Grace, MD (39.543451, -76.094814)",MD,State & Community-Based Models,490,
Maryland Total Cost of Care Model,"Pace and Leatherwood, PC","12070 Old Line Center Ste 302 Waldorf, MD (38.615874, -76.89101)",MD,State & Community-Based Models,491,
Maryland Total Cost of Care Model,"Karl Spector, M.D., PA","602 S. Atwood Road Ste 200 Bel Air, MD (39.525184, -76.346588)",MD,State & Community-Based Models,492,
Maryland Total Cost of Care Model,Rose Hill Family Physicians,"321 Dorchester Ave Ste 100 Cambridge, MD (38.565574, -76.067202)",MD,State & Community-Based Models,493,
Maryland Total Cost of Care Model,"Frederick Primary Care Associates, Brunswick/Jefferson","610 Ninth Avenue Brunswick, MD (39.316949, -77.611858)",MD,State & Community-Based Models,494,
Maryland Total Cost of Care Model,"Frederick Primary Care Associates, Walkersville","19 West Frederick Street Walkersville, MD (39.481715, -77.350354)",MD,State & Community-Based Models,495,
Maryland Total Cost of Care Model,"Frederick Primary Care Associates, Ballenger Creek","610 Solarex Court Frederick, MD (39.40037, -77.436341)",MD,State & Community-Based Models,496,
Maryland Total Cost of Care Model,"Frederick Primary Care Associates, Woodsboro","10200 Coppermine Road Woodsboro, MD (39.537813, -77.314533)",MD,State & Community-Based Models,497,
Maryland Total Cost of Care Model,"Carlos E. Covarrubias, M.D. and Associates","8121 Georgia Ave Ste 405 Silver Spring, MD (38.99103, -77.026406)",MD,State & Community-Based Models,498,
Maryland Total Cost of Care Model,Laurel Internal Medicine,"13952 Baltimore Avenue Laurel, MD (39.08173, -76.864053)",MD,State & Community-Based Models,499,
Maryland Total Cost of Care Model,"Frederick Primary Care Associates, Spring Ridge","9093 Ridgefield Drive Ste 104 Frederick, MD (39.399212, -77.349169)",MD,State & Community-Based Models,500,
Maryland Total Cost of Care Model,"William Linthicum, M.D.","1 Kings Drive Taneytown, MD (39.650944, -77.170849)",MD,State & Community-Based Models,501,
Maryland Total Cost of Care Model,"Donna G. Chamber, M.D.","133 Defense Hwy Ste 112 Annapolis, MD (38.985435, -76.552837)",MD,State & Community-Based Models,502,
Maryland Total Cost of Care Model,Menocal Family Practice,"110 Baughmans Lane Ste 140 Frederick, MD (39.418386, -77.437701)",MD,State & Community-Based Models,503,
Maryland Total Cost of Care Model,Delmarva Internal & Family Medicine,"1346 South Division Street Ste 103 Salisbury, MD (38.33687, -75.599587)",MD,State & Community-Based Models,504,
Maryland Total Cost of Care Model,"Dr. Monique Y. Langston & Associates, PA","1616 Forest Dr Ste 1 Ste 1 Annapolis, MD (38.963744, -76.512656)",MD,State & Community-Based Models,505,
Maryland Total Cost of Care Model,"Frekko Primary Care, LLC","818 West Diamond Avenue Ste 130 Gaithersburg, MD (39.141692, -77.217461)",MD,State & Community-Based Models,506,
Maryland Total Cost of Care Model,Cal Arundel Family Medicine,"8191 Jennifer Ln Ste 150 Owings, MD (38.691947, -76.637383)",MD,State & Community-Based Models,507,
Maryland Total Cost of Care Model,Catonsville Primary Care Center,"405 Frederick Road Ste 210 Catonsville, MD (39.272952, -76.727321)",MD,State & Community-Based Models,508,
Maryland Total Cost of Care Model,Marshak Medical Group,"9900 Belward Campus Drive Ste 325 Rockville, MD (39.104571, -77.20932)",MD,State & Community-Based Models,509,
Maryland Total Cost of Care Model,"Carroll Health Group, LLC","520 E Baltimore St Suite 8 Taneytown, MD (39.64921, -77.157102)",MD,State & Community-Based Models,510,
Maryland Total Cost of Care Model,St. Joseph Medical Group Hereford Health Park,"14A Mt. Carmel Rd. Parkton, MD (39.590911, -76.665053)",MD,State & Community-Based Models,511,
Maryland Total Cost of Care Model,"Prime, M.D., LLC","10910 Little Patuxent Parkway Suite 202 Columbia, MD (39.216535, -76.880796)",MD,State & Community-Based Models,512,
Maryland Total Cost of Care Model,"Linda M. Lang, M.D., LLC","9055 Chevrolet Drive Suite 100 Ellicott City, MD (39.275267, -76.824478)",MD,State & Community-Based Models,513,
Maryland Total Cost of Care Model,"Van E. Lomis, M.D., LLC","9106 Philadelphia Road Suite 308 Baltimore, MD (39.347031, -76.472955)",MD,State & Community-Based Models,514,
Maryland Total Cost of Care Model,"Primary Medicine, LLC","6196 Oxon Hill Rd Suite 430 Oxon Hill, MD (38.804122, -76.983212)",MD,State & Community-Based Models,515,
Maryland Total Cost of Care Model,"Primary Medicine, LLC","9470 Annapolis Rd Suite 418 Lanham, MD (38.964964, -76.842543)",MD,State & Community-Based Models,516,
Maryland Total Cost of Care Model,"Primary Medicine, LLC","19 Walker Ave Suite 102 Pikesville, MD (39.376904, -76.723092)",MD,State & Community-Based Models,517,
Maryland Total Cost of Care Model,"LifeBridge Community Physicians, Inc.","10084 Reisterstown Rd Suite 200A Owings Mills, MD (39.413583, -76.771937)",MD,State & Community-Based Models,518,
Maryland Total Cost of Care Model,"Monocacy Health Partners Primary Care, Tollhouse","501 West 7th Street Frederick, MD (39.424703, -77.415647)",MD,State & Community-Based Models,519,
Maryland Total Cost of Care Model,"LifeBridge Community Physicians, Inc. dba/ BW Primary Care - Eldersburg","6190 Georgetown Blvd Suite 104 Eldersburg, MD (39.40408, -76.944022)",MD,State & Community-Based Models,520,
Maryland Total Cost of Care Model,"LifeBridge Medical Associates, LLC","4801 Dorsey Hall Drive Suite 201 Ellicott City, MD (39.243217, -76.837338)",MD,State & Community-Based Models,521,
Maryland Total Cost of Care Model,Family Medicine Shady Grove,"15215 Shady Grove Road, Ste #304 Rockville, MD (39.106301, -77.189986)",MD,State & Community-Based Models,522,
Maryland Total Cost of Care Model,LifeBridge Potomac Professionals Crossroads Internal Medicine,"21 Crossroads Drive Suite 400 Owings Mills, MD (39.397397, -76.752259)",MD,State & Community-Based Models,523,
Maryland Total Cost of Care Model,LifeBridge Potomac Professionals Frederick Regional Medical Center,"110 Baughmans Lane Second Floor Frederick, MD (39.418386, -77.437701)",MD,State & Community-Based Models,524,
Maryland Total Cost of Care Model,Potomac Professionals Timonium Medical Center at Hunt Valley,"118 Shawan Road Suite 220 Hunt Valley, MD (39.495774, -76.655144)",MD,State & Community-Based Models,525,
Maryland Total Cost of Care Model,LifeBride Potomac Professionals Laurel Medical Center,"8871 Gorman Road Suite 300 Laurel, MD (39.131753, -76.820857)",MD,State & Community-Based Models,526,
Maryland Total Cost of Care Model,GBMC Jarrettsville Family Care,"3718 Norrisville Road Suite C Jarrettsville, MD (39.60298, -76.481251)",MD,State & Community-Based Models,527,
Maryland Total Cost of Care Model,LifeBridge Potomac Professionals White Marsh Medical Center,"9649 Belair Road Second Floor Baltimore, MD (39.415065, -76.46123)",MD,State & Community-Based Models,528,
Maryland Total Cost of Care Model,"Sinai Hospital of Baltimore, LLC","5101 Lanier Avenue Baltimore, MD (39.35397, -76.662427)",MD,State & Community-Based Models,529,
Maryland Total Cost of Care Model,"Sinai Hospital of Baltimore, Inc.","2435 W Belvedere Avenue Hoffberger Suite 22 Baltimore, MD (39.353458, -76.66453)",MD,State & Community-Based Models,530,
Maryland Total Cost of Care Model,"Chimax Medical Center, LLC","201 Ballard Ave Baltimore, MD (39.334323, -76.444268)",MD,State & Community-Based Models,531,
Maryland Total Cost of Care Model,LifeBridge Potomac Professionals Security Health Center,"4 West Rolling Crossroads Suite 100 Catonsville, MD (39.304924, -76.752828)",MD,State & Community-Based Models,532,
Maryland Total Cost of Care Model,LifeBridge Potomac Professionals Bel Air Health Center,"104 Plumtree Road Bel Air, MD (39.501908, -76.329094)",MD,State & Community-Based Models,533,
Maryland Total Cost of Care Model,GBMC at Perry Hall,"8615 Ridgelys Choice Dr. Nottingham, MD (39.389078, -76.493092)",MD,State & Community-Based Models,534,
Maryland Total Cost of Care Model,"Douglas C. Frankel, M.D., P.A.","1684 E. Gude Drive Suite 202 Rockville, MD (39.092156, -77.13088)",MD,State & Community-Based Models,535,
Maryland Total Cost of Care Model,Meritus Medical Center,"11116 Medical Campus Road Hagerstown, MD (39.623764, -77.683344)",MD,State & Community-Based Models,536,
Maryland Total Cost of Care Model,Holy Cross Hospital,"1500 Forest Glen Road Silver Spring, MD (39.016055, -77.034198)",MD,State & Community-Based Models,537,
Maryland Total Cost of Care Model,Frederick Memorial Hospital,"400 West Seventh St. Frederick, MD (39.423745, -77.41407)",MD,State & Community-Based Models,538,
Maryland Total Cost of Care Model,Johns Hopkins Hospital,"1800 Orleans St. Baltimore, MD (39.295292, -76.591603)",MD,State & Community-Based Models,539,
Maryland Total Cost of Care Model,Sinai Hospital,"2401 West Belvedere Ave. Baltimore, MD (39.354645, -76.66233)",MD,State & Community-Based Models,540,
Maryland Total Cost of Care Model,Medstar Franklin Square,"9000 Franklin Square Driv Baltimore, MD (39.350335, -76.481012)",MD,State & Community-Based Models,541,
Maryland Total Cost of Care Model,Medstar Montgomery Medical Center,"18101 Prince Philip Drive Olney, MD (39.153858, -77.056819)",MD,State & Community-Based Models,542,
Maryland Total Cost of Care Model,Peninsula Regional Medical Center,"100 East Carroll St. Salisbury, MD (38.363068, -75.599489)",MD,State & Community-Based Models,543,
Maryland Total Cost of Care Model,Suburban Hospital,"8600 Old Georgetown Road Bethesda, MD (38.997251, -77.10922)",MD,State & Community-Based Models,544,
Maryland Total Cost of Care Model,Anne Arundel Medical Center,"2001 Medical Parkway Annapolis, MD (38.991115, -76.536058)",MD,State & Community-Based Models,545,
Maryland Total Cost of Care Model,Medstar Union Memorial Hospital,"201 East University Parkway Baltimore, MD (39.330382, -76.61438)",MD,State & Community-Based Models,546,
Maryland Total Cost of Care Model,Western Maryland Regional Medical Center,"12500 Willowbrook Road Cumberland, MD (39.650091, -78.732777)",MD,State & Community-Based Models,547,
Maryland Total Cost of Care Model,Medstar St. Mary's Hospital,"25500 Point Lookout Road Leonardtown, MD (38.299239, -76.640383)",MD,State & Community-Based Models,548,
Maryland Total Cost of Care Model,Johns Hopkins Bayview Medical Center,"4940 Eastern Ave. Baltimore, MD (39.287285, -76.552134)",MD,State & Community-Based Models,549,
Maryland Total Cost of Care Model,Carroll Hospital Center,"200 Memorial Ave. Westminster, MD (39.556135, -76.991655)",MD,State & Community-Based Models,550,
Maryland Total Cost of Care Model,Medstar Harbor Hospital Center,"3001 South Hanover St. Baltimore, MD (39.251349, -76.615048)",MD,State & Community-Based Models,551,
Maryland Total Cost of Care Model,Northwest Hospital Center,"5401 Old Court Road Randallstown, MD (39.359208, -76.782944)",MD,State & Community-Based Models,552,
Maryland Total Cost of Care Model,Greater Baltimore Medical Center,"6701 North Charles St. Baltimore, MD (39.393497, -76.628092)",MD,State & Community-Based Models,553,
Maryland Total Cost of Care Model,Howard County General Hospital,"5755 Cedar Lane Columbia, MD (39.214405, -76.887198)",MD,State & Community-Based Models,554,
Maryland Total Cost of Care Model,Doctors Community Hospital,"8118 Good Luck Road Lanham, MD (38.980428, -76.864641)",MD,State & Community-Based Models,555,
Maryland Total Cost of Care Model,Medstar Good Samaritan,"5601 Loch Raven Blvd. Baltimore, MD (39.359301, -76.588684)",MD,State & Community-Based Models,556,
Maryland Total Cost of Care Model,Atlantic General Hospital,"9733 Healthway Drive Berlin, MD (38.338604, -75.210472)",MD,State & Community-Based Models,557,
Maryland Total Cost of Care Model,Medstar Southern Maryland Hospital Center,"7503 Surratts Road Clinton, MD (38.75025, -76.874997)",MD,State & Community-Based Models,558,
Maryland Total Cost of Care Model,Holy Cross Hospital-Germantown,"19801 Observation Drive, Germantown, MD Germantown, MD (39.179034, -77.242442)",MD,State & Community-Based Models,559,
Maryland Total Cost of Care Model,Meritus Medical Center,"11116 Medical Campus Road Hagerstown, MD (39.623764, -77.683344)",MD,State & Community-Based Models,560,
Maryland Total Cost of Care Model,University Of Maryland Medical Center,"22 South Greene St. Baltimore, MD (39.28747, -76.623577)",MD,State & Community-Based Models,561,
Maryland Total Cost of Care Model,Prince Georges Hospital Center,"3001 Hospital Drive Cheverly, MD (38.930923, -76.922638)",MD,State & Community-Based Models,562,
Maryland Total Cost of Care Model,Holy Cross Hospital,"1500 Forest Glen Road Silver Spring, MD (39.016055, -77.034198)",MD,State & Community-Based Models,563,
Maryland Total Cost of Care Model,Frederick Memorial Hospital,"400 West Seventh St. Frederick, MD (39.423745, -77.41407)",MD,State & Community-Based Models,564,
Maryland Total Cost of Care Model,UM-Harford Memorial Hospital,"501 South Union Ave. Havre de Grace, MD (39.54348, -76.091528)",MD,State & Community-Based Models,565,
Maryland Total Cost of Care Model,Mercy Medical Center,"345 St. Paul Place Baltimore, MD (39.294169, -76.613656)",MD,State & Community-Based Models,566,
Maryland Total Cost of Care Model,Johns Hopkins Hospital,"1800 Orleans St. Baltimore, MD (39.295292, -76.591603)",MD,State & Community-Based Models,567,
Maryland Total Cost of Care Model,UM-Shore Regional Health At Dorchester,"300 Byrn St. Cambridge, MD (38.570922, -76.068766)",MD,State & Community-Based Models,568,
Maryland Total Cost of Care Model,St. Agnes Hospital,"900 S Caton Ave. Baltimore, MD (39.272628, -76.670816)",MD,State & Community-Based Models,569,
Maryland Total Cost of Care Model,Sinai Hospital,"2401 West Belvedere Ave. Baltimore, MD (39.354645, -76.66233)",MD,State & Community-Based Models,570,
Maryland Total Cost of Care Model,Bon Secours Hospital,"2000 West Baltimore St. Baltimore, MD (39.288027, -76.648633)",MD,State & Community-Based Models,571,
Maryland Total Cost of Care Model,Medstar Franklin Square,"9000 Franklin Square Driv Baltimore, MD (39.350335, -76.481012)",MD,State & Community-Based Models,572,
Maryland Total Cost of Care Model,Washington Adventist Hospital,"7600 Carroll Ave. Takoma Park, MD (38.98373, -77.000015)",MD,State & Community-Based Models,573,
Maryland Total Cost of Care Model,Garrett County Memorial Hospital,"251 North Fourth St. Oakland, MD (39.413325, -79.40273)",MD,State & Community-Based Models,574,
Maryland Total Cost of Care Model,Medstar Montgomery Medical Center,"18101 Prince Philip Drive Olney, MD (39.153858, -77.056819)",MD,State & Community-Based Models,575,
Maryland Total Cost of Care Model,Peninsula Regional Medical Center,"100 East Carroll St. Salisbury, MD (38.363068, -75.599489)",MD,State & Community-Based Models,576,
Maryland Total Cost of Care Model,Suburban Hospital,"8600 Old Georgetown Road Bethesda, MD (38.997251, -77.10922)",MD,State & Community-Based Models,577,
Maryland Total Cost of Care Model,Anne Arundel Medical Center,"2001 Medical Parkway Annapolis, MD (38.991115, -76.536058)",MD,State & Community-Based Models,578,
Maryland Total Cost of Care Model,Medstar Union Memorial Hospital,"201 East University Parkway Baltimore, MD (39.330382, -76.61438)",MD,State & Community-Based Models,579,
Maryland Total Cost of Care Model,Western Maryland Regional Medical Center,"12500 Willowbrook Road Cumberland, MD (39.650091, -78.732777)",MD,State & Community-Based Models,580,
Maryland Total Cost of Care Model,Medstar St. Mary's Hospital,"25500 Point Lookout Road Leonardtown, MD (38.299239, -76.640383)",MD,State & Community-Based Models,581,
Maryland Total Cost of Care Model,Johns Hopkins Bayview Medical Center,"4940 Eastern Ave. Baltimore, MD (39.287285, -76.552134)",MD,State & Community-Based Models,582,
Maryland Total Cost of Care Model,UM-Shore Regional Health At Chestertown,"100 Brown St. Chestertown, MD (39.216845, -76.064492)",MD,State & Community-Based Models,583,
Maryland Total Cost of Care Model,Union Hospital of Cecil County,"106 Bow St. Elkton, MD (39.60801, -75.831028)",MD,State & Community-Based Models,584,
Maryland Total Cost of Care Model,Carroll Hospital Center,"200 Memorial Ave. Westminster, MD (39.556135, -76.991655)",MD,State & Community-Based Models,585,
Maryland Total Cost of Care Model,Medstar Harbor Hospital Center,"3001 South Hanover St. Baltimore, MD (39.251349, -76.615048)",MD,State & Community-Based Models,586,
Maryland Total Cost of Care Model,UM-Charles Regional Medical Center,"5 Garrett Ave. La Plata, MD (38.529266, -76.970818)",MD,State & Community-Based Models,587,
Maryland Total Cost of Care Model,UM-Shore Regional Health At Easton,"219 South Washington St. Easton, MD (38.769655, -76.075825)",MD,State & Community-Based Models,588,
Maryland Total Cost of Care Model,UMMC Midtown Campus,"827 Linden Ave. Baltimore, MD (39.300389, -76.62086)",MD,State & Community-Based Models,589,
Maryland Total Cost of Care Model,Calvert Memorial Hospital,"100 Hospital Road Prince Frederick, MD (38.558601, -76.597788)",MD,State & Community-Based Models,590,
Maryland Total Cost of Care Model,Northwest Hospital Center,"5401 Old Court Road Randallstown, MD (39.359208, -76.782944)",MD,State & Community-Based Models,591,
Maryland Total Cost of Care Model,UM-Baltimore Washington Medical Center,"301 Hospital Drive Glen Burnie, MD (39.138784, -76.622247)",MD,State & Community-Based Models,592,
Medicare Advantage Value-Based Insurance Design Model,"Summit Master Company, LLC","350 Chardon Ave, Torre Chardon Suite 500 San Juan, PR (18.466330000000028, -66.10472999999996)",PR,Health Plan Models,593,
Medicare Advantage Value-Based Insurance Design Model,"Kaiser Foundation Health Plan Models, Inc.","1800 Harrison Street, 11th Floor Oakland, CA (37.805964, -122.265702)",CA,Health Plan Models,594,
Medicare Advantage Value-Based Insurance Design Model,Presbyterian Healthcare Services,"9521 San Mateo Blvd NE Albuquerque, NM (35.195853, -106.586509)",NM,Health Plan Models,595,
Medicare Advantage Value-Based Insurance Design Model,"Intermountain Healthcare, Inc.","5381 S Green St Murray, UT (40.65337, -111.904793)",UT,Health Plan Models,596,
Medicare Advantage Value-Based Insurance Design Model,Visiting Nurse Service of New York,"107 E. 70th Street New York, NY (40.769643, -73.964441)",NY,Health Plan Models,597,
Medicare Advantage Value-Based Insurance Design Model,Triple S Advantage,"1484 Av. Franklin Delano Roosevelt San Juan, PR (18.412689985000043, -66.09559002599997)",PR,Health Plan Models,598,
Medicare Advantage Value-Based Insurance Design Model,Hawaii Medical Services Association,"818 Ke'eaumoku St. Honolulu, HI (21.29664, -157.841001)",HI,Health Plan Models,599,
Medicare Advantage Value-Based Insurance Design Model,"HealthFirst, Inc.","100 Church Street New York, NY (40.712998, -74.009471)",NY,Health Plan Models,600,
Medicare Advantage Value-Based Insurance Design Model,"Commonwealth Care Alliance, Inc.","30 Winter Street Boston, MA (42.355882, -71.061449)",MA,Health Plan Models,601,
Maryland Total Cost of Care Model,Fort Washington Medical Center,"11711 Livingston Road Fort Washington, MD (38.728813, -76.991588)",MD,State & Community-Based Models,602,
Maryland Total Cost of Care Model,Atlantic General Hospital,"9733 Healthway Drive Berlin, MD (38.338604, -75.210472)",MD,State & Community-Based Models,603,
Maryland Total Cost of Care Model,Medstar Southern Maryland Hospital Center,"7503 Surratts Road Clinton, MD (38.75025, -76.874997)",MD,State & Community-Based Models,604,
Maryland Total Cost of Care Model,UM-St. Joseph Medical Center,"7601 Osler Drive, Towson, MD Towson, MD (39.388123, -76.613278)",MD,State & Community-Based Models,605,
Maryland Total Cost of Care Model,Levindale Hebrew Geriatric Hospital,"2434 West Belvedere Ave. Baltimore, MD (39.353266, -76.665024)",MD,State & Community-Based Models,606,
Maryland Total Cost of Care Model,Holy Cross Hospital-Germantown,"19801 Observation Drive Germantown, MD (39.179034, -77.242442)",MD,State & Community-Based Models,607,
Maryland Total Cost of Care Model,Adventist Germantown Emergency Center,"19731 Germantown Road Germantown, MD (39.18033, -77.263949)",MD,State & Community-Based Models,608,
Maryland Total Cost of Care Model,UM Queen Annes Freestanding Emergency Center,"125 Shoreway Drive Queenstown, MD (38.967206, -76.181406)",MD,State & Community-Based Models,609,
Maryland Total Cost of Care Model,UM Bowie Health Center,"15001 Health Center Drive Bowie, MD (38.949599, -76.744961)",MD,State & Community-Based Models,610,
Maryland Total Cost of Care Model,UM Shock Trauma,"22 S Greene St Baltimore, MD (39.28747, -76.623577)",MD,State & Community-Based Models,611,
Vermont All-Payer Model,State-led Participation,"VT (44.075252, -72.662695)",VT,Accountable Care Models,612,True
Rural Community Hospital Demonstration,Central Peninsula Hospital,"250 Hospital Pl Soldotna, AK (60.493865, -151.077658)",AK,Statutory Models,613,
Rural Community Hospital Demonstration,Bartlett Regional Hospital,"3260 Hospital Dr Juneau, AK (58.328696, -134.466829)",AK,Statutory Models,614,
Rural Community Hospital Demonstration,Montrose Memorial Hospital,"800 South 3rd Street Montrose, CO (38.480881, -107.868769)",CO,Statutory Models,615,
Rural Community Hospital Demonstration,Valley View Hospital,"1506 Blake Ave Glenwood Springs, CO (39.53847, -107.32219)",CO,Statutory Models,616,
Rural Community Hospital Demonstration,Delta Health,"1501 E 3rd St Delta, CO (38.743166, -108.047515)",CO,Statutory Models,617,
Rural Community Hospital Demonstration,UnityPoint Health - Trinity Regional Medical Center,"802 Kenyon Rd Fort Dodge, IA (42.490278, -94.191337)",IA,Statutory Models,618,
Rural Community Hospital Demonstration,UnityPoint Health - Grinnell Regional Medical Center,"210 4th Ave Grinnell, IA (41.743278, -92.734728)",IA,Statutory Models,619,
Rural Community Hospital Demonstration,MercyOne Newton Medical Center,"204 N 4th Ave E Newton, IA (41.702413, -93.051177)",IA,Statutory Models,620,
Rural Community Hospital Demonstration,Lakes Regional Healthcare,"2301 Highway 71 South Spirit Lake, IA (43.41813, -95.12487)",IA,Statutory Models,621,
Rural Community Hospital Demonstration,Stormont Vail Flint Hills,"1102 Saint Marys Rd Junction City, KS (39.013979, -96.849798)",KS,Statutory Models,622,
Rural Community Hospital Demonstration,Northern Light Maine Coast Memorial Hospital,"50 Union St Ellsworth, ME (44.546574, -68.415526)",ME,Statutory Models,623,
Rural Community Hospital Demonstration,Northern Light AR Gould Medical Center,"140 Academy St Presque Isle, ME (46.675174, -67.998588)",ME,Statutory Models,624,
Rural Community Hospital Demonstration,Marion General Hospital,"1560 Sumrall Rd Columbia, MS (31.256354, -89.806273)",MS,Statutory Models,625,
Rural Community Hospital Demonstration,Anderson Regional Medical Center - South,"1102 Constitution Avenue Meridian, MS (32.36793, -88.69897)",MS,Statutory Models,626,
Rural Community Hospital Demonstration,Highland Community Hospital,"130 Highland Pkwy Picayune, MS (30.552471, -89.665422)",MS,Statutory Models,627,
Rural Community Hospital Demonstration,Columbus Community Hospital,"4600 38th St Columbus, NE (41.453273, -97.3849)",NE,Statutory Models,628,
Rural Community Hospital Demonstration,Great Plains Regional Medical Center,"1801 W 3rd St Elk City, OK (35.411721, -99.425654)",OK,Statutory Models,629,
Rural Community Hospital Demonstration,Avera St. Lukes Hospital,"305 South State Street Aberdeen, SD (45.461795, -98.47935)",SD,Statutory Models,630,
Rural Community Hospital Demonstration,Brookings Health Center,"300 22nd Ave Brookings, SD (44.307751, -96.768199)",SD,Statutory Models,631,
Rural Community Hospital Demonstration,St. Johns Medical Center,"625 E Broadway Jackson, WY (43.47977319000006, -110.74937474399997)",WY,Statutory Models,632,
Integrated Care for Kids (InCK) Model,New York Department of Health,"Empire State Plaza Albany, NY (42.652190000000076, -73.75790999999998)",NY,State & Community-Based Models,633,
Integrated Care for Kids (InCK) Model,"Clifford W. Beers Guidance Clinic, Inc.","93 Edwards Street New Haven, CT (41.317139, -72.91254)",CT,State & Community-Based Models,634,
Integrated Care for Kids (InCK) Model,Ann & Robert H. Lurie Children's Hospital of Chicago,"225 East Chicago Avenue Chicago, IL (41.896746, -87.621906)",IL,State & Community-Based Models,635,
Integrated Care for Kids (InCK) Model,Ohio Department of Medicaid,"50 W Town St Columbus, OH (39.958695, -83.000872)",OH,State & Community-Based Models,636,
Integrated Care for Kids (InCK) Model,Duke University,"614 Chapel Drive Durham, NC (35.997661, -78.933287)",NC,State & Community-Based Models,637,
Integrated Care for Kids (InCK) Model,Hackensack Meridian Health Hospitals Corporation,"343 Thornall Street Edison, NJ (40.560968, -74.336463)",NJ,State & Community-Based Models,638,
Integrated Care for Kids (InCK) Model,Egyptian Health Department,"1412 US Highway 45 North Eldorado, IL (37.803249, -88.45393)",IL,State & Community-Based Models,639,
BPCI Advanced,Access Health Care Physicians LLC,"14690 Spring Hill Drive Spring Hill FL (28.47991, -82.484412)",FL,Disease-Specific & Episode-Based Models,640,
BPCI Advanced,Access Healthcare of Tampa Bay LLC,"14690 Spring Hill Drive Spring Hill FL (28.47991, -82.484412)",FL,Disease-Specific & Episode-Based Models,641,
BPCI Advanced,"Accountable Care Models Hospitalist Group, LLC","2326 South Congress Ave Palm Springs FL (26.6424183, -80.0900217)",FL,Disease-Specific & Episode-Based Models,642,
BPCI Advanced,"Accountable Teaching Services, LLC","2326 South Congress Ave Palm Springs FL (26.6424183, -80.0900217)",FL,Disease-Specific & Episode-Based Models,643,
BPCI Advanced,Adventhealth Shawnee Mission,"9100 W 74th Street Shawnee Mission KS (38.9949514, -94.7144365)",KS,Disease-Specific & Episode-Based Models,644,
BPCI Advanced,Adventhealth Tampa,"3100 E. Fletcher Ave. Tampa FL (28.0713674, -82.426006)",FL,Disease-Specific & Episode-Based Models,645,
BPCI Advanced,Associated Orthopedist of Detroit PC,"24715 Little Mack Ave St Clair Shores MI (42.4778717, -82.9099957)",MI,Disease-Specific & Episode-Based Models,646,
BPCI Advanced,Atlantic Orthopaedic Specialists,"230 Clearfield Avenue Virginia Beach VA (36.8450542, -76.1667606)",VA,Disease-Specific & Episode-Based Models,647,
BPCI Advanced,Baylor Medical Center at Trophy Club,"2850 East Highway 114 Trophy Club TX (32.98847, -97.175077)",TX,Disease-Specific & Episode-Based Models,648,
BPCI Advanced,Beckley ARH Hospital,"306 Stanaford Rd Beckley WV (37.7985318, -81.1706925)",WV,Disease-Specific & Episode-Based Models,649,
BPCI Advanced,"Bon Secours - St. Mary's Hospital of Richmond, Inc.","5801 Bremo Road Richmond VA (37.583955, -77.512549)",VA,Disease-Specific & Episode-Based Models,650,
BPCI Advanced,Bozeman Health Deaconess Regional Medical Center,"915 Highland Blvd. Bozeman MT (45.670059, -111.018981)",MT,Disease-Specific & Episode-Based Models,651,
BPCI Advanced,Bozeman Health Deaconess Regional Medical Center,"915 Highland Boulevard Bozeman MT (45.670059, -111.018981)",MT,Disease-Specific & Episode-Based Models,652,
BPCI Advanced,Buffalo General Medical Center,"100 High Street Buffalo NY (42.900807, -78.865661)",NY,Disease-Specific & Episode-Based Models,653,
BPCI Advanced,"CAL Care of AL II, LLC","202 C Government St Mobile AL (30.689868, -88.042611)",AL,Disease-Specific & Episode-Based Models,654,
BPCI Advanced,"CAL Care of AL, LLC","202 C Government St Mobile AL (30.689868, -88.042611)",AL,Disease-Specific & Episode-Based Models,655,
BPCI Advanced,"Cardiac CIN of St. Louis, LLC","11628 Old Ballas Rd. #346 St. Louis MO (38.665714, -90.440285)",MO,Disease-Specific & Episode-Based Models,656,
BPCI Advanced,"Cardiac CIN of West Palm, LLC","4440 PGA Boulevard Palm Beach Gardens FL (26.8382, -80.10432)",FL,Disease-Specific & Episode-Based Models,657,
BPCI Advanced,"Carolina Orthopaedic & Sports Medicine Center, PA","2345 Court Drive Gastonia NC (35.273685, -81.145992)",NC,Disease-Specific & Episode-Based Models,658,
BPCI Advanced,CC BPCI PLC,"1400 S Germantown Rd Germantown TN (35.1110748, -89.8034304)",TN,Disease-Specific & Episode-Based Models,659,
BPCI Advanced,Cedars-Sinai Medical Center,"8700 Beverly Blvd Los Angeles CA (34.076545, -118.380005)",CA,Disease-Specific & Episode-Based Models,660,
BPCI Advanced,"Center for Bone & Joint Surgery of The Palm Beaches, P.A.","10131 Forest Hill Blvd., Suite 206 Wellington FL (26.6506561, -80.208222)",FL,Disease-Specific & Episode-Based Models,661,
BPCI Advanced,Centinela Hospital Medical Center,"555 E. Hardy Street  Inglewood CA (33.949241, -118.348342)",CA,Disease-Specific & Episode-Based Models,662,
BPCI Advanced,"CFL Care of FL II, LLC","1301 Riverplace Blvd. Jacksonville FL (30.319191, -81.656862)",FL,Disease-Specific & Episode-Based Models,663,
BPCI Advanced,"CGA Care of GA, LLC","10 Glen Lake Parkway, Suite 130 Atlanta GA (33.935624, -84.361178)",GA,Disease-Specific & Episode-Based Models,664,
BPCI Advanced,Chester County Hospital,"701 E Marshall Street West Chester PA (39.972454, -75.603533)",PA,Disease-Specific & Episode-Based Models,665,
BPCI Advanced,Citizens Memorial Hospital District,"1500 North Oakland Bolivar MO (37.625315, -93.420921)",MO,Disease-Specific & Episode-Based Models,666,
BPCI Advanced,"CKS Care of KS, LLC","10650 Roe Ave Overland Park KS (38.935614, -94.640947)",KS,Disease-Specific & Episode-Based Models,667,
BPCI Advanced,"CLA Care of LA II, LLC","3436 Magazine St New Orleans LA (29.922421, -90.089761)",LA,Disease-Specific & Episode-Based Models,668,
BPCI Advanced,"CLA Care of LA III, LLC","3436 Magazine St New Orleans LA (29.922421, -90.089761)",LA,Disease-Specific & Episode-Based Models,669,
BPCI Advanced,"CLA Care of LA, LLC","3436 Magazine St New Orleans LA (29.922421, -90.089761)",LA,Disease-Specific & Episode-Based Models,670,
BPCI Advanced,"CNY Care of NY, LLC","1131 Route 55, Suite #1C Lagrangeville NY (41.672092, -73.799156)",NY,Disease-Specific & Episode-Based Models,671,
BPCI Advanced,"COH Care of OH, LLC","175 S Third St., Ste. 200-185 Columbus OH (39.958951, -82.997473)",OH,Disease-Specific & Episode-Based Models,672,
BPCI Advanced,Colorado Springs Orthopaedic Group,"4110 Briargate Pkwy Colorado Springs CO (38.967469, -104.752744)",CO,Disease-Specific & Episode-Based Models,673,
BPCI Advanced,Community Hospital of Huntington Park,"2623 Slauson Ave Huntington Park CA (33.9895633, -118.2267745)",CA,Disease-Specific & Episode-Based Models,674,
BPCI Advanced,"Community Hospitalists, LLC","25501 Chagrin Blvd Beachwood OH (41.4650904, -81.5020518)",OH,Disease-Specific & Episode-Based Models,675,
BPCI Advanced,"Coordinated Health of CA IV, LLC","1380 Lead Hill Blvd Ste 106 C Roseville CA (38.748709, -121.260636)",CA,Disease-Specific & Episode-Based Models,676,
BPCI Advanced,"COR Care of OR, LLC","1867 Williams Hwy Ste 289 Grants Pass OR (42.417085, -123.338693)",OR,Disease-Specific & Episode-Based Models,677,
BPCI Advanced,Corewell Health Beaumont Troy Hospital (AKA Beaumont Hospital Troy),"44201 Dequindre Rd Troy MI (42.6185995, -83.0956244)",MI,Disease-Specific & Episode-Based Models,678,
BPCI Advanced,Corewell Health Dearborn Hospital (AKA Beaumont Hospital Dearborn),"18101 Oakwood Blvd Dearborn MI (42.2904954, -83.2172018)",MI,Disease-Specific & Episode-Based Models,679,
BPCI Advanced,Corewell Health Farmington Hills Hospital (AKA Beaumont Hospital Farmington Hills),"28050 Grand River Ave Farmington Hills MI (42.4437364, -83.3271652)",MI,Disease-Specific & Episode-Based Models,680,
BPCI Advanced,Corewell Health William Beaumont University Hospital (AKA Beaumont Hospital Royal Oak),"3601 W 13 Mile Rd Royal Oak MI (42.5151147, -83.1952731)",MI,Disease-Specific & Episode-Based Models,681,
BPCI Advanced,"CPA Care of Penn, LLC","1700 Market St. Ste 1005-A104 Philadelphia PA (39.952696, -75.169217)",PA,Disease-Specific & Episode-Based Models,682,
BPCI Advanced,"CTN Care of TN, LLC","315 Deaderick St Ste 1550B Nashville TN (36.165698, -86.779318)",TN,Disease-Specific & Episode-Based Models,683,
BPCI Advanced,"CTX Care of TX II, LLC","1021 Main St Ste 115 Houston TX (29.756333, -95.3648)",TX,Disease-Specific & Episode-Based Models,684,
BPCI Advanced,"CTX Care of TX IV, LLC","1021 Main St Ste 115 Houston TX (29.756333, -95.3648)",TX,Disease-Specific & Episode-Based Models,685,
BPCI Advanced,"CTX Care of TX, LLC","1021 Main St Ste 115 Houston TX (29.756333, -95.3648)",TX,Disease-Specific & Episode-Based Models,686,
BPCI Advanced,"CVA Care of VA, LLC","100 Shockoe Slip 2nd Floor Richmond VA (37.535193, -77.434051)",VA,Disease-Specific & Episode-Based Models,687,
BPCI Advanced,Dallas Orthopedic and Shoulder Institute,"222 S Collins Rd Sunnyvale TX (32.7798415, -96.5682619)",TX,Disease-Specific & Episode-Based Models,688,
BPCI Advanced,Dallas Regional Medical Center,"1011 North Galloway Avenue Mesquite TX (32.778628, -96.60129)",TX,Disease-Specific & Episode-Based Models,689,
BPCI Advanced,Delray Medical Center,"5352 Linton Blvd. Delray Beach FL (26.439157, -80.127492)",FL,Disease-Specific & Episode-Based Models,690,
BPCI Advanced,Desert Orthopedic Clinic,"2800 E Desert Inn Road Las Vegas NV (36.1308148, -115.1148736)",NV,Disease-Specific & Episode-Based Models,691,
BPCI Advanced,Detroit Receiving Hospital and University Health Center,"4201 St. Antoine Blvd. Detroit MI (42.353501, -83.054717)",MI,Disease-Specific & Episode-Based Models,692,
BPCI Advanced,Doctors Hospital of Augusta,"3651 Wheeler Road Augusta GA (33.4862559, -82.0981803)",GA,Disease-Specific & Episode-Based Models,693,
BPCI Advanced,Doctors Medical Center of Modesto,"1441 Florida Ave. Modesto CA (37.665548, -120.9986488)",CA,Disease-Specific & Episode-Based Models,694,
BPCI Advanced,East Los Angeles Doctors Hospital,"4060 Whittier Blvd Los Angeles CA (34.0230523, -118.1869737)",CA,Disease-Specific & Episode-Based Models,695,
BPCI Advanced,Eastern Idaho RMC,"3100 Channing Way Idaho Falls ID (43.4699464, -111.9947532)",ID,Disease-Specific & Episode-Based Models,696,
BPCI Advanced,Emanuel Medical Center,"825 Delbon Avenue Turlock CA (37.5115204, -120.8404088)",CA,Disease-Specific & Episode-Based Models,697,
BPCI Advanced,Evanston Hospital,"2650 Ridge Ave Evanston IL (42.065485, -87.684178)",IL,Disease-Specific & Episode-Based Models,698,
BPCI Advanced,"Florida Geriatrics Associates, Inc","747 Ponce De Leon Blvd Coral Gables FL (25.76518, -80.25825)",FL,Disease-Specific & Episode-Based Models,699,
BPCI Advanced,Florida Joint and Spine Institute PA.,"6325 US Highway 27 N Sebring FL (27.538849, -81.504496)",FL,Disease-Specific & Episode-Based Models,700,
BPCI Advanced,Florida Orthocare,"11211 Prosperity Farms Rd Palm Beach Gardens FL (26.840633, -80.073163)",FL,Disease-Specific & Episode-Based Models,701,
BPCI Advanced,Foot and Ankle Associates In Patient PLLC,"1628 Ford Ave Wyandotte MI (42.2139818, -83.1750649)",MI,Disease-Specific & Episode-Based Models,702,
BPCI Advanced,Forbes Hospital,"2570 Haymaker Road Monroeville PA (40.42826, -79.747653)",PA,Disease-Specific & Episode-Based Models,703,
BPCI Advanced,Frederick B Morgan DO PC Inc,"311 Courthouse Road Princeton WV (37.354762, -81.11511)",WV,Disease-Specific & Episode-Based Models,704,
BPCI Advanced,Garden City Hospital,"6245 Inkster Road  Detroit MI (42.332533, -83.31229)",MI,Disease-Specific & Episode-Based Models,705,
BPCI Advanced,Genesis Hospital,"2951 Maple Ave Zanesville OH (39.9749777, -82.019702)",OH,Disease-Specific & Episode-Based Models,706,
BPCI Advanced,Good Samaritan Medical Center,"1309 N. Flagler Drive West Palm Beach FL (26.725402, -80.051875)",FL,Disease-Specific & Episode-Based Models,707,
BPCI Advanced,Greenview Regional Hospital,"1801 Ashley Circle Bowling Green KY (36.9640176, -86.439098)",KY,Disease-Specific & Episode-Based Models,708,
BPCI Advanced,Harlan ARH Hospital,"81 Ball Park Road Harlan KY (36.810112, -83.31295)",KY,Disease-Specific & Episode-Based Models,709,
BPCI Advanced,Harper University Hospital,"3990 John R St Detroit MI (42.3522574, -83.0597597)",MI,Disease-Specific & Episode-Based Models,710,
BPCI Advanced,Hazard ARH Regional Medical Center,"100 Medical Center Drive Hazard KY (37.11767, -85.703791)",KY,Disease-Specific & Episode-Based Models,711,
BPCI Advanced,HCA Florida Aventura Hospital,"20900 Biscayne Blvd Aventura FL (25.969948, -80.1479925)",FL,Disease-Specific & Episode-Based Models,712,
BPCI Advanced,HCA Florida Citrus Hospital,"502 W. Highland Boulevard Inverness FL (28.8339041, -82.3384385)",FL,Disease-Specific & Episode-Based Models,713,
BPCI Advanced,HCA Florida Gulf Coast Hospital,"449 West 23rd Street Panama City FL (30.1882395, -85.6672151)",FL,Disease-Specific & Episode-Based Models,714,
BPCI Advanced,HCA Florida Largo Hospital,"201 14th Street Largo FL (27.9144613, -82.8063808)",FL,Disease-Specific & Episode-Based Models,715,
BPCI Advanced,HCA Florida Palms West Hospital,"13001 Southern Blvd Loxahatchee FL (26.6837288, -80.2551913)",FL,Disease-Specific & Episode-Based Models,716,
BPCI Advanced,HCA Florida South Shore Hospital,"4016 State Road 674 Sun City Center FL (27.7125325, -82.3376541)",FL,Disease-Specific & Episode-Based Models,717,
BPCI Advanced,HCA Houston Northwest,"710 Cypress Creek Parkway Houston TX (30.0204647, -95.4451351)",TX,Disease-Specific & Episode-Based Models,718,
BPCI Advanced,HCA Houston Tomball,"605 Holderrieth Blvd Tomball TX (30.0874094, -95.6261922)",TX,Disease-Specific & Episode-Based Models,719,
BPCI Advanced,Highlands ARH Regional Medical Center,"5000 KY-321 Prestonsburg KY (37.7294367, -82.7697324)",KY,Disease-Specific & Episode-Based Models,720,
BPCI Advanced,"HNI Medical Services of Florida, LLC","1101 Office Woods Drive Pensacola FL (30.472901, -87.204064)",FL,Disease-Specific & Episode-Based Models,721,
BPCI Advanced,"HNI Physician Services of Texas, Inc.","7500 Rialto Boulevard Austin TX (30.2538116, -97.8734229)",TX,Disease-Specific & Episode-Based Models,722,
BPCI Advanced,Hospital of the University of Pennsylvania,"3400 Spruce Street Philadelphia PA (39.950014, -75.194092)",PA,Disease-Specific & Episode-Based Models,723,
BPCI Advanced,Houston Methodist Hospital,"6565 Fannin Houston TX (29.709033, -95.400335)",TX,Disease-Specific & Episode-Based Models,724,
BPCI Advanced,Hughston Clinic Orthopaedics,"1321 Murfreesboro Pike Suite 510 Nashville TN (36.114617, -86.696097)",TN,Disease-Specific & Episode-Based Models,725,
BPCI Advanced,Iberia Medical Center,"2315 East Main Street New Iberia LA (29.989847, -91.787201)",LA,Disease-Specific & Episode-Based Models,726,
BPCI Advanced,"Illinois Bone and Joint Institute, LLC","900 Rand Road Des Plaines IL (42.056989, -87.90197)",IL,Disease-Specific & Episode-Based Models,727,
BPCI Advanced,Independent Multispecialty Group of Florida LLC.,"142 John F Kennedy Dr Atlantis FL (30.33441, -81.3987)",FL,Disease-Specific & Episode-Based Models,728,
BPCI Advanced,John F. Kennedy Memorial Hospital,"47-111 Monroe Street Indio CA (33.7061153, -116.2379276)",CA,Disease-Specific & Episode-Based Models,729,
BPCI Advanced,Joint Implant Surgeons of Florida PA,"1020 Crosspointe Dr Naples FL (26.2726814, -81.8008837)",FL,Disease-Specific & Episode-Based Models,730,
BPCI Advanced,Joint Replacement CIN of Hudson Valley LLC,"1131 Route 55 # 1B Lagrangeville NY (41.672092, -73.799156)",NY,Disease-Specific & Episode-Based Models,731,
BPCI Advanced,"Joint Replacement CIN of Jackson, LLC","460 Briarwood Drive, Jackson MS (32.380981, -90.150124)",MS,Disease-Specific & Episode-Based Models,732,
BPCI Advanced,"Joint Replacement CIN of Kansas City, LLC","111 West 10th Ste 102 Kansas City MO (39.10198, -94.584593)",MO,Disease-Specific & Episode-Based Models,733,
BPCI Advanced,Joint Replacement CIN of San Diego LLC,"4275 Executive Sq La Jolla CA (32.873548, -117.214983)",CA,Disease-Specific & Episode-Based Models,734,
BPCI Advanced,"Joint Replacement CIN of South Carolina, LLC","6650 Rivers Ave Ste 401 North Charleston SC (32.917652, -80.027812)",SC,Disease-Specific & Episode-Based Models,735,
BPCI Advanced,Kennedy White Orthopaedic Center,"6050 Cattleridge Blvd Sarasota FL (27.3046725, -82.4529461)",FL,Disease-Specific & Episode-Based Models,736,
BPCI Advanced,Kettering Health Dayton,"405 W Grand Ave Dayton OH (39.7698318, -84.2052621)",OH,Disease-Specific & Episode-Based Models,737,
BPCI Advanced,Kettering Health Greene Memorial,"1141 N Monroe Dr Xenia OH (39.700419, -83.9289114)",OH,Disease-Specific & Episode-Based Models,738,
BPCI Advanced,Kettering Health Hamilton,"630 Eaton Ave Hamilton OH (39.4158838, -84.5753986)",OH,Disease-Specific & Episode-Based Models,739,
BPCI Advanced,Kettering Health Main Campus,"3535 Southern Boulevard Kettering OH (39.6969619, -84.1937339)",OH,Disease-Specific & Episode-Based Models,740,
BPCI Advanced,Kettering Health Soin,"3535 Pentagon Blvd Beavercreek OH (39.7717127, -84.066351)",OH,Disease-Specific & Episode-Based Models,741,
BPCI Advanced,Kettering Health Troy,"600 W Main St Troy OH (40.0429258, -84.2121596)",OH,Disease-Specific & Episode-Based Models,742,
BPCI Advanced,Lafayette General Medical Center,"1214 Coolidge Street Lafayette LA (30.202715, -92.019471)",LA,Disease-Specific & Episode-Based Models,743,
BPCI Advanced,Lancaster General Hospital,"555 N Duke Street Lancaster PA (40.047082, -76.304511)",PA,Disease-Specific & Episode-Based Models,744,
BPCI Advanced,Lewisgale Hospital-Alleghany,"1 Alleghany Regional Hospital Lane Low Moor VA (37.7919386, -79.883533)",VA,Disease-Specific & Episode-Based Models,745,
BPCI Advanced,Loma Linda University Medical Center,"11234 Anderson Street Loma Linda CA (34.049487, -117.263658)",CA,Disease-Specific & Episode-Based Models,746,
BPCI Advanced,MCV Hospitals,"1250 East Marshall St P.O. Box 980152 Richmond VA (37.540001, -77.429376)",VA,Disease-Specific & Episode-Based Models,747,
BPCI Advanced,MDPGA Physicians PC,"289 South Culver St Laurenceville GA (33.952100, -83.990340)",GA,Disease-Specific & Episode-Based Models,748,
BPCI Advanced,MDPLA Physicians,"3867 Plaza Tower Dr Baton Rouge LA (30.418100, -91.050350)",LA,Disease-Specific & Episode-Based Models,749,
BPCI Advanced,MDPPA Physicians PC,"600 N 2nd St Harrisburg PA (40.263700, -76.888130)",PA,Disease-Specific & Episode-Based Models,750,
BPCI Advanced,Medical City Arlington,"3301 Matlock Road Arlington TX (32.692680, -97.112990)",TX,Disease-Specific & Episode-Based Models,751,
BPCI Advanced,Medical City Dallas,"7777 Forest Lane Dallas TX (32.909840, -96.771940)",TX,Disease-Specific & Episode-Based Models,752,
BPCI Advanced,Memorial Health UMC Savannah,"4700 Waters Ave Savannah GA (32.029640, -81.090020)",GA,Disease-Specific & Episode-Based Models,753,
BPCI Advanced,Memorial Hospital of Gardena,"1145 W Redondo Beach Blvd Gardena CA (33.893210, -118.295040)",CA,Disease-Specific & Episode-Based Models,754,
BPCI Advanced,Michigan Orthopaedic Surgeons,"26211 Central Park Boulevard Southfield MI (42.482540, -83.245000)",MI,Disease-Specific & Episode-Based Models,755,
BPCI Advanced,"Midwest Orthopaedics at Rush, LLC","One Westbrook Corporate Center Westchester IL (41.85059, -87.882)",IL,Disease-Specific & Episode-Based Models,756,
BPCI Advanced,"Mission Peak Orthopaedic Medical Group, Inc.","39350 Civic Center Dr Fremont CA (37.554472, -121.975187)",CA,Disease-Specific & Episode-Based Models,757,
BPCI Advanced,North Austin Medical Center,"12221 Mo Pac Expressway North Austin TX (30.412070, -97.705620)",TX,Disease-Specific & Episode-Based Models,758,
BPCI Advanced,North Vista Hospital,"1409 E. Lake Mead Boulevard  Las Vegas NV (36.194845, -115.122892)",NV,Disease-Specific & Episode-Based Models,759,
BPCI Advanced,"OAL Care of AL II, LLC","202 B Government St Mobile AL (30.689868, -88.042611)",AL,Disease-Specific & Episode-Based Models,760,
BPCI Advanced,"OAL Care of AL, LLC","202 B Government St Mobile AL (30.689868, -88.042611)",AL,Disease-Specific & Episode-Based Models,761,
BPCI Advanced,"OCA Care of CA II, LLC","533 Airport Blvd. Suite 425 Burlingame CA (37.590221, -122.349737)",CA,Disease-Specific & Episode-Based Models,762,
BPCI Advanced,"OCA Care of CA, LLC","533 Airport Blvd. Suite 425 Burlingame CA (37.590221, -122.349737)",CA,Disease-Specific & Episode-Based Models,763,
BPCI Advanced,Ochsner Clinic Foundation - Baton Rouge,"17000 Medical Center Drive Baton Rouge LA (30.443140, -90.999870)",LA,Disease-Specific & Episode-Based Models,764,
BPCI Advanced,"OFL Care of FL IV, LLC","8831 Business Park Drive Fort Myers FL (26.506864, -81.811651)",FL,Disease-Specific & Episode-Based Models,765,
BPCI Advanced,Ogden Regional Medical Center,"5475 S 500 East Ogden UT (41.164730, -111.970340)",UT,Disease-Specific & Episode-Based Models,766,
BPCI Advanced,"OLA Care of LA, LLC","3436 Magazine St New Orleans LA (29.922421, -90.089761)",LA,Disease-Specific & Episode-Based Models,767,
BPCI Advanced,"ONE Care of NE, LLC","4611 S 96th Street Omaha NE (41.213328, -96.061892)",NE,Disease-Specific & Episode-Based Models,768,
BPCI Advanced,"ONV Care of NV, LLC","5550 Painted Mirage Rd Suite 320-A186 Las Vegas NV (36.261882, -115.254994)",NV,Disease-Specific & Episode-Based Models,769,
BPCI Advanced,"ONY Care of NY, LLC","1131 Route 55, Suite #1B Lagrangeville NY (41.672092, -73.799156)",NY,Disease-Specific & Episode-Based Models,770,
BPCI Advanced,"OOH Care of OH II, LLC","175 S Third St., Ste. 200-248 Columbus OH (39.958951, -82.997473)",OH,Disease-Specific & Episode-Based Models,771,
BPCI Advanced,"OOH Care of OH, LLC","175 S Third St., Ste. 200-248 Columbus OH (39.958951, -82.997473)",OH,Disease-Specific & Episode-Based Models,772,
BPCI Advanced,Opelousas General Health System,"539 E Prudhomme St Opelousas LA (30.544920, -92.075220)",LA,Disease-Specific & Episode-Based Models,773,
BPCI Advanced,"Optimal Health of CA III, LLC","8939 S Sepulveda Blvd Los Angeles CA (33.95489, -118.39644)",CA,Disease-Specific & Episode-Based Models,774,
BPCI Advanced,Orthopaedic Associates Inc,"24723 Detroit Road Westlake OH (41.470436, -81.894287)",OH,Disease-Specific & Episode-Based Models,775,
BPCI Advanced,Orthopaedics Center of the Virginias,"311 Courthouse Road Princeton WV (37.354762, -81.11511)",WV,Disease-Specific & Episode-Based Models,776,
BPCI Advanced,Orthopedic Associate of Muskegon,"1400 Mercy Dr Muskegon MI (43.208700, -86.210720)",MI,Disease-Specific & Episode-Based Models,777,
BPCI Advanced,Orthosouth,"6077 Primacy Parkway Memphis TN (35.094080, -89.860010)",TN,Disease-Specific & Episode-Based Models,778,
BPCI Advanced,"OTN Care of TN, LLC","315 Deaderick St Ste 1550B Nashville TN (36.165698, -86.779318)",TN,Disease-Specific & Episode-Based Models,779,
BPCI Advanced,"OTX Care of TX V, LLC","1021 Main St Ste 115 Houston TX (29.756333, -95.3648)",TX,Disease-Specific & Episode-Based Models,780,
BPCI Advanced,"OTX Care of TX, LLC","1021 Main St Ste 115 Houston TX (29.756333, -95.3648)",TX,Disease-Specific & Episode-Based Models,781,
BPCI Advanced,Overland Park Regional Medical Center,"10500 Quivira Road Overland Park KS (38.937650, -94.726510)",KS,Disease-Specific & Episode-Based Models,782,
BPCI Advanced,"Palm Beach Cardiology Center, Inc.","3365 Burns Rd Palm Beach Gardens FL (26.83078, -80.08513)",FL,Disease-Specific & Episode-Based Models,783,
BPCI Advanced,Paradise Valley Hospital,"2400 E. Fourth Street  National City CA (32.68541, -117.082387)",CA,Disease-Specific & Episode-Based Models,784,
BPCI Advanced,Parkridge Medical Center,"2333 McCallie Avenue Chattanooga TN (35.034470, -85.267060)",TN,Disease-Specific & Episode-Based Models,785,
BPCI Advanced,Penn Presbyterian Medical Center,"51 North 39th Street Philadelphia PA (39.95719, -75.199417)",PA,Disease-Specific & Episode-Based Models,786,
BPCI Advanced,Pennsylvania Hospital,"800 Spruce Street Philadelphia PA (39.945879, -75.154759)",PA,Disease-Specific & Episode-Based Models,787,
BPCI Advanced,Piedmont Medical Center,"222 South Herlong Avenue Rock Hill SC (34.956850, -81.051860)",SC,Disease-Specific & Episode-Based Models,788,
BPCI Advanced,Portsmouth Regional Hospital,"333 Borthwick Ave Portsmouth NH (43.064980, -70.790310)",NH,Disease-Specific & Episode-Based Models,789,
BPCI Advanced,Providence Holy Family Hospital,"5633 N Lidgerwood St Spokane WA (47.709840, -117.407100)",WA,Disease-Specific & Episode-Based Models,790,
BPCI Advanced,Providence St Peter Hospital,"413 Lilly Rd NE Olympia WA (47.052390, -122.847530)",WA,Disease-Specific & Episode-Based Models,791,
BPCI Advanced,Resolute Health,"555 Creekside Crossing New Braunfels TX (29.721947, -98.070208)",TX,Disease-Specific & Episode-Based Models,792,
BPCI Advanced,Saint Mary's General Hospital,"350 Boulevard Passaic NJ (40.859426, -74.137872)",NJ,Disease-Specific & Episode-Based Models,793,
BPCI Advanced,San Dimas Community Hospital,"1350 W. Covina Boulevard  San Dimas CA (34.099249, -117.834757)",CA,Disease-Specific & Episode-Based Models,794,
BPCI Advanced,Sardelli Orthopaedics PLLC,"5701 Bow Pointe Drive Clarkston MI (42.727560, -83.376800)",MI,Disease-Specific & Episode-Based Models,795,
BPCI Advanced,"SCA Care of CA II, LLC","533 Airport Blvd. Suite 420 Burlingame CA (37.590221, -122.349737)",CA,Disease-Specific & Episode-Based Models,796,
BPCI Advanced,"SCA Care of CA, LLC","533 Airport Blvd. Suite 420 Burlingame CA (37.590221, -122.349737)",CA,Disease-Specific & Episode-Based Models,797,
BPCI Advanced,"Select Health of CA III, LLC","2372 A Morse Ave Irvine CA (33.681659, -117.848952)",CA,Disease-Specific & Episode-Based Models,798,
BPCI Advanced,"Select Health of CA IV, LLC","1380 Lead Hill Blvd Ste 106 A Roseville CA (38.748709, -121.260636)",CA,Disease-Specific & Episode-Based Models,799,
BPCI Advanced,"Select Health of SC, LLC","6650 Rivers Ave Ste 410 North Charleston SC (32.917652, -80.027812)",SC,Disease-Specific & Episode-Based Models,800,
BPCI Advanced,Self Regional Healthcare,"1325 Spring Street Greenwood SC (34.175238, -82.156707)",SC,Disease-Specific & Episode-Based Models,801,
BPCI Advanced,"SFL Care of FL II, LLC","1301 Riverplace Blvd, Jacksonville FL (30.319191, -81.656862)",FL,Disease-Specific & Episode-Based Models,802,
BPCI Advanced,Sherman Oaks Hospital,"4929 Van Nuys Boulevard  Sherman Oaks CA (34.160258, -118.448896)",CA,Disease-Specific & Episode-Based Models,803,
BPCI Advanced,"Shore Orthopedic University Associates, P.A.","24 MacArthur Blvd Somers Point NJ (39.311838, -74.601189)",NJ,Disease-Specific & Episode-Based Models,804,
BPCI Advanced,Sibley Memorial Hospital,"5255 Loughboro Rd NW Washington DC (38.936167, -77.108831)",DC,Disease-Specific & Episode-Based Models,805,
BPCI Advanced,"SKS Care of KS, LLC","10650 Roe Ave Overland Park KS (38.935614, -94.640947)",KS,Disease-Specific & Episode-Based Models,806,
BPCI Advanced,"SNV Care of NV, LLC","5550 Painted Mirage Rd Suite 320-A211 Las Vegas NV (36.261882, -115.254994)",NV,Disease-Specific & Episode-Based Models,807,
BPCI Advanced,"SNY Care of NY, LLC","1131 Route 55, Suite #1A Lagrangeville NY (41.672092, -73.799156)",NY,Disease-Specific & Episode-Based Models,808,
BPCI Advanced,"SOH Care of OH II, LLC","175 S Third St., Ste. 140-302 Columbus OH (39.958951, -82.997473)",OH,Disease-Specific & Episode-Based Models,809,
BPCI Advanced,"SOH Care of OH III, LLC","175 S Third St., Ste. 140-302 Columbus OH (39.958951, -82.997473)",OH,Disease-Specific & Episode-Based Models,810,
BPCI Advanced,South Austin Medical Center,"901 W Ben White Blvd Austin TX (30.226340, -97.774560)",TX,Disease-Specific & Episode-Based Models,811,
BPCI Advanced,Southern Hills Hosp & Med Ctr-Las Vegas,"9300 West Sunset Rd Las Vegas NV (36.072610, -115.294970)",NV,Disease-Specific & Episode-Based Models,812,
BPCI Advanced,Southern Hills Medical Center,"391 Wallace Road Nashville TN (36.076640, -86.721560)",TN,Disease-Specific & Episode-Based Models,813,
BPCI Advanced,Southern Regional Medical Center,"11 Upper Riverdale Road S.W.  Riverdale GA (33.579656, -84.388288)",GA,Disease-Specific & Episode-Based Models,814,
BPCI Advanced,Specortho,"130 Crisanto Ave Fort Mill SC (35.062110, -80.951990)",SC,Disease-Specific & Episode-Based Models,815,
BPCI Advanced,Spine CIN of Hudson Valley LLC,"1131 Route 55 # 1A Lagrangeville NY (41.672092, -73.799156)",NY,Disease-Specific & Episode-Based Models,816,
BPCI Advanced,Spine CIN of Phoenix LLC,"2155 W Pinnacle Peak Rd Phoenix AZ (33.6991824, -112.109162)",AZ,Disease-Specific & Episode-Based Models,817,
BPCI Advanced,"Spine CIN of West Tennessee, LLC","5865 Ridgeway Center Parkway Ste 300 C Memphis TN (35.104479, -89.866028)",TN,Disease-Specific & Episode-Based Models,818,
BPCI Advanced,Spotsylvania Regional Medical Center,"4600 Spotsylvania Parkway Fredericksburg VA (38.218060, -77.496350)",VA,Disease-Specific & Episode-Based Models,819,
BPCI Advanced,St. Mary's Medical Center,"901 45th Street West Palm Beach FL (26.755797, -80.062973)",FL,Disease-Specific & Episode-Based Models,820,
BPCI Advanced,St. Michaels' Medical Center,"111 Central Avenue Newark NJ (40.743195, -74.174246)",NJ,Disease-Specific & Episode-Based Models,821,
BPCI Advanced,St. Tammany Parish Hospital,"1202 S. Tyler Street Covington LA (30.46872, -90.112897)",LA,Disease-Specific & Episode-Based Models,822,
BPCI Advanced,"STN Care of TN II, LLC","315 Deaderick St Ste 1550B Nashville TN (36.165698, -86.779318)",TN,Disease-Specific & Episode-Based Models,823,
BPCI Advanced,"STX Care of TX II, LLC","1021 Main St Ste 115 Houston TX (29.756333, -95.3648)",TX,Disease-Specific & Episode-Based Models,824,
BPCI Advanced,"STX Care of TX IV, LLC","1021 Main St Ste 115 Houston TX (29.756333, -95.3648)",TX,Disease-Specific & Episode-Based Models,825,
BPCI Advanced,Summa Akron City Hospital,"525 East Market St. Akron OH (41.080200, -81.500630)",OH,Disease-Specific & Episode-Based Models,826,
BPCI Advanced,Tampa General Hospital,"1 Tampa General Circle Tampa FL (27.93753, -82.459285)",FL,Disease-Specific & Episode-Based Models,827,
BPCI Advanced,Texas Orthopedics Sports and Rehabilitation Associates,"4700 Seton Center Parkway Austin TX (30.403730, -97.741960)",TX,Disease-Specific & Episode-Based Models,828,
BPCI Advanced,The Christ Hospital,"2139 Auburn Ave Cincinnati OH (39.122600, -84.509680)",OH,Disease-Specific & Episode-Based Models,829,
BPCI Advanced,The Hospitals of Providence East Campus,"3280 Joe Battle Blvd. El Paso TX (31.790780, -106.264190)",TX,Disease-Specific & Episode-Based Models,830,
BPCI Advanced,The Hospitals of Providence Memorial Campus,"2001 N. Oregon Street El Paso TX (31.770020, -106.500750)",TX,Disease-Specific & Episode-Based Models,831,
BPCI Advanced,The Ohio State University Wexner Medical Center (OSUWMC),"410 W 10th Ave Columbus OH (39.995360, -83.017690)",OH,Disease-Specific & Episode-Based Models,832,
BPCI Advanced,"The Orthopaedic Institute, PA","4500 Newberry Road Gainesville FL (29.657155, -82.392222)",FL,Disease-Specific & Episode-Based Models,833,
BPCI Advanced,The Orthopedic Clinic,"1075 Mason Ave Daytona Beach FL (29.217636, -81.051469)",FL,Disease-Specific & Episode-Based Models,834,
BPCI Advanced,"Thedacare Regional Medical Center-Appleton, Inc.","1818 N Meade St Appleton WI (44.2785384,-88.3964483)",WI,Disease-Specific & Episode-Based Models,835,
BPCI Advanced,"Thedacare Regional Medical Center-Neenah, Inc","130 2nd Street Neenah WI (44.1868108, -88.45659)",WI,Disease-Specific & Episode-Based Models,836,
BPCI Advanced,Tricities Hospital,"411 West Randolph Road Hopewell VA (37.308110, -77.291160)",VA,Disease-Specific & Episode-Based Models,837,
BPCI Advanced,UChicago Medicine Adventhealth Hinsdale,"120 North Oak Street Hinsdale IL (41.805760, -87.920640)",IL,Disease-Specific & Episode-Based Models,838,
BPCI Advanced,"UMass Memorial Medical Center, Inc.","55 Lake Avenue North Worcester MA (42.277574, -71.761672)",MA,Disease-Specific & Episode-Based Models,839,
BPCI Advanced,University Medical Center of Princeton at Plainsboro,"1 Plainsboro Road Plainsboro NJ (40.340125, -74.623794)",NJ,Disease-Specific & Episode-Based Models,840,
BPCI Advanced,University of Arkansas for Medical Sciences,"4301 West Markham Street Little Rock AR (34.749011, -92.320103)",AR,Disease-Specific & Episode-Based Models,841,
BPCI Advanced,Valley Regional Medical Center,"100 A Alton Gloor Blvd Brownsville TX (25.978270, -97.514680)",TX,Disease-Specific & Episode-Based Models,842,
BPCI Advanced,Ventura Orthopedics,"3525 Loma Vista Road Ventura CA (34.277330, -119.248150)",CA,Disease-Specific & Episode-Based Models,843,
BPCI Advanced,VHS Sinai-Grace Hospital,"6071 W. Outer Drive Detroit MI (42.418951, -83.182367)",MI,Disease-Specific & Episode-Based Models,844,
BPCI Advanced,Vipul Dua MD LLC,"2800 Tamarack Ave., #106 South Windsor CT (41.815516, -72.558132)",CT,Disease-Specific & Episode-Based Models,845,
BPCI Advanced,"Vuong B Nguyen MD, Emergent Orthopaedic & Reconstructive Surgery Specialists","5979 Vineland Rd Ste 101  Orlando FL (28.483422, -81.462061)",FL,Disease-Specific & Episode-Based Models,846,
BPCI Advanced,West Boca Medical Center,"21644 State Road 7 Boca Raton FL (26.355997, -80.199128)",FL,Disease-Specific & Episode-Based Models,847,
Frontier Community Health Integration Project Demonstration,Dahl Memorial Healthcare Association,"106 E Park St, Ekalaka, MT (45.8878841, -104.5511218)",MT,Statutory Demonstrations and Other Projects,848,
Frontier Community Health Integration Project Demonstration,Roosevelt Medical Center,"818 2nd Ave E, Culbertson, MT (48.1517604, -104.5170022)",MT,Statutory Demonstrations and Other Projects,849,
Frontier Community Health Integration Project Demonstration,Jacobson Memorial Hospital Care Center,"601 E St N, Elgin, ND (46.4070836, -101.8441037)",ND,Statutory Demonstrations and Other Projects,850,
Frontier Community Health Integration Project Demonstration,McKenzie County Healthcare Systems,"709 4th Ave NE, Watford City, ND (47.8036107, -103.2738079)",ND,Statutory Demonstrations and Other Projects,851,
Frontier Community Health Integration Project Demonstration,Southwest Healthcare Services,"802 2nd St NW, Bowman, ND (46.1845014, -103.4095561)",ND,Statutory Demonstrations and Other Projects,852,
Making Care Primary (MCP) Model,Karen von Haam MD,"270 Teaticket Hwy, Suite 1A, E Falmouth, MA (41.5676681, -70.5981109)",MA,Accountable Care Models,853,False
Making Care Primary (MCP) Model,John S. Caskey MD LLC,"1421 Luisa St, Suite I, Santa Fe, NM (35.668577, -105.9532477)",NM,Accountable Care Models,854,False
Making Care Primary (MCP) Model,Massachusetts Institute Of Technology,"25 Carleton St, Cambridge, MA (42.3616252, -71.0891362)",MA,Accountable Care Models,855,False
Making Care Primary (MCP) Model,HealthFirst Family Care Center Inc,"387 Quarry St, Suite 100, Fall River, MA (41.693483, -71.1428216)",MA,Accountable Care Models,856,False
Making Care Primary (MCP) Model,Center for Human Development,"332 Birnie Avenue, Springfield, MA (42.1225732, -72.6139245)",MA,Accountable Care Models,857,False
Making Care Primary (MCP) Model,Manet Community Health Center,"110 West Squantum Street, North Quincy, MA (42.2726052, -71.0334232)",MA,Accountable Care Models,858,False
Making Care Primary (MCP) Model,"Medical Affiliates of Cape Cod, Inc.","25 Communication Way, Hyannis, MA (41.6836408, -70.2919151)",MA,Accountable Care Models,859,False
Making Care Primary (MCP) Model,Community Internist Associates,"92 Montvale Ave, Suite 2200, Stoneham, MA (42.4798316, -71.1143486)",MA,Accountable Care Models,860,False
Making Care Primary (MCP) Model,"Signature Healthcare Medical Group, Inc.","680 Centre Street, Brockton, MA (42.0877969, -70.9939403)",MA,Accountable Care Models,861,False
Making Care Primary (MCP) Model,Cape Cod Family Practice & Sports Medicine,"34 Bates Road PO Box 595, Suite 202, Mashpee, MA (41.6192915, -70.4931276)",MA,Accountable Care Models,862,False
Making Care Primary (MCP) Model,"Horizon Medical Group, PC","90 East Main Street, Washingtonville, NY (41.4272241, -74.1593101)",NY,Accountable Care Models,863,False
Making Care Primary (MCP) Model,Multiviz Medical Services PC,"529 Beach 20th Street, Far Rockaway Unincorporated Area, NY (40.6004769, -73.756529)",NY,Accountable Care Models,864,False
Making Care Primary (MCP) Model,"Aizer Health, INC","49 Forest Rd., Monroe, NY (41.3396159, -74.1740457)",NY,Accountable Care Models,865,False
Making Care Primary (MCP) Model,Refuah Health Center,"728 N. Main Street, Spring Valley, NY (41.1394226, -74.0375716)",NY,Accountable Care Models,866,False
Making Care Primary (MCP) Model,"Mohammed Ismail, MDPC","46 3rd Street, Waterford, NY (42.7904024, -73.6809859)",NY,Accountable Care Models,867,False
Making Care Primary (MCP) Model,Highland Hospital of Rochester,"1000 South Ave, Rochester, NY (43.1353378, -77.6088863)",NY,Accountable Care Models,868,False
Making Care Primary (MCP) Model,University of Rochester,"601 Elmwood Ave, Box 706, Rochester, NY (43.1225479, -77.6282424)",NY,Accountable Care Models,869,False
Making Care Primary (MCP) Model,"Keuka Family Practice Associates, LLP","7573 State Route 54, Bath, NY (42.3730129, -77.2820839)",NY,Accountable Care Models,870,False
Making Care Primary (MCP) Model,Internal Medicine Associates of Auburn,"77 Nelson Street, Suite 310, Auburn, NY (42.9411699, -76.5655309)",NY,Accountable Care Models,871,False
Making Care Primary (MCP) Model,Neighborhood Health Center of WNY,"155 Lawn Avenue, Buffalo, NY (42.9502798, -78.8903996)",NY,Accountable Care Models,872,False
Making Care Primary (MCP) Model,"Trillium Health, Inc.","259 Monroe Avenue, Rochester, NY (43.1491302, -77.6019431)",NY,Accountable Care Models,873,False
Making Care Primary (MCP) Model,"Department of Medicine Medical Service Group at the SUNY Health Science Center at Syracuse, Inc.","750 East Adams Street, CWB Room 2279, Syracuse, NY (43.0438203, -76.1439819)",NY,Accountable Care Models,874,False
Making Care Primary (MCP) Model,Strong Medical Group,"135 Corporate Woods, Suite 200 C, Rochester, NY (43.1062706, -77.6245018)",NY,Accountable Care Models,875,False
Making Care Primary (MCP) Model,Elmwood Family Physicians,"777 East Route, Suite G-101, Marlton, NJ (39.8920411, -74.8844)",NJ,Accountable Care Models,876,False
Making Care Primary (MCP) Model,North Buncombe Family Medicine PA,"201 Flat Creek Village Dr, Weaverville, NC (35.7241304, -82.5566307)",NC,Accountable Care Models,877,False
Making Care Primary (MCP) Model,St Lukes Medical Clinic,"1101 Oakridge Drive, Fort Collins, CO (40.5208291, -105.060202)",CO,Accountable Care Models,878,False
Making Care Primary (MCP) Model,Tabernacle Family Physicians,"777 East Route 70, Suite G-102, Marlton, NJ (39.8919382, -74.8847457)",NJ,Accountable Care Models,879,False
Making Care Primary (MCP) Model,"UNM Medical Group, Inc.","933 Bradbury Dr SE, Suite 2222, Albuquerque, NM (35.0709941, -106.6363389)",NM,Accountable Care Models,880,False
Making Care Primary (MCP) Model,Cross Valley Health & Medicine P.C.,"407 Gidney Ave, Suite B, Newburgh, NY (41.5128109, -74.0285739)",NY,Accountable Care Models,881,False
Making Care Primary (MCP) Model,"Osborn Family Health Center, Inc.","1601 Haddon Avenue, Camden, NJ (39.9270317, -75.0984683)",NJ,Accountable Care Models,882,False
Making Care Primary (MCP) Model,University Physician Associates of New Jersey,"30 Bergen Street, ADMC 12 Suite 1205, Newark, NJ (40.7437146, -74.1911943)",NJ,Accountable Care Models,883,False
Making Care Primary (MCP) Model,CAMcare Health Corporation,"817 Federal Street, Camden, NJ (39.944296, -75.1181291)",NJ,Accountable Care Models,884,False
Making Care Primary (MCP) Model,Rutgers Eric B. Chandler Health Center,"277 George St., New Brunswick, NJ (40.4917336, -74.4450663)",NJ,Accountable Care Models,885,False
Making Care Primary (MCP) Model,"Zufall Health Center, Inc.","18 West Blackwell Street, Dover, NJ (40.8839288, -74.5622776)",NJ,Accountable Care Models,886,False
Making Care Primary (MCP) Model,AtlantiCare Health Services,"2500 English Creek Avenue, Egg Harbor Township, NJ (39.4355575, -74.6090498)",NJ,Accountable Care Models,887,False
Making Care Primary (MCP) Model,"Optum Medical Care of New Jersey, P.C.","201 NJ-17, Suite 1202, Rutherford, NJ (40.8171555, -74.1040888)",NJ,Accountable Care Models,888,False
Making Care Primary (MCP) Model,Primecure PA,"1800 Hwy 33, Suite 101-B1, Hamilton, NJ (40.2267534, -74.7089844)",NJ,Accountable Care Models,889,False
Making Care Primary (MCP) Model,Country Doctor Community Health Center,"2101 E Yesler Way, Ste 210, Seattle, WA (47.6013088, -122.3070687)",WA,Accountable Care Models,890,False
Making Care Primary (MCP) Model,Lake Superior Community Health Center,"4325 Grand Avenue, Duuth, MN (46.7482619, -92.1592413)",MN,Accountable Care Models,891,False
Making Care Primary (MCP) Model,Auburn Memorial Medical Services P.C.,"17 Lansing St, Auburn, NY (42.9413191, -76.5664957)",NY,Accountable Care Models,892,False
Making Care Primary (MCP) Model,WakeMed,"3000 New Bern Ave, Raleigh, NC (35.7844455, -78.5898621)",NC,Accountable Care Models,893,False
Making Care Primary (MCP) Model,Physicians Of Cape Cod Hospital,"297 North St, STE 221, Hyannis, MA (41.6503717, -70.2957326)",MA,Accountable Care Models,894,False
Making Care Primary (MCP) Model,Denver Health and Hospital Authority,"777 Bannock Street, Mail Code 1925, Denver, CO (39.7282125, -104.9936503)",CO,Accountable Care Models,895,False
Making Care Primary (MCP) Model,Lake Region Healthcare Corporation,"712 South Cascade St, Fergus Falls, MN (46.276879, -96.0761802)",MN,Accountable Care Models,896,False
Making Care Primary (MCP) Model,Sanford Health of Northern Minnesota,"1300 Anne St NW, Bemidji, MN (47.5044835, -94.9035908)",MN,Accountable Care Models,897,False
Making Care Primary (MCP) Model,St Paul Family Medical Center,"1239 Payne Avenue, St Paul, MN (44.9787785, -93.0764332)",MN,Accountable Care Models,898,False
Making Care Primary (MCP) Model,"Roanoke Chowan Community Health Center, Inc.","120 Health Center Drive, Ahoskie, NC (36.2975786, -76.9948274)",NC,Accountable Care Models,899,False
Making Care Primary (MCP) Model,Plymouth Bay Internal Medicine,"45 Resnik Rd, Suite 302, Plymouth, MA (41.9527533, -70.711316)",MA,Accountable Care Models,900,False
Making Care Primary (MCP) Model,Our Family Doctor PLLC,"43 Oakland Rd, Asheville, NC (35.5749626, -82.5582998)",NC,Accountable Care Models,901,False
Making Care Primary (MCP) Model,"Thomas J. Marzili, M.D., LLC","733 Route 70 East, Building 2, Suite 201, Marlton, NJ (39.8931124, -74.8846656)",NJ,Accountable Care Models,902,False
Making Care Primary (MCP) Model,AZZ-Medical-Associates PC,"1440 Pennington Rd, #1, Ewing Township, NJ (40.2459813, -74.7775982)",NJ,Accountable Care Models,903,False
Making Care Primary (MCP) Model,Hopelight Medical Clinic,"1351 Collyer St, Longmont, CO (40.1829246, -105.1007485)",CO,Accountable Care Models,904,False
Making Care Primary (MCP) Model,North Olympic Healthcare Network,"240 W Front Street, Port Angeles, WA (48.1210823, -123.4390579)",WA,Accountable Care Models,905,False
Making Care Primary (MCP) Model,"Vineyard Medical Care, LLC","364 State Road, Vineyard Haven, MA (41.421668, -70.6626469)",MA,Accountable Care Models,906,False
Making Care Primary (MCP) Model,Upstate Family and Preventive Medicine Inc,"475 Irving Avenue, Suite 200, Syracuse, NY (43.0458393, -76.1399154)",NY,Accountable Care Models,907,False
Making Care Primary (MCP) Model,"Blue Ridge Community Health Services, Inc.","220 5th Ave East, Hendersonville, NC (35.3176083, -82.4612077)",NC,Accountable Care Models,908,False
Making Care Primary (MCP) Model,Opportunities Industrialization Center,"402 E. Virginia Street, Rocky Mount, NC (35.9512181, -77.7891412)",NC,Accountable Care Models,909,False
Making Care Primary (MCP) Model,Carolina Internal Medicine Associates PA,"4 Vanderbilt Park Drive, Asheville, NC (35.5550807, -82.5423798)",NC,Accountable Care Models,910,False
Making Care Primary (MCP) Model,Hot Springs Health Program Inc,"P.O. Box 69, 590 Medical Park Drive, Marshall, NC (35.8058043, -82.6546261)",NC,Accountable Care Models,911,False
Making Care Primary (MCP) Model,"Greene County Health Care, Inc.","7 Professional Drive, Snow Hill, NC (35.4533178, -77.6835131)",NC,Accountable Care Models,912,False
Making Care Primary (MCP) Model,Advance Community Health Inc,"1001 Rock Quarry Road, Raleigh, NC (35.7674512, -78.6183229)",NC,Accountable Care Models,913,False
Making Care Primary (MCP) Model,"Mountain Area Health Education Center, Inc","121 Hendersonville Rd, Asheville, NC (35.560675, -82.546386)",NC,Accountable Care Models,914,False
Making Care Primary (MCP) Model,"Fayetteville Area Health Education Foundation, Inc","1601 Owen Drive, Fayetteville, NC (35.0342252, -78.9332554)",NC,Accountable Care Models,915,False
Making Care Primary (MCP) Model,"Mountain Community Health Partnership, Incorporated","86 North Mitchell Avenue, Bakersville, NC (36.0159173, -82.1596977)",NC,Accountable Care Models,916,False
Making Care Primary (MCP) Model,"Lexington Internal Medicine Clinic, PA","901 East Center Street, Lexington, NC (35.8121613, -80.2493001)",NC,Accountable Care Models,917,False
Making Care Primary (MCP) Model,"Cape Fear Clinic, Inc.","1605 Doctors Circle, Wilmington, NC (34.2058873, -77.929861)",NC,Accountable Care Models,918,False
Making Care Primary (MCP) Model,Clallam County Public Hospital District #2,"939 Caroline Street, Port Angeles, WA (48.1154849, -123.4172251)",WA,Accountable Care Models,919,False
Making Care Primary (MCP) Model,Community Health of Central Washington,"501 South 5th Avenue, Yakima, WA (46.593686, -120.5146199)",WA,Accountable Care Models,920,False
Making Care Primary (MCP) Model,"Person Family Medical Center, Inc","702 N. Main St., PO Box 350, Roxboro, NC (36.4020892, -78.9805497)",NC,Accountable Care Models,921,False
Making Care Primary (MCP) Model,"Gaston Family Health Services, Inc.","200 E. Second Avenue, Gastonia, NC (35.2613172, -81.1821185)",NC,Accountable Care Models,922,False
Making Care Primary (MCP) Model,New Hanover Community Health Center,"925 N 4th St, Wilmington, NC (34.2463846, -77.9490048)",NC,Accountable Care Models,923,False
Making Care Primary (MCP) Model,"Carolina Family Health Centers, Inc.","303 Green Street East, Wilson, NC (35.7248923, -77.9102943)",NC,Accountable Care Models,924,False
Making Care Primary (MCP) Model,Snowy Mountain Management PLLC,"2632 - 3 Carolina Beach Road, Wilmington, NC (34.1902253, -77.9374637)",NC,Accountable Care Models,925,False
Making Care Primary (MCP) Model,Metro Community Provider Network,"2255 S. Oneida St., Denver, CO (39.6761766, -104.9118104)",CO,Accountable Care Models,926,False
Making Care Primary (MCP) Model,Deepak Amin MD LLC,"4522 Kennedy Boulevard, Union City, NJ (40.780944, -74.027307)",NJ,Accountable Care Models,927,False
Making Care Primary (MCP) Model,Hyannis Family Medical Care,"5 Industrial Dr, Suite 100, Mashpee, MA (41.6050499, -70.4969955)",MA,Accountable Care Models,928,False
Making Care Primary (MCP) Model,"Onestop Medical Services, LLC","1314 Central Ave S, Suite 102, Kent, WA (47.368005, -122.232155)",WA,Accountable Care Models,929,False
Making Care Primary (MCP) Model,"Erickson Health Medical Group of North Carolina, P.C.","2030 Windsor Run Lake, Matthews, NC (35.0843063, -80.7245929)",NC,Accountable Care Models,930,False
Making Care Primary (MCP) Model,Dunia Health Organization,"11625 Rainier Ave South, Seattle, WA (47.4984813, -122.2232274)",WA,Accountable Care Models,931,False
Making Care Primary (MCP) Model,Medical Center Corp,"4700 E Iliff Ave, Denver, CO (39.6744501, -104.9356421)",CO,Accountable Care Models,932,False
Making Care Primary (MCP) Model,Health Solutions,"41 Montebello Road, Pueblo, CO (38.3060248, -104.6002565)",CO,Accountable Care Models,933,False
Making Care Primary (MCP) Model,Ted J Puls MD PC,"1619 N Greenwood Street, Suite 208, Pueblo, CO (38.2824252, -104.6162826)",CO,Accountable Care Models,934,False
Making Care Primary (MCP) Model,Denver Health and Hospital Authority,"777 Bannock Street, Mail Code 1925, Denver, CO (39.7282125, -104.9936503)",CO,Accountable Care Models,935,False
Making Care Primary (MCP) Model,Presbyterian Healthcare Services,"9521 San Mateo Blvd NE, Albuquerque, NM (35.1972932, -106.5901459)",NM,Accountable Care Models,936,False
Making Care Primary (MCP) Model,San Juan Regional Medical Center,"801 West Maple Street, Farmington, NM (36.7237666, -108.219383)",NM,Accountable Care Models,937,False
Making Care Primary (MCP) Model,La Clinica De Pueblo De Rio Arriba,"HWY 84, CR 0324 #14, Tierra Amarilla, NM (36.7119265, -106.5620279)",NM,Accountable Care Models,938,False
Making Care Primary (MCP) Model,"Family Medicine, PC","3825 Eubank Blvd NE, Suite A, Albuquerque, NM (35.1267274, -106.5364018)",NM,Accountable Care Models,939,False
Making Care Primary (MCP) Model,El Centro Family Health,"538 Paseo de Onate, Espanola, NM (35.9982477, -106.0884059)",NM,Accountable Care Models,940,False
Making Care Primary (MCP) Model,"Las Clinicas del Norte, Incorporated","State Road 571, Building 28, PO Box 237, EL Rito, NM (36.3306889, -106.1879468)",NM,Accountable Care Models,941,False
Making Care Primary (MCP) Model,"New Mexico Oncology Hematology Consultants, LTD","4901 Lang Avenue NE, Albuquerque, NM (35.173836, -106.5927289)",NM,Accountable Care Models,942,False
Making Care Primary (MCP) Model,"Albuquerque Health Care for the Homeless, Inc.","1217 1st Street NW, Albuquerque, NM (35.0955025, -106.6486709)",NM,Accountable Care Models,943,False
Making Care Primary (MCP) Model,Southwest Care Center,"1691 Galisteo St., Suite D, Santa Fe, NM (35.6596289, -105.9534225)",NM,Accountable Care Models,944,False
Making Care Primary (MCP) Model,Deming Hospital Corporation,"905 South 8th Street, Suite B, Deming, NM (32.2591963, -107.7707881)",NM,Accountable Care Models,945,False
Making Care Primary (MCP) Model,Deming Clinic Corporation,"905 South 8th Street, Suite A, Deming, NM (32.2591963, -107.7707881)",NM,Accountable Care Models,946,False
Making Care Primary (MCP) Model,Bridge To Life Clinical Consultants LLC,"811 Washington Rd, Parlin, NJ (40.4627565, -74.3291467)",NJ,Accountable Care Models,947,False
Making Care Primary (MCP) Model,Three Crosses Regional Hospital LLC,"2560 Samaritan Drive, Las Cruces, NM (32.3329868, -106.7822803)",NM,Accountable Care Models,948,False
Making Care Primary (MCP) Model,UNM Hospital,"2211 Lomas Blvd NE, Albuquerque, NM (35.0880637, -106.6198098)",NM,Accountable Care Models,949,False
Making Care Primary (MCP) Model,Carolina Caring Health Partners,"3975 Robinson Road, Newton, NC (35.643818, -81.2923676)",NC,Accountable Care Models,950,False
Making Care Primary (MCP) Model,SHAE Medical PLLC,"5306 NC Hwy 55, Suite 105, Durham, NC (35.8918836, -78.9026953)",NC,Accountable Care Models,951,False
Making Care Primary (MCP) Model,Gallup Community Health,"2022 E Aztec Ave, Gallup, NM (35.528105, -108.7152083)",NM,Accountable Care Models,952,False
Making Care Primary (MCP) Model,Wayne Hudson DO Integrated Medical Practice PLLC,"310 East Olive Street, Lamar, CO (38.0881138, -102.6182833)",CO,Accountable Care Models,953,False
Making Care Primary (MCP) Model,James Gonzales Corporation LLC,"12208 Mirandy CT NE, Albuquerque, NM (35.1789455, -106.5059819)",NM,Accountable Care Models,954,False
Making Care Primary (MCP) Model,Seattle Indian Health Board,"611 12th Avenue South, Seattle, WA (47.597235, -122.3206843)",WA,Accountable Care Models,955,False
Making Care Primary (MCP) Model,Neighborcare Health,"1200 12th Ave S, STE 901, Seattle, WA (47.5928996, -122.3183507)",WA,Accountable Care Models,956,False
Making Care Primary (MCP) Model,International Community Health Services,"720 8th Avenue South, Seattle, WA (47.5962717, -122.3244219)",WA,Accountable Care Models,957,False
Making Care Primary (MCP) Model,Yakima Valley Farm Workers Clinic,"604 W 1st Ave, Toppenish, WA (46.3746799, -120.3215288)",WA,Accountable Care Models,958,False
Making Care Primary (MCP) Model,NEW Health Programs Association,"509 E Main Ave, Chewelah, WA (48.2768652, -117.7130615)",WA,Accountable Care Models,959,False
Making Care Primary (MCP) Model,Tri-Cities Community Health,"800 West Court Street, Pasco, WA (46.2410177, -119.1025459)",WA,Accountable Care Models,960,False
Making Care Primary (MCP) Model,Association of University Physicians,"1959 NE Pacific Street, C-414, Box 356380, Seattle, WA (47.6494268, -122.3117016)",WA,Accountable Care Models,961,False
Making Care Primary (MCP) Model,Family Health Centers,"716 S 1st Avenue, Okanogan, WA (48.3597417, -119.5847965)",WA,Accountable Care Models,962,False
Making Care Primary (MCP) Model,The NATIVE Project,"1803 W Maxwell Ave, Spokane, WA (47.6705298, -117.4416827)",WA,Accountable Care Models,963,False
Making Care Primary (MCP) Model,Moses Lake Community Health Center,"605 Coolidge Street, Moses Lake, WA (47.129411, -119.2645453)",WA,Accountable Care Models,964,False
Making Care Primary (MCP) Model,Family Care Network  PLLC,"709 W Orchard Dr  Suite 4, Bellingham, WA (48.7783998, -122.48348)",WA,Accountable Care Models,965,False
Making Care Primary (MCP) Model,Unity Care Northwest,"1616 Cornwall Avenue, Suite 205, Bellingham, WA (48.7536291, -122.4772708)",WA,Accountable Care Models,966,False
Making Care Primary (MCP) Model,"Internal Medicine Of Brighton, PLLC","300 White Spruce Blvd., Suite 100, Rochester, NY (43.1037628, -77.6215538)",NY,Accountable Care Models,967,False
Making Care Primary (MCP) Model,One Community Health,"849 Pacific Ave, Hood River, OR (45.6962651, -121.5218489)",OR,Accountable Care Models,968,False
Making Care Primary (MCP) Model,Peninsula Community Health Services,"PO Box 960, Bremerton, WA (47.5346889, -122.7833643)",WA,Accountable Care Models,969,False
Transforming Maternal Health (TMaH) Model,State-led Participation,"Alabama (32.5532589, -89.3209579)",AL,State & Community-Based Models,970,False
Transforming Maternal Health (TMaH) Model,State-led Participation,"Arkansas (34.7471609, -93.448616)",AR,State & Community-Based Models,971,False
Transforming Maternal Health (TMaH) Model,State-led Participation,"California (36.8514276, -129.3630499)",CA,State & Community-Based Models,972,False
Transforming Maternal Health (TMaH) Model,State-led Participation,"Washington, D.C. (38.8938592, -77.0969765)",DC,State & Community-Based Models,973,False
Transforming Maternal Health (TMaH) Model,State-led Participation,"Illinois (39.7137214, -91.9061365)",IL,State & Community-Based Models,974,False
Transforming Maternal Health (TMaH) Model,State-led Participation,"Kansas (38.472765, -100.9598153)",KS,State & Community-Based Models,975,False
Transforming Maternal Health (TMaH) Model,State-led Participation,"Louisiana (30.915263, -94.0412152)",LA,State & Community-Based Models,976,False
Transforming Maternal Health (TMaH) Model,State-led Participation,"Maine (45.1619561, -71.6238206)",ME,State & Community-Based Models,977,False
Transforming Maternal Health (TMaH) Model,State-led Participation,"Minnesota (46.4153467, -96.0004695)",MN,State & Community-Based Models,978,False
Transforming Maternal Health (TMaH) Model,State-led Participation,"Mississippi (32.5450085, -92.5166706)",MI,State & Community-Based Models,979,False
Transforming Maternal Health (TMaH) Model,State-led Participation,"New Jersey (40.0677543, -76.0434301)",NJ,State & Community-Based Models,980,False
Transforming Maternal Health (TMaH) Model,State-led Participation,"Oklahoma (35.2848468, -101.3567182)",OK,State & Community-Based Models,981,False
Transforming Maternal Health (TMaH) Model,State-led Participation,"South Carolina (33.6010076, -82.2458187)",SC,State & Community-Based Models,982,False
Transforming Maternal Health (TMaH) Model,State-led Participation,"West Virginia (38.9148861, -81.5011803)",WV,State & Community-Based Models,983,False
Transforming Maternal Health (TMaH) Model,State-led Participation,"Wisconsin (44.7953081, -94.573045)",WI,State & Community-Based Models,984,False
ACO REACH,"Accountable Care Models Coalition of Direct Contracting, LLC","1668 S. Garfield Avenue, 2nd Floor Alhambra CA (34.0755723, -118.1253277)",CA,Accountable Care Models,985,
ACO REACH,"Accountable Care Models Coalition of Southeast Texas, Inc.","1668 S. Garfield Avenue, 2nd Floor Alhambra CA (34.0755723, -118.1253277)",CA,Accountable Care Models,986,
ACO REACH,"Accountable Care Models Organization of Advocate Aurora Health, LLC","750 West Virginia Street, Milwaukee, WI (43.0267121, -87.9234218)",WI,Accountable Care Models,987,
ACO REACH,"ACO REACH South Texas, LLC","367 S Gulph Road, King of Prussia, PA (40.078387, -75.370303)",PA,Accountable Care Models,988,
ACO REACH,"Advanced Illness Partners, LLC","2300 N St NW, #630 Washington DC (38.9070383, -77.0531746)",DC,Accountable Care Models,989,
ACO REACH,"AdventHealth Senior Care, Inc","900 HOPE WAY, Altamonte Springs, FL (28.641799, -81.414096)",FL,Accountable Care Models,990,
ACO REACH,"agilon health Coastal ACO, Inc.","6210 E Highway 290 #450, AUSTIN, TX (30.322783, -97.703021)",TX,Accountable Care Models,991,
ACO REACH,"agilon health Columbus Ohio ACO, Inc.","6210 E Highway 290 #450, AUSTIN, TX (30.322783, -97.703021)",TX,Accountable Care Models,992,
ACO REACH,"agilon health Mid-Atlantic ACO, Inc.","6210 E Highway 290 #450, AUSTIN, TX (30.322783, -97.703021)",TX,Accountable Care Models,993,
ACO REACH,"agilon health Northeast Ohio ACO, Inc.","6210 E Highway 290 #450, AUSTIN, TX (30.322783, -97.703021)",TX,Accountable Care Models,994,
ACO REACH,"agilon health Northeastern ACO, Inc.","6210 E Highway 290 #450, AUSTIN, TX (30.322783, -97.703021)",TX,Accountable Care Models,995,
ACO REACH,"agilon health Ohio ACO, Inc.","6210 E Highway 290 #450, AUSTIN, TX (30.322783, -97.703021)",TX,Accountable Care Models,996,
ACO REACH,"agilon health Pennsylvania ACO, Inc.","6210 E Highway 290 #450, AUSTIN, TX (30.322783, -97.703021)",TX,Accountable Care Models,997,
ACO REACH,"agilon health Texas ACO, Inc.","6210 E Highway 290 #450, AUSTIN, TX (30.322783, -97.703021)",TX,Accountable Care Models,998,
ACO REACH,"Aledade Accountable Care Models 128, LLC","4550 Montgomery Ave #950N, Bethesda, MD (38.983813, -77.091588)",MD,Accountable Care Models,999,
ACO REACH,Allina Health System,"2925 Chicago Avenue, Minneapolis, MN (44.949293, -93.261158)",MN,Accountable Care Models,1000,
ACO REACH,"American Choice Healthcare, LLC","14750 NW 77th Ct, Miami Lakes, FL (25.907572, -80.324439)",FL,Accountable Care Models,1001,
ACO REACH,"America's MDE, LLC","1344 S. Apollo Suite 303, Melbourne, FL (28.087293, -80.618605)",FL,Accountable Care Models,1002,
ACO REACH,APA ACO Inc.,"1668 S. Garfield Avenue, 2nd Floor Alhambra CA (34.0755723, -118.1253277)",CA,Accountable Care Models,1003,
ACO REACH,"Arizona Health Advantage, Inc","585 N Juniper Drive, Ste 200, Chandler, AZ (33.311984, -111.917388)",AZ,Accountable Care Models,1004,
ACO REACH,Asaar Medical Inc.,"2385 NW Executive Center Drive Boca Raton FL (26.3698123, -80.1311941)",FL,Accountable Care Models,1005,
ACO REACH,Assurity DCE LLC,"3535 Little Rd., Trinity, FL (27.906823, -82.176749)",FL,Accountable Care Models,1006,
ACO REACH,"ATLAS IPA, LLC","2616 Halperin Avenue, Bronx, NY (40.843107, -73.843909)",NY,Accountable Care Models,1007,
ACO REACH,"Alignment Health ACO, LLC","1100 W. Town and Country Road, #1600 Orange CA (33.7763774, -117.8661969)",CA,Accountable Care Models,1008,
ACO REACH,"BH ACO, LLC","201 King of Prussia Rd, Radnor, PA (40.095288, -75.382861)",PA,Accountable Care Models,1009,
ACO REACH,Bloom Health Network LLC (d/b/a Bloom Healthcare),"10900 West 44th Avenue, Wheat Ridge, CO (39.777875, -105.119874)",CO,Accountable Care Models,1010,
ACO REACH,Bluerock Care Community LLC (DBA: Penn Ave Health),"12600 West Colfax Avenue Suite B-200 Lakewood CO (39.7389875, -105.1429537)",CO,Accountable Care Models,1011,
ACO REACH,CareConnectMD DCE LLC,"3090 Bristol Street, Costa Mesa, CA (33.685467, -117.88549)",CA,Accountable Care Models,1012,
ACO REACH,CareMount Value Partners IPA,"90 S Bedford RD, Mount Kisco, NY (41.196515, -73.71998)",NY,Accountable Care Models,1013,
ACO REACH,"Castell Accountable Care Models, LLC","36 S State Street Ste 2200, Salt Lake City, UT (40.768351, -111.888539)",UT,Accountable Care Models,1014,
ACO REACH,"Catholic Medical Partners-Accountable Care Models IPA, INC","144 Genesee St., Fifth Floor, Buffalo, NY (42.890136, -78.869226)",NY,Accountable Care Models,1015,
ACO REACH,"CenterWell Care Solutions, Inc.","500 W. Main St., Louisville, KY (38.256512, -85.758898)",KY,Accountable Care Models,1016,
ACO REACH,"Revere Health Collaborative Network, LLC","1055 North 500 West Administration building B, Provo, UT (40.249022, -111.668299)",UT,Accountable Care Models,1017,
ACO REACH,"CHESS Genesis, LLC","165 Kimel Park Drive, Winston-Salem, NC (36.058579, -80.297529)",NC,Accountable Care Models,1018,
ACO REACH,CHS ACO Op Co LLC,"10123 Alliance Road Blue Ash OH (39.2439753, -84.3855034)",OH,Accountable Care Models,1019,
ACO REACH,CINQCARE ACO REACH LLC,"2300 N St NW, #630 Washington DC (38.9070383, -77.0531746)",DC,Accountable Care Models,1020,
ACO REACH,"Harbor Health ACO, LLC","3908 Avenue B, Suite 204 Austin TX (30.3045343, -97.7383677)",TX,Accountable Care Models,1021,
ACO REACH,Collaborative Care Partners LLC,"2500 MetroHealth Dr, Cleveland, OH (41.462453, -81.697326)",OH,Accountable Care Models,1022,
ACO REACH,Commonwealth Primary Care ACO LLC,"4742 N 24th Street, Phoenix, AZ (33.506798, -112.030382)",AZ,Accountable Care Models,1023,
ACO REACH,"Community Care Contracting, LLC","711 Troy Schenectady Road, Ste. 201, Latham, NY (42.75813, -73.777372)",NY,Accountable Care Models,1024,
ACO REACH,C3 REACH LLC,"75 Federal Street, Boston, MA (42.355279, -71.0568)",MA,Accountable Care Models,1025,
ACO REACH,Complete Care Academy Collaborative,"330 Hudson Street, New York, NY (40.727019, -74.007181)",NY,Accountable Care Models,1026,
ACO REACH,Complete Care Collaborative of the Midwest,"330 Hudson St, New York, NY (40.727019, -74.007181)",NY,Accountable Care Models,1027,
ACO REACH,Complete Care Collaborative of the South,"330 Hudson St, New York, NY (40.727019, -74.007181)",NY,Accountable Care Models,1028,
ACO REACH,Complete Health Accountable Care Models LLC,"841 Prudential Drive Jacksonville FL (30.3178936, -81.6654707)",FL,Accountable Care Models,1029,
ACO REACH,"CVS Accountable Care Models Organization, Inc.","233 Spring Street East, New York, NY (40.72569, -74.004874)",NY,Accountable Care Models,1030,
ACO REACH,"Esse Health ACO, LLC","12655 Olive Blvd 4th Floor, St Louis, MO (38.678051, -90.467774)",MO,Accountable Care Models,1031,
ACO REACH,Fairview Health Services,"2450 Riverside Avenue, Minneapolis, MN (44.96628, -93.236956)",MN,Accountable Care Models,1032,
ACO REACH,"Genuine Health Direct, LLC","806 South Douglas Road, Coral Gables, FL (25.764579, -80.255286)",FL,Accountable Care Models,1033,
ACO REACH,HarmonyCares ACO LLC,"500 Kirts Blvd, Troy, MI (42.55688, -83.153152)",MI,Accountable Care Models,1034,
ACO REACH,Health Partners for the Elderly LLC,"1785 Northpointe Parkway Lutz FL (28.1845993, -82.540625)",FL,Accountable Care Models,1035,
ACO REACH,Honest ACO of Michigan LLC,"210 Athens Way, Ste. 200, Nashville, TN (36.194107, -86.798853)",TN,Accountable Care Models,1036,
ACO REACH,Honest ACO of New York LLC,"210 Athens Way, Ste. 200, Nashville, TN (36.194107, -86.798853)",TN,Accountable Care Models,1037,
ACO REACH,"Humana Direct Contracting Entity, Inc.","500 W Main St., Louisville, KY (38.256512, -85.758898)",KY,Accountable Care Models,1038,
ACO REACH,"ilumed, LLC","775 W Indiantown Road Suite 4, Jupiter, FL (26.934364, -80.107647)",FL,Accountable Care Models,1039,
ACO REACH,"Indiana University Health ACO, Inc.","340 West 10th Ave, Indianapolis, IN (39.781555, -86.165162)",IN,Accountable Care Models,1040,
ACO REACH,Innovation Care Partners REACH LLC,"8901 E Mountain View Road, Scottsdale, AZ (33.573577, -111.887657)",AZ,Accountable Care Models,1041,
ACO REACH,"Iora Health NE DCE, LLC (DBA Iora Health Network)","1 Embarcadero Center San Francisco CA (37.7946549, -122.4024011)",CA,Accountable Care Models,1042,
ACO REACH,Medical Home Network REACH ACO,"180 N. Stetson, Suite 600-1, Chicago, IL (41.885148, -87.623128)",IL,Accountable Care Models,1043,
ACO REACH,"'N HEALTH NETWORK PARTNERS, LLC","9822 TAPESTRY PARK CIR, JACKSONVILLE, FL (30.257893, -81.553484)",FL,Accountable Care Models,1044,
ACO REACH,DULY HEALTH AND ACCOUNTABLE CARE ORGANIZATION,"1100 31st Street, Downers Grove, IL (41.831207, -88.013301)",IL,Accountable Care Models,1045,
ACO REACH,"NeueHealth Advantage ACO, LLC","8000 Norman Center Drive, Bloomington, MN (43.86663, -93.05103)",MN,Accountable Care Models,1046,
ACO REACH,"NeueHealth Community ACO, LLC","8000 Norman Center Drive, Minneapolis, MN (44.858355, -93.357391)",MN,Accountable Care Models,1047,
ACO REACH,"NeueHealth Premier ACO, LLC","8000 Norman Center Drive, Bloomington, MN (43.86663, -93.05103)",MN,Accountable Care Models,1048,
ACO REACH,Nevada Care Connect,"6330 S. Jones Blvd Las Vegas NV (36.074289, -115.2267443)",NV,Accountable Care Models,1049,
ACO REACH,"Nivano Physicians, Inc. IPA","1420 River Park Drive Suite 200, Sacramento, CA (38.597596, -121.439286)",CA,Accountable Care Models,1050,
ACO REACH,North East Medical Services,"2171 Junipero Serra Blvd, Daly City, CA (37.697729, -122.47053)",CA,Accountable Care Models,1051,
ACO REACH,Northern Michigan Health Network dba NPO-CIN,"4290 Copper Ridge Dr., Traverse City, MI (44.7471, -85.655559)",MI,Accountable Care Models,1052,
ACO REACH,Oak Street Health Medicare Partners LLC,"30 W. Monroe St., Chicago, IL (41.881086, -87.628584)",IL,Accountable Care Models,1053,
ACO REACH,"On Belay Health Solutions, LLC","100 Summer Street Boston MA (42.3538143, -71.0599659)",MA,Accountable Care Models,1054,
ACO REACH,"Optimum NY Independent Practice Association, LLC","726 Exchange St., Buffalo, NY (42.87485, -78.849625)",NY,Accountable Care Models,1055,
ACO REACH,P3 Health Partners REACH ACO LLC,"2370 Corporate Cir, Henderson, NV (36.025364, -115.087214)",NV,Accountable Care Models,1056,
ACO REACH,Park Nicollet Health Services ACO LLC d/b/a HealthPartners ACO,"3800 Park Nicollet Blvd, St Louis Park, MN (44.934006, -93.265369)",MN,Accountable Care Models,1057,
ACO REACH,"Pathways Accountable Care Models, LLC d/b/a Pathways Health Partners","700 West Main St, Leesburg, FL (28.811342, -81.878593)",FL,Accountable Care Models,1058,
ACO REACH,PCMA Cooperative LLC,"2000 Cliff Mine Road, Pittsburgh, PA (40.47441, -79.950968)",PA,Accountable Care Models,1059,
ACO REACH,PeaceHealth Direct Contracting LLC,"1115 SE 164th Avenue, Vancouver, WA (45.613336, -122.50108)",WA,Accountable Care Models,1060,
ACO REACH,"Pearl Network, LLC","220 5th Avenue, New York, NY (40.743678, -73.988252)",NY,Accountable Care Models,1061,
ACO REACH,"Pearl Primary Care Network, LLC","220 5th Avenue, New York, NY (40.743678, -73.988252)",NY,Accountable Care Models,1062,
ACO REACH,"Physician Leaders Direct Contracting Entity, LLC","1985 Marcus Avenue Suite 202, Lake Success, NY (40.75668, -73.693095)",NY,Accountable Care Models,1063,
ACO REACH,"Physician Partners ACO Reach, LLC","601 S. Harbour Island Blvd,, Tampa, FL (27.938655, -82.454822)",FL,Accountable Care Models,1064,
ACO REACH,Physicians Healthcare Collaborative,"1202 Medical Center Drive, Wilmington, NC (34.202078, -77.929271)",NC,Accountable Care Models,1065,
ACO REACH,"Primary Care Alliance, LLC","410 Fern Drive Leesburg FL (28.8160511, -81.847391)",FL,Accountable Care Models,1066,
ACO REACH,Prime Accountable Care Models East LLC,"20 Burton Hills Blvd, Nashville, TN (36.094639, -86.82228)",TN,Accountable Care Models,1067,
ACO REACH,"PRIME HEALTHCARE ACO, LLC","3480 E. Guasti Road, Ontario, CA (34.065056, -117.576323)",CA,Accountable Care Models,1068,
ACO REACH,"Provider Partners Connect Care, LLC","785 Elkridge Landing Road, Suite 300, Linthicum, MD (39.193473, -76.680768)",MD,Accountable Care Models,1069,
ACO REACH,"Rancho Health Management, LLC","28780 Single Oak Dr Suite 260, Temecula, CA (33.499369, -117.160908)",CA,Accountable Care Models,1070,
ACO REACH,"Reliant Medical Group, Inc.","5 Neponset St, Worcester, MA (42.299075, -71.801235)",MA,Accountable Care Models,1071,
ACO REACH,"RGV ACO Health Providers, LLC","303 N D Salinas Blvd., Donna, TX (26.173668, -98.041443)",TX,Accountable Care Models,1072,
ACO REACH,"St. Luke's Clinic Coordinated Care, Ltd","190 E. Bannock Street, Boise, Boise, ID (43.612369, -116.191687)",ID,Accountable Care Models,1073,
ACO REACH,"Subsero Healthcare, LLC d/b/a MAX Healthcare #1","3030 N. Rocky Point Tampa FL (27.9686233, -82.5716845)",FL,Accountable Care Models,1074,
ACO REACH,"Temple Care, Inc","3509 N Broad St, Philadelphia, PA (40.006265, -75.151751)",PA,Accountable Care Models,1075,
ACO REACH,"Triad HealthCare Network, LLC.","1200 N. Elm St., Greensboro, NC (36.090748, -79.787714)",NC,Accountable Care Models,1076,
ACO REACH,"Tri-Shield Health, Inc. ","4101 Charlotte Avenue Nashville TN (36.1515932, -86.838765)",TN,Accountable Care Models,1077,
ACO REACH,"United Physicians Association, Inc","9892 Garden Grove Blvd., Garden Grove, CA (33.773156, -117.959553)",CA,Accountable Care Models,1078,
ACO REACH,UT Southwestern Accountable Care Models Network,"1601 Lyndon B. Johnson Freeway, Farmers Branch, TX (32.907936, -96.920841)",TX,Accountable Care Models,1079,
ACO REACH,"VillageMD Primary Providers ACO III, LLC","125 S. Clark Street Suite 900, Chicago, IL (41.880074, -87.630688)",NJ,Accountable Care Models,1080,
ACO REACH,"VillageMD Primary Providers ACO IV, LLC","3445 Peachtree Road, Suite 1200, Atlanta, GA (33.850354, -84.361882)",NJ,Accountable Care Models,1081,
ACO REACH,"VillageMD Primary Providers ACO II, LLC","9055 Katy Fwy Suite 100, Houston, TX (29.783489, -95.512194)",TX,Accountable Care Models,1082,
ACO REACH,"VillageMD Primary Providers ACO V, LLC","125 S. Clark Street Suite 900, Chicago, IL (41.880074, -87.630688)",NJ,Accountable Care Models,1083,
ACO REACH,"VillageMD New Hampshire ACO, LLC","6 Tsienneto Road Suite 300, Derry, NH (42.897458, -71.324086)",NH,Accountable Care Models,1084,
ACO REACH,"VillageMD Primary Providers ACO, LLC","125 S. Clark Street Suite 900, Chicago, IL (41.880074, -87.630688)",NJ,Accountable Care Models,1085,
ACO REACH,Vytalize Health 9 ACO LLC,"2 Hudson Place, Hoboken, NJ (40.735902, -74.028192)",NJ,Accountable Care Models,1086,
ACO REACH,"Wellvana Premier Care, LLC","20 Burton Hills Blvd, Nashville, TN (36.094639, -86.82228)",TN,Accountable Care Models,1087,
ACO Primary Care Flex Model,"Aledade Kansas ACO, LLC d.b.a. Aledade A2909 FL MSSP Enhanced","4550 Montgomery Ave., Ste 950N Bethesda MD (38.9837738, -77.0940842)",MD,Accountable Care Models,1088,False
ACO Primary Care Flex Model,"Aledade Louisiana ACO, LLC d.b.a. Aledade A2918 LA MSSP Enhanced","4550 Montgomery Ave., Ste 950N Bethesda MD (38.9837738, -77.0940842)",MD,Accountable Care Models,1089,False
ACO Primary Care Flex Model,Physician Partners of Western PA LLC d.b.a. Physicians Partners of Western PA,"120 Fifth Avenue Place Pittsburgh PA (40.4421442, -80.0060051)",PA,Accountable Care Models,1090,False
ACO Primary Care Flex Model,"Aledade Accountable Care 22, LLC d.b.a. Aledade 22 National MSSP","4550 Montgomery Ave., Ste 950N Bethesda MD (38.9837738, -77.0940842)",MD,Accountable Care Models,1091,False
ACO Primary Care Flex Model,"Aledade Accountable Care 37, LLC d.b.a. Aledade 37 VA MSSP Enhanced","4550 Montgomery Ave., Ste 950N Bethesda MD (38.9837738, -77.0940842)",MD,Accountable Care Models,1092,False
ACO Primary Care Flex Model,"Aledade Accountable Care 48, LLC d.b.a. Aledade 48 National MSSP","4550 Montgomery Ave., Ste 950N Bethesda MD (38.9837738, -77.0940842)",MD,Accountable Care Models,1093,False
ACO Primary Care Flex Model,"ACMG Health Systems, Inc. d.b.a. ACMG","806 South Douglas Road, Ste 700 Coral Gables FL (25.7632972, -80.2594743)",FL,Accountable Care Models,1094,False
ACO Primary Care Flex Model,"Aledade Accountable Care 58, LLC d.b.a. Aledade 58 AR CHC MSSP Enhanced","4550 Montgomery Ave., Ste 950N Bethesda MD (38.9837738, -77.0940842)",MD,Accountable Care Models,1095,False
ACO Primary Care Flex Model,"Aledade Accountable Care 102, LLC d.b.a. Aledade 102 NC TN CHC MSSP Enhanced","4550 Montgomery Ave., Ste 950N Bethesda MD (38.9837738, -77.0940842)",MD,Accountable Care Models,1096,False
ACO Primary Care Flex Model,"Aledade Accountable Care 150, LLC d.b.a. Aledade PACHC MSSP Enhanced","4550 Montgomery Ave., Ste 950N Bethesda MD (38.9837738, -77.0940842)",MD,Accountable Care Models,1097,False
ACO Primary Care Flex Model,"Aledade Accountable Care 151, LLC d.b.a.. Aledade 151 Northern Territories MSSP Enhanced","4550 Montgomery Ave., Ste 950N Bethesda MD (38.9837738, -77.0940842)",MD,Accountable Care Models,1098,False
ACO Primary Care Flex Model,"Aledade Accountable Care 158, LLC d.b.a. Aledade 158 TX MSSP Enhanced","4550 Montgomery Ave., Ste 950N Bethesda MD (38.9837738, -77.0940842)",MD,Accountable Care Models,1099,False
ACO Primary Care Flex Model,"Aledade Accountable Care 160, LLC d.b.a. Aledade 160 VA CHC MSSP Enhanced","4550 Montgomery Ave., Ste 950N Bethesda MD (38.9837738, -77.0940842)",MD,Accountable Care Models,1100,False
ACO Primary Care Flex Model,"Aledade Accountable Care 196, LLC d.b.a., Aledade 196 Advocare Collaborative Health MSSP","4550 Montgomery Ave., Ste 950N Bethesda MD (38.9837738, -77.0940842)",MD,Accountable Care Models,1101,False
ACO Primary Care Flex Model,Saint Francis Accountable Health Alliance LLC,"6161 South Yale Ave. Tulsa OK (36.0727094, -95.9224229)",OK,Accountable Care Models,1102,False
ACO Primary Care Flex Model,"Medical Partners Management Group, LLC  d.b.a. MPMG ACO","1732 S. Congress Ave., Ste 346 Palm Springs FL (26.6393289, -80.0898235)",FL,Accountable Care Models,1103,False
ACO Primary Care Flex Model,"NeueHealth Collaborative Care, LLC","8000 Norman Center Drive, Ste 900 Minneapolis MN (44.8523202, -93.3533906)",MN,Accountable Care Models,1104,False
ACO Primary Care Flex Model,"Aledade Accountable Care 201, LLC d.b.a. Aledade 201 National MSSP","4550 Montgomery Ave., Ste 950N Bethesda MD (38.9837738, -77.0940842)",MD,Accountable Care Models,1105,False
ACO Primary Care Flex Model,RIPC Population Management LLC,"150 New London Ave. Cranston RI (41.761969, -71.4619956)",RI,Accountable Care Models,1106,False
ACO Primary Care Flex Model,"CCCN ACO, LLC","18 S. Mission St., Ste 300 Wenalchee WA (47.4234785, -120.315114)",WA,Accountable Care Models,1107,False
ACO Primary Care Flex Model,C3 MSSP Enhanced LLC,"75 Federal St.., 7th Floor Boston MA (42.3549992, -71.0593953)",MA,Accountable Care Models,1108,False
ACO Primary Care Flex Model,ElevateCare Network LLC,"4055 Valley View Lane Dallas  TX (32.9261083, -96.8462312)",TX,Accountable Care Models,1109,False
ACO Primary Care Flex Model,"My Choice Quality Care Network, LLC","3710 Ruffin Rd San Diego CA (32.8108275, -117.1246275)",CA,Accountable Care Models,1110,False
ACO Primary Care Flex Model,OBHS ACO 1 LLC,"100 Summer Street, Ste 1600 Boston MA (42.3537887, -71.0599999)",MA,Accountable Care Models,1111,False
Pennsylvania Rural Health Model,OLEAN GENERAL HOSPITAL/BRADFORD REGIONAL MEDICAL CENTER,"116 Interstate Pkwy, Bradford, PA 16701 (41.9608965, -78.6618623)",PA ,Health Plan Models,1112,
Pennsylvania Rural Health Model,CLARION HOSPITAL,"1 Hospital Dr, Clarion, PA 16214 (41.1922766, -79.4003373)",PA,Health Plan Models,1113,
Pennsylvania Rural Health Model,PENN HIGHLAND CONNELLSVILLE,"401 E Murphy Ave, Connellsville, PA 15425 (40.0230004, -79.5892877)",PA,Health Plan Models,1114,
Pennsylvania Rural Health Model,INDIANA REGIONAL MEDICAL CENTER,"835 Hospital Rd, Indiana PA 15701 (40.6076106, -79.1591047)",PA,Health Plan Models,1115,
Pennsylvania Rural Health Model,MEADVILLE MEDICAL CENTER ,"751 Liberty St, Meadville, PA 16335 (41.6412872, -80.1470646)",PA,Health Plan Models,1116,
Primary Care First Model Options,"Govinda Lohani, MD, PA","4020 Richards Road, Ste C N Little Rock, AR (34.790441, -92.213149)",AR,Accountable Care Models,1117,
Primary Care First Model Options,Arkansas Longevity Center,"2300 Andover Ct, Suite 400, Little Rock, AR (34.775137, -92.3686903)",AR,Accountable Care Models,1118,
Primary Care First Model Options,Lake Hamilton Family Medicine,"1661 Airport Road, Ste F Hot Springs, AR (34.466371, -93.142741)",AR,Accountable Care Models,1119,
Primary Care First Model Options,Palliative Community Resources,"2200 South Bowman Road, Suite A Little Rock, AR (34.734605, -92.407664)",AR,Accountable Care Models,1120,
Primary Care First Model Options,CHI St. Vincent Primary Care Braden St.,"1401 Braden St, Jacksonville, AR (34.87219458461044, -92.12430666567842)",AR,Accountable Care Models,1121,
Primary Care First Model Options,Dr. Andys Family Practice,"1809 Ozarka College Drive, Mountain View, AR (35.85653799393053, -92.0879793130271)",AR,Accountable Care Models,1122,
Primary Care First Model Options,Fayetteville Diagnostic Clinic,"3344 N Futrall Drive, Fayetteville, AR (36.112049667216866, -94.15590353969294)",AR,Accountable Care Models,1123,
Primary Care First Model Options,MANA Family Medicine Har-Ber,"171 N Maestri, Suite 1, Springdale, AR (36.17745931547948, -94.22095213747627)",AR,Accountable Care Models,1124,
Primary Care First Model Options,MANA Family Medicine North,"3340 N College Avenue, Fayetteville, AR (36.112131809867975, -94.14324502187932)",AR,Accountable Care Models,1125,
Primary Care First Model Options,MANA Family Medicine Pinnacle Hills,"3730 South Pinnacle Hills Parkway, Suite 2, Rogers, AR (36.30104473619771, -94.19001428139862)",AR,Accountable Care Models,1126,
Primary Care First Model Options,MANA Family Medicine Prairie Grove,"775 E Douglas, Prairie Grove, AR (35.9822547230787, -94.30665114629392)",AR,Accountable Care Models,1127,
Primary Care First Model Options,MANA Family Medicine South,"2523 Huntsville Road, Fayetteville, AR (36.052623230988445, -94.126559251047)",AR,Accountable Care Models,1128,
Primary Care First Model Options,MANA Family Medicine Springdale,"1109 S West End Street, Springdale, AR (36.17554300286599, -94.14693196962911)",AR,Accountable Care Models,1129,
Primary Care First Model Options,MANA Family Medicine Thompson,"4401 S Thompson Street, Springdale, AR (36.145262707092456, -94.14337997052044)",AR,Accountable Care Models,1130,
Primary Care First Model Options,Eureka Springs Family Clinic- WRMS,"146 A Passion Play Road, Eureka Springs, AR (36.394938019288205, -93.71091500563124)",AR,Accountable Care Models,1131,
Primary Care First Model Options,Senior Clinic - WRMS,"12 East Appleby Road, Suite 101, Fayetteville, AR (36.108698037503615, -94.15693853709705)",AR,Accountable Care Models,1132,
Primary Care First Model Options,Farmington Family Clinic - WRMS,"199 East Main Street, Farmington, AR (36.043474551310524, -94.23186981781939)",AR,Accountable Care Models,1133,
Primary Care First Model Options,Fayetteville Family Clinic - WRMS,"3 East Appleby Road, Suite 301, Fayetteville, AR (36.10731795714578, -94.15751236218843)",AR,Accountable Care Models,1134,
Primary Care First Model Options,Shiloh Family Clinic - WRMS,"513 N Shiloh Street, Springdale, AR (36.18896477678277, -94.13374664920092)",AR,Accountable Care Models,1135,
Primary Care First Model Options,West Washington County Clinic - WRMS,"106 E Park Street, Lincoln, AR (35.94884582524764, -94.423004335371)",AR,Accountable Care Models,1136,
Primary Care First Model Options,Harrison Family Practice Clinic - WRMS,"715 W Sherman, Suite G, Harrison, AR (36.24145066190579, -93.11449674568814)",AR,Accountable Care Models,1137,
Primary Care First Model Options,Bray Family Medicine,"303 Professional Park Drive, Arkadelphia, AR (34.12058470031273, -93.09030883623767)",AR,Accountable Care Models,1138,
Primary Care First Model Options,"Mark A. Ramiro, MD, PA","1400 Claud Road, White Hall, AR (34.258608996988556, -92.10515400027165)",AR,Accountable Care Models,1139,
Primary Care First Model Options,Fountain Lake Family Medicine,"4517 Park Avenue, Hot Springs, AR (34.57721540451851, -92.98403552406656)",AR,Accountable Care Models,1140,
Primary Care First Model Options,West Gate Family Medicine,"2266 Albert Pike, Hot Springs, AR (34.49329495173566, -93.10403914801033)",AR,Accountable Care Models,1141,
Primary Care First Model Options,Hamilton West Family Medicine,"1629 Airport Road, Suite B, Hot Springs, AR (34.46692296977477, -93.14063923114009)",AR,Accountable Care Models,1142,
Primary Care First Model Options,CHI St. Vincent Primary Care - Midtowne,"1100 N University, Suite 1, Little Rock, AR (34.76182594185781, -92.34151285716403)",AR,Accountable Care Models,1143,
Primary Care First Model Options,CHI St. Vincent Primary and Convenient Care - University,"10301 Kanis Rd, Ste 1, Little Rock, AR (34.7420197, -92.3918921)",AR,Accountable Care Models,1144,
Primary Care First Model Options,CHI St. Vincent Primary Care - Sherwood,"7709 Highway 107, Sherwood, AR (34.82542283592066, -92.23189441125463)",AR,Accountable Care Models,1145,
Primary Care First Model Options,CHI St. Vincent Primary Care - Scott,"15111 Highway 165, Scott, AR (34.700657410873404, -92.10003047813663)",AR,Accountable Care Models,1146,
Primary Care First Model Options,Baptist Health Family Clinic - Otter Creek,"11321 Interstate 30, #101, Little Rock, AR (34.65689176444751, -92.40208669211813)",AR,Accountable Care Models,1147,
Primary Care First Model Options,Baptist Health Family Clinic - White Hall,"7500 Dollarway Road, Suite 104, White Hall, AR (34.26456601557534, -92.0861109868093)",AR,Accountable Care Models,1148,
Primary Care First Model Options,Baptist Health Family Clinic - Lakewood,"2508 Crestwood Lane, North Little Rock, AR (34.79909008126664, -92.23581856686427)",AR,Accountable Care Models,1149,
Primary Care First Model Options,CHI St. Vincent Primary Care - Main Campus,"1 Mercy Lane, Suite 506, Hot Springs, AR (34.467638155663224, -93.068012973791)",AR,Accountable Care Models,1150,
Primary Care First Model Options,CHI St. Vincent Primary Care - HSV East,"410 Ponce De Leon Drive, Hot Springs Village, AR (34.63990663394327, -92.88872926164825)",AR,Accountable Care Models,1151,
Primary Care First Model Options,CHI St. Vincent Primary Care - 70 West,"1707 Airport Road, Hot Springs, AR (34.465567532212276, -93.14282816515436)",AR,Accountable Care Models,1152,
Primary Care First Model Options,CHI St. Vincent Primary Care - 270 West,"2825 Albert Pike Road, Hot Springs, AR (34.49879268393795, -93.12290790170566)",AR,Accountable Care Models,1153,
Primary Care First Model Options,CHI St. Vincent Primary Care - Malvern,"1424 Tanner Street, Malvern, AR (34.385852825076256, -92.82855792568463)",AR,Accountable Care Models,1154,
Primary Care First Model Options,CHI St. Vincent Primary and Convenient Care - Chenal,"16221 Street Vincent Way, Little Rock, AR (34.76461058365524, -92.45996943993286)",AR,Accountable Care Models,1155,
Primary Care First Model Options,UCLA Health - Santa Monica Internal Medicine,"1245 16th Street, Ste 309 Santa Monica, CA (34.027255, -118.485701)",CA,Accountable Care Models,1156,
Primary Care First Model Options,Salinas Valley Health Clinics - Primecare Salinas,"355 Abbott Street, 100 Salinas, CA (36.665469, -121.643957)",CA,Accountable Care Models,1157,
Primary Care First Model Options,VM Medical Group,"8251 Westminster Blvd, Ste 110, Westminster, CA (33.7595456, -117.9872851)",CA,Accountable Care Models,1158,
Primary Care First Model Options,John Muir Physician Network,"3440 Hillcrest Avenue, Ste 150 Antioch, CA (37.986983, -121.780175)",CA,Accountable Care Models,1159,
Primary Care First Model Options,John Muir Physician Network,"3100 San Pablo Avenue, Ste 310 Berkeley, CA (37.850675, -122.286265)",CA,Accountable Care Models,1160,
Primary Care First Model Options,John Muir Physician Network,"2700 Grant Street, Ste 200 Concord, CA (37.984113, -122.035744)",CA,Accountable Care Models,1161,
Primary Care First Model Options,John Muir Physician Network,"2621 Shadelands Drive Walnut Creek, CA (37.927442, -122.022951)",CA,Accountable Care Models,1162,
Primary Care First Model Options,John Muir Physician Network,"2400 Balfour Road, Ste 201 Brentwood, CA (37.92522, -121.734926)",CA,Accountable Care Models,1163,
Primary Care First Model Options,John Muir Physician Network,"2101 Vale Road, Ste 201 San Pablo, CA (37.95425, -122.337228)",CA,Accountable Care Models,1164,
Primary Care First Model Options,John Muir Physician Network,"200 Porter Drive, Ste 300 San Ramon, CA (37.773784, -121.9912)",CA,Accountable Care Models,1165,
Primary Care First Model Options,John Muir Physician Network,"1505 St Alphonsus Way Alamo, CA (37.853537, -122.035216)",CA,Accountable Care Models,1166,
Primary Care First Model Options,John Muir Physician Network,"1450 Treat Boulevard, Ste 120A Walnut Creek, CA (37.926496, -122.052706)",CA,Accountable Care Models,1167,
Primary Care First Model Options,John Muir Physician Network,"140 Brookwood Road, Ste 201 Orinda, CA (37.877024, -122.181729)",CA,Accountable Care Models,1168,
Primary Care First Model Options,John Muir Physician Network,"1914 Tice Valley Blvd, Walnut Creek, CA (37.8789154, -122.0758339)",CA,Accountable Care Models,1169,
Primary Care First Model Options,UCLA Health Internal Medicine Consultants of SM,"2020 Santa Monica Boulevard, Ste 210 Santa Monica, CA (34.029022, -118.479582)",CA,Accountable Care Models,1170,
Primary Care First Model Options,UCLA Health Primary Care - Westlake Village,"1250 La Venta Drive, Ste 207 Westlake Village, CA (34.148143, -118.82284)",CA,Accountable Care Models,1171,
Primary Care First Model Options,UCLA Health - Primary Care Suite 490,"100 Medical Plaza, Ste 490 Los Angeles, CA (34.064948, -118.445391)",CA,Accountable Care Models,1172,
Primary Care First Model Options,UCLA Primary Care - Torrance,"3500 Lomita Boulevard, Ste 300 Torrance, CA (33.813879, -118.346608)",CA,Accountable Care Models,1173,
Primary Care First Model Options,UCLA Primary Care & Specialty - Thousand Oaks,"100 Moody Court, Ste 200 Thousand Oaks, CA (34.177177, -118.865396)",CA,Accountable Care Models,1174,
Primary Care First Model Options,UCLA Primary Care & Specialty - Redondo Beach,"514 Prospect Avenue, Ste 103 Redondo Beach, CA (33.852592, -118.379709)",CA,Accountable Care Models,1175,
Primary Care First Model Options,UCLA Health Primary Care- Porter Ranch,"19950 Rinaldi Street, Ste 300 Porter Ranch, CA (34.275553, -118.56961)",CA,Accountable Care Models,1176,
Primary Care First Model Options,UCLA Primary Care & Specialty - Palos Verdes,"501 Deep Valley Drive, Ste 100 Rolling Hills Estate, CA (33.772706, -118.374738)",CA,Accountable Care Models,1177,
Primary Care First Model Options,Iris Cantor - UCLA Women's Health Center,"100 Medical Plaza, Ste 250 Los Angeles, CA (34.064948, -118.445391)",CA,Accountable Care Models,1178,
Primary Care First Model Options,Iris Cantor - UCLA Women's Health Center,"100 Medical Plaza, Ste 290 Los Angeles, CA (34.064948, -118.445391)",CA,Accountable Care Models,1179,
Primary Care First Model Options,UCLA Health Primary Care- Santa Clarita,"25775 Mcbean Parkway, Ste 215 Santa Clarita, CA (34.400385, -118.551074)",CA,Accountable Care Models,1180,
Primary Care First Model Options,John Muir Physician Network,"2675 Pleasant Hill Road, Pleasant Hill, CA (37.9549193, -122.0926229)",CA,Accountable Care Models,1181,
Primary Care First Model Options,John Muir Physician Network,"5161 Clayton Road, Suite F Concord, CA (37.955751, -121.967339)",CA,Accountable Care Models,1182,
Primary Care First Model Options,John Muir Physician Network,"5601 Norris Canyon Road, Suite 340 San Ramon, CA (37.777007, -121.960165)",CA,Accountable Care Models,1183,
Primary Care First Model Options,UCLA Health Primary Care - Simi Valley,"2655 1st Street, Ste 360 & 380 Simi Valley, CA (34.28403399200005, -118.77963499099997)",CA,Accountable Care Models,1184,
Primary Care First Model Options,UCLA Health Pediatrics Primary Care Comprehensive Care Center MPCCC,"1245 16th Street, Ste 125 Santa Monica, CA (34.027255, -118.485701)",CA,Accountable Care Models,1185,
Primary Care First Model Options,UCLA Health - Pediatrics/Primary Care,"1245 16th Street, Ste 204 Santa Monica, CA (34.027255, -118.485701)",CA,Accountable Care Models,1186,
Primary Care First Model Options,SM East West Medicine,"2336 Santa Monica Boulevard, Ste 301 Santa Monica, CA (34.031396, -118.476713)",CA,Accountable Care Models,1187,
Primary Care First Model Options,UCLA Primary & Specialty Care-Beverly Hills,"9675 Brighton Way, Ste 100 Beverly Hills, CA (34.067622, -118.40527)",CA,Accountable Care Models,1188,
Primary Care First Model Options,UCLA Health Primary Care-Burbank,"2601 W Alameda Avenue, Ste 416 Burbank, CA (34.157775, -118.329425)",CA,Accountable Care Models,1189,
Primary Care First Model Options,UCLA Health Internal Medicine Suite 420,"200 Med Plaza, Ste 420 Los Angeles, CA (34.06522700800008, -118.44651703699998)",CA,Accountable Care Models,1190,
Primary Care First Model Options,UCLA Health Plaza 1501 Primary Care,"1260 15th Street, Ste 1501 Santa Monica, CA (34.026502, -118.486733)",CA,Accountable Care Models,1191,
Primary Care First Model Options,UCLA Health Plaza 1502 Primary Care,"1260 15th Street, Ste 1502 Santa Monica, CA (34.026502, -118.486733)",CA,Accountable Care Models,1192,
Primary Care First Model Options,UCLA Health Manhattan Beach Primary Care,"2501 N Sepulveda Boulevard, Ste 100 Manhattan Beach, CA (33.895107, -118.396117)",CA,Accountable Care Models,1193,
Primary Care First Model Options,UCLA Health Santa Monica Parkside Primary Care,"2428 Santa Monica Boulevard, Ste 200 Santa Monica, CA (34.031788, -118.47623)",CA,Accountable Care Models,1194,
Primary Care First Model Options,UCLA Health Woodland Hills Primary Care,"6344 Topanga Canyon Boulevard, Ste 2040 Woodland Hills, CA (34.185637, -118.605827)",CA,Accountable Care Models,1195,
Primary Care First Model Options,UCLA Health Brentwood Primary Care,"11980 San Vicente Boulevard, Ste 102 Los Angeles, CA (34.052225, -118.472117)",CA,Accountable Care Models,1196,
Primary Care First Model Options,UCLA Health Santa Monica 15th St Primary Care,"1304 15th Street, Ste 400 Santa Monica, CA (34.026025, -118.48613)",CA,Accountable Care Models,1197,
Primary Care First Model Options,John Muir Physician Network,"1450 Treat Boulevard, Suite 250A Walnut Creek, CA (37.926496, -122.052706)",CA,Accountable Care Models,1198,
Primary Care First Model Options,John Muir Physician Network,"1450 Treat Boulevard, Suite 320 Walnut Creek, CA (37.926496, -122.052706)",CA,Accountable Care Models,1199,
Primary Care First Model Options,John Muir Physician Network,"1450 Treat Boulevard, Suite 102B Walnut Creek, CA (37.926496, -122.052706)",CA,Accountable Care Models,1200,
Primary Care First Model Options,John Muir Physician Network,"1450 Treat Boulevard, Suite 250B Walnut Creek, CA (37.926496, -122.052706)",CA,Accountable Care Models,1201,
Primary Care First Model Options,UCLA Health 12th Street Primary Care,"1131 Wilshire Boulevard, Ste 300 Santa Monica, CA (34.02503, -118.491018)",CA,Accountable Care Models,1202,
Primary Care First Model Options,UCLA Health Ocean Park Primary Care,"2701 Ocean Park Boulevard, Ste 130 Santa Monica, CA (34.018244, -118.456981)",CA,Accountable Care Models,1203,
Primary Care First Model Options,UCLA Health West Washington Primary Care,"11303 W Washington Boulevard, Ste 100 Los Angeles, CA (34.004121, -118.414651)",CA,Accountable Care Models,1204,
Primary Care First Model Options,UCLA Health Malibu Primary Care,"23815 Stuart Ranch Road, Ste 300 Malibu, CA (34.03982, -118.693187)",CA,Accountable Care Models,1205,
Primary Care First Model Options,Regents of the University of California,"4323 Riverside Drive Burbank, CA (34.152211, -118.347455)",CA,Accountable Care Models,1206,
Primary Care First Model Options,Regents of the University of California,"26585 W Agoura Road, Ste 330 Calabases, CA (34.142241, -118.702887)",CA,Accountable Care Models,1207,
Primary Care First Model Options,Regents of the University of California,"335 N La Brea Avenue Los Angeles, CA (34.077135, -118.344042)",CA,Accountable Care Models,1208,
Primary Care First Model Options,Regents of the University of California,"1950 Sawtelle Boulevard, Ste 130 Los Angeles, CA (34.041399, -118.444018)",CA,Accountable Care Models,1209,
Primary Care First Model Options,UCLA Health - Geriatrics,"200 Medical Plaza, Ste 365A Los Angeles, CA (34.064946, -118.445565)",CA,Accountable Care Models,1210,
Primary Care First Model Options,UCLA Health Primary Care - Encino,"15503 Ventura Boulevard, Ste 350 Encino, CA (34.154831, -118.472199)",CA,Accountable Care Models,1211,
Primary Care First Model Options,UCLA Family Health Center,"1920 Colorado Avenue Santa Monica, CA (34.025645, -118.477344)",CA,Accountable Care Models,1212,
Primary Care First Model Options,UCLA Primary & Specialty Care - Santa Clarita,"27235 Tourney Road, Ste 2500 Santa Clarita, CA (34.417832, -118.577487)",CA,Accountable Care Models,1213,
Primary Care First Model Options,Salinas Valley Health Clinics - Primecare Monterey,"5 Lower Ragsdale Drive, Ste 100 Monterey, CA (36.575373, -121.816357)",CA,Accountable Care Models,1214,
Primary Care First Model Options,Cedars-Sinai Medical Group - Wil/Rob,"8767 Wilshire Boulevard, 2nd & 3rd Floor, Beverly Hills, CA (34.0672986, -118.3859363)",CA,Accountable Care Models,1215,
Primary Care First Model Options,Stanford Primary Care at Los Altos,"960 North San Antonio Road Los Altos, CA (37.399291, -122.114365)",CA,Accountable Care Models,1216,
Primary Care First Model Options,Stanford Primary Care in Portola Valley,"3250 Alpine Road Portola Valley, CA (37.398639, -122.192507)",CA,Accountable Care Models,1217,
Primary Care First Model Options,Stanford Primary Care in Santa Clara,"2518 Mission College Boulevard Santa Clara, CA (37.389325, -121.970862)",CA,Accountable Care Models,1218,
Primary Care First Model Options,"Dean Ba Ngo, MD, Inc.","9972 Westminster Avenue, 108 Garden Grove, CA (33.759492, -117.955427)",CA,Accountable Care Models,1219,
Primary Care First Model Options,Stanford Internal Medicine at Hoover,"211 Quarry Road, Stes 302 and 305 Palo Alto, CA (37.442076, -122.169233)",CA,Accountable Care Models,1220,
Primary Care First Model Options,Stanford Family Medicine at Hoover,"211 Quarry Road, Ste 405 Palo Alto, CA (37.442076, -122.169233)",CA,Accountable Care Models,1221,
Primary Care First Model Options,Stanford Senior Care Clinic,"211 Quarry Road, Ste 402 Palo Alto, CA (37.442076, -122.169233)",CA,Accountable Care Models,1222,
Primary Care First Model Options,Hillcrest Family Medicine,"330 Lewis Street, Suite 400, San Diego, CA (32.75211101526027, -117.16173397244967)",CA,Accountable Care Models,1223,
Primary Care First Model Options,Cedars-Sinai Medical Group - MOT West,"8635 W 3rd Street, Suite 295W, Beverly Hills, CA (34.07404799669703, -118.38030402473188)",CA,Accountable Care Models,1224,
Primary Care First Model Options,Cedars-Sinai Medical Group - Playa Vista,"12746 W Jefferson Boulevard, Suite 3000, Playa Vista, CA (33.977042010043306, -118.4173060201189)",CA,Accountable Care Models,1225,
Primary Care First Model Options,Cedars-Sinai Medical Group - Marina Del Rey,"4676 Admiralty Way, 4th Floor, Marina Del Rey, CA (33.98035282033753, -118.44037601742109)",CA,Accountable Care Models,1226,
Primary Care First Model Options,Cedars-Sinai Medical Group - Santa Monica,"1919 Santa Monica Boulevard, Suite 210, Santa Monica, CA (34.02863501293055, -118.48052602190549)",CA,Accountable Care Models,1227,
Primary Care First Model Options,Salinas Valley Health Clinics - Primecare North Salinas,"1328 Natividad Road, Salinas, CA (36.69916799603922, -121.6348690360947)",CA,Accountable Care Models,1228,
Primary Care First Model Options,Cedars-Sinai Medical Group - Ventana,"18133 Ventura Boulevard, Suite 405, Tarzana, CA (34.1663449882373, -118.52817898547659)",CA,Accountable Care Models,1229,
Primary Care First Model Options,Valley Oak Family Practice,"1202 Maricopa Highway, C, Ojai, CA (34.44210471636215, -119.26319905469343)",CA,Accountable Care Models,1230,
Primary Care First Model Options,Rancho Bernardo,"16950 Via Tazon, San Diego, CA (33.02229600633602, -117.08620799569702)",CA,Accountable Care Models,1231,
Primary Care First Model Options,Scripps Ranch,"9909 Mira Mesa, Suite 200, San Diego, CA (32.915847009474334, -117.11301499843273)",CA,Accountable Care Models,1232,
Primary Care First Model Options,Genesee Family Medicine,"9333 Genesee Avenue, Suite 200, San Diego, CA (32.875667979417216, -117.21334503833826)",CA,Accountable Care Models,1233,
Primary Care First Model Options,Hillcrest Internal Medicine,"330 Lewis Street, Suite 300, San Diego, CA (32.75211101526027, -117.16173397244967)",CA,Accountable Care Models,1234,
Primary Care First Model Options,Vista Internal Medicine,"910 Sycamore Avenue, Suite 270, Vista, CA (33.159460990298285, -117.2198939869273)",CA,Accountable Care Models,1235,
Primary Care First Model Options,UPC Internal Medicine,"8899 University Center Lane, Suite 400, San Diego, CA (32.86977801605583, -117.22755404060126)",CA,Accountable Care Models,1236,
Primary Care First Model Options,Senior Medicine,"9350 Campus Point Drive, San Diego, CA (32.87800099834706, -117.22589199302061)",CA,Accountable Care Models,1237,
Primary Care First Model Options,Encinitas Family Medicine,"1505 Encinitas Boulevard, Encinitas, CA (33.0454399916555, -117.25671199953962)",CA,Accountable Care Models,1238,
Primary Care First Model Options,John Muir Physician Network,"4165 Blackhawk Plaza Circle, Suite 265, Danville, CA (37.79909199932548, -121.91671002745476)",CA,Accountable Care Models,1239,
Primary Care First Model Options,Family Care Centers,"660 Baker, STE A101, Costa Mesa, CA (33.6808757, -117.8864951)",CA,Accountable Care Models,1240,
Primary Care First Model Options,MemorialCare Medical Group - Anaheim,"100 S Anaheim Boulevard, Suite 101, Anaheim, CA (33.835367981267794, -117.9132870109348)",CA,Accountable Care Models,1241,
Primary Care First Model Options,UCLA Health Primary Care-Westlake Village-Triunfo,"141 Triunfo Canyon Road, Suite 110, Westlake Village, CA (34.159958983845996, -118.83487399613246)",CA,Accountable Care Models,1242,
Primary Care First Model Options,UCLA Health Primary Care-Culver City,"6000 Sepulveda Boulevard, Suite 2660, Culver City, CA (33.985512007021114, -118.39352496824857)",CA,Accountable Care Models,1243,
Primary Care First Model Options,UC Davis Health Auburn,"3200 Bell Road, Auburn, CA (38.94239398601576, -121.10314599289705)",CA,Accountable Care Models,1244,
Primary Care First Model Options,Montage Medical Group,"2 Upper Ragsdale, Bldg A, Monterey, CA (36.57856498219937, -121.81514097462181)",CA,Accountable Care Models,1245,
Primary Care First Model Options,UCLA Health Primary Care-Ventura,"6633 Telephone Road, Suite 100, Ventura, CA (34.26698398509389, -119.20411099642706)",CA,Accountable Care Models,1246,
Primary Care First Model Options,UCLA Health Primary Care-Marina Del Ray,"13160 Mindanao Way, Suite 301, Marina Del Rey, CA (33.98436100407707, -118.43680199162885)",CA,Accountable Care Models,1247,
Primary Care First Model Options,Cedars-Sinai Medical Group - VIM Tarzana,"5525 Etiwanda Avenue, Suite 320, Tarzana, CA (34.17045999978225, -118.53109102627779)",CA,Accountable Care Models,1248,
Primary Care First Model Options,UC Davis Health Midtown Commons Primary Care,"3160 Folsom Blvd., Suite 220, Sacramento, CA (38.5684755, -121.4686453)",CA,Accountable Care Models,1249,
Primary Care First Model Options,Martin Luther King Jr. Community Medical Group,"1680 E 120th Street, Los Angeles, CA (33.92397199008799, -118.2417540150889)",CA,Accountable Care Models,1250,
Primary Care First Model Options,UC Davis Health Carmichael,"7551 Madison Avenue, Citrus Heights, CA (38.66432925158381, -121.28797466926648)",CA,Accountable Care Models,1251,
Primary Care First Model Options,UC Davis Health Davis,"2660 West Covell Boulevard, Suites A  B and C, Davis, CA (38.56053098969187, -121.78219699383816)",CA,Accountable Care Models,1252,
Primary Care First Model Options,UCIMC Primary Care,"101 The City Drive, Pavilion 4 Bldg 25B, Orange, CA (33.78695498862628, -117.88870196691188)",CA,Accountable Care Models,1253,
Primary Care First Model Options,UC Davis Health Davis Campus,"684 Hutchison Drive, Davis, CA (38.53911145413154, -121.75680831709978)",CA,Accountable Care Models,1254,
Primary Care First Model Options,UC Davis Health Elk Grove,"8110 Laguna Boulevard, Elk Grove, CA (38.421305105286336, -121.40817233426877)",CA,Accountable Care Models,1255,
Primary Care First Model Options,UC Davis Health Folsom,"271 Turn Pike Drive, Folsom, CA (38.65509000544208, -121.17003986666447)",CA,Accountable Care Models,1256,
Primary Care First Model Options,UC Davis Health Midtown,"3160 Folsom Boulevard, Suite 2500, Sacramento, CA (38.56826518129941, -121.46572348729974)",CA,Accountable Care Models,1257,
Primary Care First Model Options,UCI Primary Care Associates,"1451 Irvine Boulevard, Tustin, CA (33.74534801754419, -117.80451698126481)",CA,Accountable Care Models,1258,
Primary Care First Model Options,UC Davis Health Rancho Cordova,"3201 Data Drive, Rancho Cordova, CA (38.585612996754065, -121.28388907820167)",CA,Accountable Care Models,1259,
Primary Care First Model Options,UCI Health Plaza,"19200 Jamboree Road, Irvine, CA (33.6636773, -117.8585379)",CA,Accountable Care Models,1260,
Primary Care First Model Options,UC Davis Health Rocklin,"550 West Ranch View Drive, Suite 2005, Rocklin, CA (38.83793300894925, -121.29855698966354)",CA,Accountable Care Models,1261,
Primary Care First Model Options,UC Davis Health Roseville,"1620 East Roseville Parkway, Suite 200, Roseville, CA (38.74875198991447, -121.24241399636605)",CA,Accountable Care Models,1262,
Primary Care First Model Options,UC Davis Health Family Medicine Ellison,"4860 Y Street, Suite 1600, Sacramento, CA (38.552213249985215, -121.44943040863119)",CA,Accountable Care Models,1263,
Primary Care First Model Options,UC Davis Health Internal Medicine Ellison,"4860 Y Street, Suites 0101 and 0400, Sacramento, CA (38.552213249985215, -121.44943040863119)",CA,Accountable Care Models,1264,
Primary Care First Model Options,Montage Medical Group,"275 The Crossroads, Suite A, Carmel, CA (36.53677629538875, -121.9087981277302)",CA,Accountable Care Models,1265,
Primary Care First Model Options,Montage Medical Group,"2930 2nd Avenue, Suite 200, Marina, CA (36.66661100772518, -121.80778199890992)",CA,Accountable Care Models,1266,
Primary Care First Model Options,Family Care Centers,"4950 Barranca Parkway, Suite 103, Irvine, CA (33.675297016126706, -117.79490696163612)",CA,Accountable Care Models,1267,
Primary Care First Model Options,Family Care Centers,"18785 S Brookhurst Street, Suite 200, Fountain Valley, CA (33.68987398393912, -117.95458900646986)",CA,Accountable Care Models,1268,
Primary Care First Model Options,MemorialCare Medical Group - Long Beach (Douglas Park),"3828 Schaufele Avenue, Suite 200, Long Beach, CA (33.82829901940576, -118.14746397461158)",CA,Accountable Care Models,1269,
Primary Care First Model Options,MemorialCare medical Group - Long Beach (Los Altos),"2110 N Bellflower Boulevard, Long Beach, CA (33.79525998784008, -118.12486099923257)",CA,Accountable Care Models,1270,
Primary Care First Model Options,MemorialCare Medical Group - Long Beach,"450 East Spring Street, Suite 1, Long Beach, CA (33.80948499953816, -118.18747197193441)",CA,Accountable Care Models,1271,
Primary Care First Model Options,MemorialCare Medical group - Westminster,"15464 Goldenwest Street, Westminster, CA (33.737850020397985, -118.00683097831289)",CA,Accountable Care Models,1272,
Primary Care First Model Options,MemorialCare Medical Group - Huntington Beach - Adams Ave.,"9122 Adams Avenue, Huntington Beach, CA (33.67187099702278, -117.96907897012731)",CA,Accountable Care Models,1273,
Primary Care First Model Options,MemorialCare Medical Group - Huntington Beach (Beach Blvd.),"17762 Beach Boulevard, Huntington Beach, CA (33.70404598009961, -117.9886119896493)",CA,Accountable Care Models,1274,
Primary Care First Model Options,MemorialCare Medical Group - Fountain valley (Warner),"11420 Warner Avenue, Fountain Valley, CA (33.71574900286075, -117.92905898668295)",CA,Accountable Care Models,1275,
Primary Care First Model Options,MemorialCare Medical Group - Fountain Valley,"18035 Brookhurst Street, Fountain Valley, CA (33.701181003684724, -117.95536701472261)",CA,Accountable Care Models,1276,
Primary Care First Model Options,MemorialCare Medical Group - Costa Mesa,"722 Baker Street, Costa Mesa, CA (33.680436002873094, -117.88656097738378)",CA,Accountable Care Models,1277,
Primary Care First Model Options,MemorialCare Medical Group - Dana Point,"32585 Golden Lantern St., Suite E, Dana Point, CA (33.48967, -117.69909)",CA,Accountable Care Models,1278,
Primary Care First Model Options,MemorialCare Medical Group - Irvine Culver,"14150 Culver Drive, Suite 100, Irvine, CA (33.70766901583768, -117.78300499440311)",CA,Accountable Care Models,1279,
Primary Care First Model Options,MemorialCare Medical Group - Irvine Barranca,"4050 Barranca Parkway, Suite 200, Irvine, CA (33.68176700718783, -117.80795004116742)",CA,Accountable Care Models,1280,
Primary Care First Model Options,MemorialCare Medical Group - Laguna Hills,"26538 Moulton Parkway, Suite 38E, Laguna Hills, CA (33.57744579562282, -117.702553635663)",CA,Accountable Care Models,1281,
Primary Care First Model Options,MemorialCare Medical Group - Laguna woods,"24268 El Toro Road, Laguna Woods, CA (33.61079898365345, -117.723032980097)",CA,Accountable Care Models,1282,
Primary Care First Model Options,MemorialCare Medical Group - Mission Viejo,"23512 Madero Road, Mission Viejo, CA (33.622130017551655, -117.67622801367017)",CA,Accountable Care Models,1283,
Primary Care First Model Options,"Kelvin Mai, DO, Inc.","1002 N Fairview, Santa Ana, CA (33.75347200955892, -117.90271500027865)",CA,Accountable Care Models,1284,
Primary Care First Model Options,MemorialCare Medical Group - Rancho Mission Viejo,"30492 Gateway Place, Suite 110, Rancho Mission Viejo, CA (33.52220, -117.61660)",CA,Accountable Care Models,1285,
Primary Care First Model Options,MemorialCare Medical Group - Rancho Santa Margarita,"29472 Avenuenida De Las Banderas, Rancho Santa Margarita, CA (33.62023600080062, -117.61058002599077)",CA,Accountable Care Models,1286,
Primary Care First Model Options,Primary Care Ocean Park - Santa Monica Family Physicians,"2701 Ocean Park Boulevard, Suite 118, Santa Monica, CA (34.01854098030299, -118.45712198803999)",CA,Accountable Care Models,1287,
Primary Care First Model Options,MemorialCare Medical Group - San Clemente,"638 Camino De Los Mares, Suite D4, San Clemente, CA (33.4578608, -117.6550359)",CA,Accountable Care Models,1288,
Primary Care First Model Options,MemorialCare Medical Group - San Juan Capistrano,"31001 Rancho Viejo Road, Suite 200, San Juan Capistrano, CA (33.50930398493507, -117.65994298162867)",CA,Accountable Care Models,1289,
Primary Care First Model Options,Primary Care 901 Wilshire - Santa Monica Family Physicians,"901 Wilshire Boulevard, Santa Monica, CA (34.02330802009595, -118.49358703870959)",CA,Accountable Care Models,1290,
Primary Care First Model Options,John Muir Physician Network,"2305 Camino Ramon, Suite 100, San Ramon, CA (37.7754716, -121.9668387)",CA,Accountable Care Models,1291,
Primary Care First Model Options,CU Medicine Family Medicine - Landmark,"7400 East Crestline Circle, Ste 100, Greenwood Village, CO (39.618669, -104.9046635)",CO,Accountable Care Models,1292,
Primary Care First Model Options,CU Medicine Family Medicine - Louisville,"361 Centennial Parkway, Suite 120, Louisville, CO (39.962941, -105.1736011)",CO,Accountable Care Models,1293,
Primary Care First Model Options,CU Medicine Family Medicine - Centennial,"7960 South University Boulevard, Ste 101 Centennial, CO (39.57238, -104.960416)",CO,Accountable Care Models,1294,
Primary Care First Model Options,HCA HealthONE Denver Internal Medicine,"4545 E 9th Ave, Ste 400 Denver, CO (39.731067, -104.934667)",CO,Accountable Care Models,1295,
Primary Care First Model Options,HCA HealthONE Sky Ridge Primary Care,"10107 Ridgegate Pkwy, Ste 240 Lone Tree, CO (39.530758, -104.870534)",CO,Accountable Care Models,1296,
Primary Care First Model Options,HCA HealthONE Englewood Primary Care,"799 E Hampden Avenue, Ste 300 Englewood, CO (39.653131, -104.978686)",CO,Accountable Care Models,1297,
Primary Care First Model Options,AdventHealth Medical Group Primary Care at Southmoor,"7000 E Hampden Avenue, Ste 200, Denver, CO (39.6526939, -104.909731)",CO,Accountable Care Models,1298,
Primary Care First Model Options,"Yampa Valley Medical Associates, PC","940 Central Park Drive, Suite 100, Steamboat Springs, CO (40.462381006433816, -106.81596203093228)",CO,Accountable Care Models,1299,
Primary Care First Model Options,Wray Community District Hospital,"1017 W 7th Street, Wray, CO (40.07620401218358, -102.234819020254)",CO,Accountable Care Models,1300,
Primary Care First Model Options,"MidValley Family Practice, PC","1450 E Valley Road, 102, Basalt, CO (39.374720020859826, -107.07688296543289)",CO,Accountable Care Models,1301,
Primary Care First Model Options,A.F. Williams Family Medicine Clinic,"3055 Roslyn Street, Suite 100, Denver, CO (39.76047398045682, -104.9009870015555)",CO,Accountable Care Models,1302,
Primary Care First Model Options,Aspen Internal Medicine Consultants,"225 N Mill Street, Suite 116, Aspen, CO (39.19206808283556, -106.81909258794929)",CO,Accountable Care Models,1303,
Primary Care First Model Options,Commonspirit Primary Care Sports Medicine Arvada,"16280 W 64th Avenue, Arvada, CO (39.8121409955491, -105.18258902485603)",CO,Accountable Care Models,1304,
Primary Care First Model Options,Commonspirit Primary Care Evergreen,"32214 Ellingwood Trl, Suite 210, Evergreen, CO (39.684712011220256, -105.36522097204124)",CO,Accountable Care Models,1305,
Primary Care First Model Options,Commonspirit Primary Care Southwest Longmont,"2101 Ken Pratt Boulevard, Suite 200, Longmont, CO (40.14239099814668, -105.12778504059081)",CO,Accountable Care Models,1306,
Primary Care First Model Options,Commonspirit Rocky Mountain Sports Family Medicine at Pueblo,"4112 Outlook Boulevard, Suite 303, Pueblo, CO (38.31153498883896, -104.62566897488463)",CO,Accountable Care Models,1307,
Primary Care First Model Options,AdventHealth Medical Group Primary Care at Porter,"950 E Harvard Avenue, Suite 200, Denver, CO (39.670482012289796, -104.97648800023669)",CO,Accountable Care Models,1308,
Primary Care First Model Options,Commonspirit Primary Care Broadmoor,"1263 Lake Plaza Drive, Suite 230, Colorado Springs, CO (38.79472899194562, -104.80397803932614)",CO,Accountable Care Models,1309,
Primary Care First Model Options,Commonspirit Primary Care High Country Healthcare Silverthorne,"265 Tanglewood Lane, Suite E-1, Silverthorne, CO (39.6303966, -106.0713593)",CO,Accountable Care Models,1310,
Primary Care First Model Options,AdventHealth Medical Group Primary Care at Highlands Ranch,"9137 S Ridgeline Boulevard, Suite 100, Highlands Ranch, CO (39.55035707746437, -104.99651349072072)",CO,Accountable Care Models,1311,
Primary Care First Model Options,AdvenHealth Medical Group Primary Care at Littleton,"7780 S Broadway, Suite 150, Littleton, CO (39.5752472894151, -104.98552134492692)",CO,Accountable Care Models,1312,
Primary Care First Model Options,AdventHealth Medical Group Family Medicine at the Meadows,"2352 Meadows Boulevard, Suite 300, Castle Rock, CO (39.40568499239427, -104.88529398333527)",CO,Accountable Care Models,1313,
Primary Care First Model Options,AdventHealth Medical Group Family Medicine at Castle Pines,"250 Max Drive, Suite 102, Castle Pines, CO (39.47048301318216, -104.88200802583341)",CO,Accountable Care Models,1314,
Primary Care First Model Options,Commonspirit Primary Care Tri-Lakes,"17230 Jackson Creek Parkway, Suite 300, Monument, CO (39.082585004662434, -104.8591300402112)",CO,Accountable Care Models,1315,
Primary Care First Model Options,Commonspirit Primary Care Penrose Hospital,"3027 N Circle Drive, Colorado Springs, CO (38.8743330160502, -104.79360501505137)",CO,Accountable Care Models,1316,
Primary Care First Model Options,UCHealth Primary Care Estes Park,"131 Stanley Avenue, Suite 202, Estes Park, CO (40.37571698910358, -105.51063299435685)",CO,Accountable Care Models,1317,
Primary Care First Model Options,"Boulder Medical Center, PC","2750 Broadway, Boulder, CO (40.02633001190904, -105.28142297886379)",CO,Accountable Care Models,1318,
Primary Care First Model Options,Commonspirit Primary Care High Country Healthcare Breckenridge,"429 N Park Avenue, Breckenridge, CO (39.4904763, -106.0504081)",CO,Accountable Care Models,1319,
Primary Care First Model Options,AdventHealth Medical Group Primary Care at Southlands,"6069 S Southlands Parkway, Aurora, CO (39.60643304027917, -104.71184374052652)",CO,Accountable Care Models,1320,
Primary Care First Model Options,Commonspirit Primary Care High Country Healthcare Frisco,"360 Peak One Drive, Suite 260, Frisco, CO (39.57013001179794, -106.07621196940364)",CO,Accountable Care Models,1321,
Primary Care First Model Options,Commonspirit Primary Care Thornton,"4075 E 128th Avenue, Thornton, CO (39.92900601584884, -104.9394839931929)",CO,Accountable Care Models,1322,
Primary Care First Model Options,"Boulder Medical Center, PC","80 Health Park Drive, Suite 100, Louisville, CO (39.95112799571413, -105.15286302433948)",CO,Accountable Care Models,1323,
Primary Care First Model Options,Wind Crest Medical Center,"3235 Mill Vista Road, Highlands Ranch, CO (39.5602570099571, -105.03094002838756)",CO,Accountable Care Models,1324,
Primary Care First Model Options,HCA HealthONE Advanced Internal Medicine,"4500 E 9th Avenue, Suite 540, Denver, CO (39.730769018517236, -104.93447203418914)",CO,Accountable Care Models,1325,
Primary Care First Model Options,HCA HealthONE Swedish Family Medicine,"601 E Hampden Avenue, Suite 470, Englewood, CO (39.65348598531145, -104.98013798379345)",CO,Accountable Care Models,1326,
Primary Care First Model Options,HCA HealthONE Sky Ridge Primary Care,"1175 South Perry Street, Suite 200, Castle Rock, CO (39.359353016763635, -104.8615880333174)",CO,Accountable Care Models,1327,
Primary Care First Model Options,Commonspirit Primary Care Northglenn,"11310 Huron Street, Suite 100, Northglenn, CO (39.90165397985916, -104.99633601168)",CO,Accountable Care Models,1328,
Primary Care First Model Options,AdventHealth Medical Group Internal Medicine at Parker,"9403 Crown Crest Boulevard, Suite 300, Parker, CO (39.5494045, -104.7710546)",CO,Accountable Care Models,1329,
Primary Care First Model Options,UCHealth Primary Care - Arvada West,"15240 W 64th Avenue, Arvada, CO (39.81218701219754, -105.17073801959434)",CO,Accountable Care Models,1330,
Primary Care First Model Options,UCHealth Aspen Creek Medical Center,"9480 Briar Village Point, Suite 200, Colorado Springs, CO (38.96824800826994, -104.78374496325094)",CO,Accountable Care Models,1331,
Primary Care First Model Options,UCHealth Primary Care - Hilltop,"19964 Hilltop Road, A, Parker, CO (39.50803699880282, -104.7571060176739)",CO,Accountable Care Models,1332,
Primary Care First Model Options,UCHealth Primary Care - Briargate,"8890 N Union Boulevard, Suite 170, Colorado Springs, CO (38.96065798539698, -104.7658119652261)",CO,Accountable Care Models,1333,
Primary Care First Model Options,UCHealth Primary Care - Broomfield,"1190 Hwy 287, Broomfield, CO (39.9339368, -105.0925218)",CO,Accountable Care Models,1334,
Primary Care First Model Options,UCHealth Primary Care - Castle Rock,"4404 Barranca Lane, Suite 101, Castle Rock, CO (39.40622998373874, -104.85587300027528)",CO,Accountable Care Models,1335,
Primary Care First Model Options,UCHealth Primary Care - Chapel Hills,"595 Chapel Hills Drive, Suite 325, Colorado Springs, CO (38.95991798907514, -104.78563902191149)",CO,Accountable Care Models,1336,
Primary Care First Model Options,UCHealth Family Medicine - Littleton,"206 W County Line Road, Suite 300, Highlands Ranch, CO (39.56470298094894, -104.99157802434246)",CO,Accountable Care Models,1337,
Primary Care First Model Options,UCHealth Family Medicine - Longmont,"1925 W Mountain View Avenue, Longmont, CO (40.180687997574296, -105.124618022295)",CO,Accountable Care Models,1338,
Primary Care First Model Options,UCHealth Internal Medicine - Longmont,"1925 W Mountain View Avenue, Longmont, CO (40.180687997574296, -105.124618022295)",CO,Accountable Care Models,1339,
Primary Care First Model Options,UCHealth Primary Care - Monument,"15854 Jackson Creek Parkway, Suite 120, Monument, CO (39.06383598645397, -104.85065501409147)",CO,Accountable Care Models,1340,
Primary Care First Model Options,UCHealth Family Medicine - North Loveland,"221 E. 29th Street, Ste 204, Loveland, CO (40.4229048, -105.0775666)",CO,Accountable Care Models,1341,
Primary Care First Model Options,UCHealth Internal Medicine - Orchards,"221 E 29th Street, Suite 102, Loveland, CO (40.4228770129489, -105.07546696116937)",CO,Accountable Care Models,1342,
Primary Care First Model Options,Family Medical Associates,"1000 W South Boulder Road, Suite 110, Lafayette, CO (39.986453987651714, -105.10260999440337)",CO,Accountable Care Models,1343,
Primary Care First Model Options,UCHealth Internal Medicine - Printers Park,"175 S Union Boulevard, Suite 350, Colorado Springs, CO (38.829752019992924, -104.79350803643163)",CO,Accountable Care Models,1344,
Primary Care First Model Options,UCHealth Internal Medicine - Prospect,"1106 E Prospect Road, Suite 100, Fort Collins, CO (40.56778301976985, -105.05740303781694)",CO,Accountable Care Models,1345,
Primary Care First Model Options,UCHealth Internal Medicine - East Loveland,"2500 Rocky Mountain Avenue, Suite 2200, Loveland, CO (40.41653698329654, -104.99819897347977)",CO,Accountable Care Models,1346,
Primary Care First Model Options,UCHealth Primary Care - Eastview,"3843 Rio Vista Dr., Suite 2400, Colorado Springs, CO (38.8889287, -104.7237462)",CO,Accountable Care Models,1347,
Primary Care First Model Options,UCHealth Family Medicine - Firestone,"11083 Colorado Boulevard, Firestone, CO (40.161875989363466, -104.94313699423482)",CO,Accountable Care Models,1348,
Primary Care First Model Options,UCHealth Primary Care - Fontanero,"320 E Fontanero Street, Suite 100, Colorado Springs, CO (38.86080600733905, -104.81717400477136)",CO,Accountable Care Models,1349,
Primary Care First Model Options,"Forum Family Medicine, PC","14001 E Iliff Avenue, Suite 109, Aurora, CO (39.676129906287485, -104.82642226145902)",CO,Accountable Care Models,1350,
Primary Care First Model Options,UCHealth Primary Care - Grandview,"5818 N Nevada, Suite 200, Colorado Springs, CO (38.912868019618486, -104.81684400924334)",CO,Accountable Care Models,1351,
Primary Care First Model Options,Colorado Mountain Medical,"50 Buck Creek Rd, Ste 200, Avon, CO (39.63973601797582, -106.52225897019834)",CO,Accountable Care Models,1352,
Primary Care First Model Options,UCHealth Primary Care - Rockrimmon,"6615 Delmonico Drive, Colorado Springs, CO (38.927522017121106, -104.82976697610215)",CO,Accountable Care Models,1353,
Primary Care First Model Options,UCHealth Primary Care - Scarborough,"8540 Scarborough Drive, Suite 100, Colorado Springs, CO (38.95556899670305, -104.73121800680237)",CO,Accountable Care Models,1354,
Primary Care First Model Options,UCHealth Internal Medicine - Snow Mesa,"4674 Snow Mesa Drive, Suite 100, Fort Collins, CO (40.521537000556265, -105.03072503257111)",CO,Accountable Care Models,1355,
Primary Care First Model Options,UCHealth Internal Medicine and Pediatric Care - Snow Mesa,"4674 Snow Mesa Drive, Suite 200, Fort Collins, CO (40.521537000556265, -105.03072503257111)",CO,Accountable Care Models,1356,
Primary Care First Model Options,UCHealth Primary Care - Steele Street,"311 Steele Street, Denver, CO (39.721197010819424, -104.95009497969882)",CO,Accountable Care Models,1357,
Primary Care First Model Options,UCHealth Primary Care - Sterling,"620 Iris Drive, Sterling, CO (40.61086499626322, -103.22083300129549)",CO,Accountable Care Models,1358,
Primary Care First Model Options,UCHealth Primary Care and Womens Wellness - Stonegate,"16990 Village Center Drive E, Parker, CO (39.5336730077554, -104.7904690097973)",CO,Accountable Care Models,1359,
Primary Care First Model Options,UCHealth Primary Care - Timnath,"4650 Signal Tree Drive, Suite 1200, Timnath, CO (40.5220879849615, -104.97650903881365)",CO,Accountable Care Models,1360,
Primary Care First Model Options,UCHealth Family Medicine - Windsor,"1455 Main Street, Suite 100, Windsor, CO (40.478994986265434, -104.92489101594542)",CO,Accountable Care Models,1361,
Primary Care First Model Options,UCHealth Family Medicine - Woodland Park,"16222 West Highway 24, Suite 200, Woodland Park, CO (38.97421298966475, -105.07447798041369)",CO,Accountable Care Models,1362,
Primary Care First Model Options,UCHealth Primary Care - Yosemite,"9695 South Yosemite Street, Suite 224, Lone Tree, CO (39.54033398048037, -104.88625999767625)",CO,Accountable Care Models,1363,
Primary Care First Model Options,UCHealth Primary Care - Greenwood Village,"7000 E Belleview Avenue, Suite 209, Greenwood Village, CO (39.62327701953393, -104.90697302152728)",CO,Accountable Care Models,1364,
Primary Care First Model Options,UCHealth Primary Care - Highlands Ranch,"9475 S University Boulevard, Highlands Ranch, CO (39.544267984826234, -104.94466602101208)",CO,Accountable Care Models,1365,
Primary Care First Model Options,Hampden Medical Group,"221 E Hampden Avenue, Englewood, CO (39.65336298088235, -104.98438702197018)",CO,Accountable Care Models,1366,
Primary Care First Model Options,UCHealth Family Medicine - Greeley,"6767 W 29th Street, 3rd Floor, Greeley, CO (40.39095202013428, -104.7899909898592)",CO,Accountable Care Models,1367,
Primary Care First Model Options,UCHealth Internal Medicine - Greeley,"6767 W 29th Street, 2nd Floor, Greeley, CO (40.39095202013428, -104.7899909898592)",CO,Accountable Care Models,1368,
Primary Care First Model Options,Family Care Southwest,"6169 S Balsam Way, Suite 250, Littleton, CO (39.605235014858295, -105.09018700806898)",CO,Accountable Care Models,1369,
Primary Care First Model Options,Coal Creek Family Medicine,"1044 S 88th Street, 200, Louisville, CO (39.95203600728513, -105.1465180074547)",CO,Accountable Care Models,1370,
Primary Care First Model Options,Intermountain Health St. Mary's Family Medicine Clinic,"2698 Patterson Road, Grand Junction, CO (39.092385000126626, -108.55286302443261)",CO,Accountable Care Models,1371,
Primary Care First Model Options,Anschutz Medical Campus Internal Medicine,"1635 Aurora Court, Anschutz Outpatient Pavilion 5th Floor, Aurora, CO (39.74260900000007, -104.83909999999997)",CO,Accountable Care Models,1372,
Primary Care First Model Options,UCH Seniors Clinic,"1635 Aurora Court, Anschutz Outpatient Pavilion 5th Floor, Aurora, CO (39.74260900000007, -104.83909999999997)",CO,Accountable Care Models,1373,
Primary Care First Model Options,Women's Integrated Services in Health,"1365 Aurora Court, Anschutz Outpatient Pavilion Suite 3343, Aurora, CO (39.74260900000007, -104.83909999999997)",CO,Accountable Care Models,1374,
Primary Care First Model Options,Boulder Family Medicine,"5495 Arapahoe Avenue, Boulder, CO (40.015083006590174, -105.2262159926939)",CO,Accountable Care Models,1375,
Primary Care First Model Options,Lone Tree Primary Care,"9540 Park Meadows Drive, Lone Tree, CO (39.55358199754431, -104.87848896760423)",CO,Accountable Care Models,1376,
Primary Care First Model Options,Lowry Internal Medicine,"8111 E Lowry Boulevard, Suite 120, Denver, CO (39.71872698968218, -104.89350196201983)",CO,Accountable Care Models,1377,
Primary Care First Model Options,Westminster Family Medicine,"7403 Church Ranch Boulevard, Suite 107, Westminster, CO (39.88061900710716, -105.07926698079298)",CO,Accountable Care Models,1378,
Primary Care First Model Options,CU Medicine Internal Medicine - Cherry Creek,"360 S Garfield Street, Suite 550, Denver, CO (39.709965009107236, -104.94342197894278)",CO,Accountable Care Models,1379,
Primary Care First Model Options,RMPC - 92nd Ave,"7625 W 92nd Avenue, Westminster, CO (39.86406600562114, -105.08244003405908)",CO,Accountable Care Models,1380,
Primary Care First Model Options,RMPC - Arvada,"5730 Ward Road, Suite 102, Arvada, CO (39.80037598861398, -105.13729104080112)",CO,Accountable Care Models,1381,
Primary Care First Model Options,RMPC - Lakewood,"8585 W 14th Avenue, Suite B-2, Lakewood, CO (39.73891698277504, -105.09279503724203)",CO,Accountable Care Models,1382,
Primary Care First Model Options,RMPC - PIH,"3520 W 92nd Avenue, Suite 104, Westminster, CO (39.86291998990947, -105.03326600651874)",CO,Accountable Care Models,1383,
Primary Care First Model Options,HCA HealthONE Skyline Primary Care,"1601 E 19th Avenue, Suite 6000, Denver, CO (39.746634997309485, -104.96789596274863)",CO,Accountable Care Models,1384,
Primary Care First Model Options,HCA HealthONE Centennial Primary Care,"14000 E Arapahoe Road, Suite 380, Centennial, CO (39.59385871868295, -104.82556730733512)",CO,Accountable Care Models,1385,
Primary Care First Model Options,HCA HealthONE Aspen Medical Group,"4500 E 9th Avenue, Suite 450, Denver, CO (39.730769018517236, -104.93447203418914)",CO,Accountable Care Models,1386,
Primary Care First Model Options,Gunbarrel Family Medicine,"6685 Gunpark Drive, Suite 110, Boulder, CO (40.07194399371369, -105.19892803635398)",CO,Accountable Care Models,1387,
Primary Care First Model Options,Boulder Creek Family Medicine,"1755 48th Street, Suite 200, Boulder, CO (40.01626900398, -105.23517398407458)",CO,Accountable Care Models,1388,
Primary Care First Model Options,Frontier Internal Medicine,"2101 Ken Pratt Boulevard, Suite 104A, Longmont, CO (40.14239099814668, -105.12778504059081)",CO,Accountable Care Models,1389,
Primary Care First Model Options,Internal Medicine Associates Boulder,"5495 Arapahoe Avenue, Suite 100, Boulder, CO (40.015083006590174, -105.2262159926939)",CO,Accountable Care Models,1390,
Primary Care First Model Options,Northwest Family Medicine,"3 Superior Drive, Suite 100B, Superior, CO (39.95315700301583, -105.15927903594415)",CO,Accountable Care Models,1391,
Primary Care First Model Options,Intermountain Health Brighton Clinic,"1606 Prairie Center Parkway, Suite 240, Brighton, CO (39.96449499389365, -104.76868796384366)",CO,Accountable Care Models,1392,
Primary Care First Model Options,Anchor Point Primary Care,"1645 Broadway, Boulder, CO (40.0132882, -105.2817732)",CO,Accountable Care Models,1393,
Primary Care First Model Options,Erie Primary Care,"101 Erie Parkway, Suite 201E, Erie, CO (40.040891012195914, -105.04798898708448)",CO,Accountable Care Models,1394,
Primary Care First Model Options,Banner Health Clinic Ft. Collins-Drake,"702-A West Drake Road, Ft. Collins, CO (40.55309398591197, -105.08909995904617)",CO,Accountable Care Models,1395,
Primary Care First Model Options,Intermountain Health Copperleaf Clinic - Primary Care,"21750 E Quincy Ave, Suite 240, Aurora, CO (39.638031, -104.7366523)",CO,Accountable Care Models,1396,
Primary Care First Model Options,LA Plata Family Medicine,"316 Sawyer Drive, Durango, CO (37.24069199861991, -107.87774799758463)",CO,Accountable Care Models,1397,
Primary Care First Model Options,Commonspirit Primary Care Mercy,"1 Mercado Street, Suite 160, Durango, CO (37.23650301677944, -107.82559797532186)",CO,Accountable Care Models,1398,
Primary Care First Model Options,Intermountain Health Belmar Clinic - Primary Care,"325 S Teller Street, Suite 250, Lakewood, CO (39.71056800322168, -105.07722498154139)",CO,Accountable Care Models,1399,
Primary Care First Model Options,Peak Family Medicine,"1550 Niagara Road, Suite A, Montrose, CO (38.466811002449504, -107.8652850295721)",CO,Accountable Care Models,1400,
Primary Care First Model Options,Intermountain Health Broomfield Clinic,"12169 Sheridan Boulevard, Broomfield, CO (39.91703200615805, -105.05496298198354)",CO,Accountable Care Models,1401,
Primary Care First Model Options,Intermountain Health Northfield Clinic - Primary Care,"8900 East 46th place, Denver, CO (39.7807393, -104.8870941)",CO,Accountable Care Models,1402,
Primary Care First Model Options,Intermountain Health Thornton Clinic,"1181 E 120th Avenue Unit A, Thornton, CO (39.9165800120293, -104.97299500972638)",CO,Accountable Care Models,1403,
Primary Care First Model Options,Commonspirit Primary Care Horse Gulch,"810 E 3rd Street, Suite 201, Durango, CO (37.26436299610155, -107.87278800638057)",CO,Accountable Care Models,1404,
Primary Care First Model Options,Intermountain Health Cherry Creek Clinic - Primary Care,"400 South Colorado Boulevard, Suite 900, Denver, CO (39.70943300971268, -104.93996503061614)",CO,Accountable Care Models,1405,
Primary Care First Model Options,Intermountain Health Quail Creek Clinic,"2055 W 136th Avenue, Suite B118, Broomfield, CO (39.944222983878205, -105.01191000687513)",CO,Accountable Care Models,1406,
Primary Care First Model Options,Intermountain Health Denver Midtown Clinic - Primary Care,"1960 N Ogden Street, Suite 120, Denver, CO (39.74665398232017, -104.9744070251353)",CO,Accountable Care Models,1407,
Primary Care First Model Options,Intermountain Health Denver West Clinic - Primary Care,"1726 Cole Boulevard, Suite 350, Lakewood, CO (39.73762298456282, -105.15763903276886)",CO,Accountable Care Models,1408,
Primary Care First Model Options,Intermountain Health Lutheran Clinic,"8550 W 38th Avenue, Suite 220, Wheat Ridge, CO (39.7685579907934, -105.09296896173291)",CO,Accountable Care Models,1409,
Primary Care First Model Options,Intermountain Health Larkridge Clinic,"16570 Washington Street, Thornton, CO (39.996905005535524, -104.97370797441047)",CO,Accountable Care Models,1410,
Primary Care First Model Options,Intermountain Health Lafayette Clinic,"2600 Campus Drive, Suite A, Lafayette, CO (39.966835011712675, -105.08873903429543)",CO,Accountable Care Models,1411,
Primary Care First Model Options,Intermountain Health Green Mountain Clinic - Primary Care,"12790 W Alameda Parkway, Suite A, Lakewood, CO (39.70174801987676, -105.13958902337569)",CO,Accountable Care Models,1412,
Primary Care First Model Options,Intermountain Health Firestone Clinic,"8350 Colorado Boulevard, Suite 160, Firestone, CO (40.122043006178956, -104.94073499224183)",CO,Accountable Care Models,1413,
Primary Care First Model Options,Banner Health Clinic - Eaton,"100 S Cherry Avenue, Suite 1, Eaton, CO (40.524188992811446, -104.72972502220875)",CO,Accountable Care Models,1414,
Primary Care First Model Options,Commonspirit Primary Care Bayfield,"480 Wolverine Drive, Durango, CO (37.27367000000004, -107.87929999999994)",CO,Accountable Care Models,1415,
Primary Care First Model Options,Banner Health Clinic - SW Loveland,"1230 14th Street SW, Loveland, CO (40.37754399253873, -105.09394302270093)",CO,Accountable Care Models,1416,
Primary Care First Model Options,Banner Health Clinic - Berthoud,"401 10th Street, Berthoud, CO (40.30408398728076, -105.08890097266477)",CO,Accountable Care Models,1417,
Primary Care First Model Options,Banner Health Clinic- Family Medicine Ft. Collins,"303 Colland Drive, Ft. Collins, CO (40.47959500480425, -105.07485600424691)",CO,Accountable Care Models,1418,
Primary Care First Model Options,Banner Health Clinic - Family Medicine Windsor,"1300 Main Street, Windsor, CO (40.48062501497597, -104.92314498169495)",CO,Accountable Care Models,1419,
Primary Care First Model Options,Banner Health Clinic - Johnstown,"222 Johnstown Center Drive, Johnstown, CO (40.33342701864123, -104.90870396835203)",CO,Accountable Care Models,1420,
Primary Care First Model Options,Banner Health Clinic - North Colorado Family Medicine,"1600 23rd Avenue, Greeley, CO (40.41343798414499, -104.71549498136876)",CO,Accountable Care Models,1421,
Primary Care First Model Options,Intermountain Health Reunion Clinic - Internal Medicine,"10569 Chambers Road, Suite 102, Commerce City, CO (39.887706, -104.8124904)",CO,Accountable Care Models,1422,
Primary Care First Model Options,Banner Health Clinic - Greeley Summit View FP,"2001 70th Avenue, 2nd Floor, Greeley, CO (40.40633000452365, -104.79362303614319)",CO,Accountable Care Models,1423,
Primary Care First Model Options,Banner Health Family Medicine Greeley Westlake,"5623 West 19th Street, Greeley, CO (40.408201012950485, -104.77200501820631)",CO,Accountable Care Models,1424,
Primary Care First Model Options,Banner Health Family Medicine Loveland Madison Square Columbine,"2923 Ginnala Drive, Loveland, CO (40.4223302, -105.074114)",CO,Accountable Care Models,1425,
Primary Care First Model Options,Banner Health Clinic - Internal Medicine Loveland Aspen,"2701 Madison Square Drive, Loveland, CO (40.4210406, -105.0624743)",CO,Accountable Care Models,1426,
Primary Care First Model Options,TidalHealth Primary Care Millsboro,"30265 Commerce Drive, Ste 205 Millsboro, DE (38.572731, -75.28637)",DE,Accountable Care Models,1427,
Primary Care First Model Options,ChristianaCare Primary Care at Home,"4000 Nexus Drive Wilmington, DE (39.78774476800004, -75.54993358099995)",DE,Accountable Care Models,1428,
Primary Care First Model Options,TidalHealth Physician Network (Georgetown),"503 W Market Street, Salisbury, DE (39.0480626, -77.0942489)",DE,Accountable Care Models,1429,
Primary Care First Model Options,TidalHealth Physician Network (North Laurel),"30549 Sussex Highway Laurel, DE (38.56587, -75.559784)",DE,Accountable Care Models,1430,
Primary Care First Model Options,TidalHealth Physician Network (Bridgeville),"9111 Antique Alley Bridgeville, DE (38.735383, -75.592301)",DE,Accountable Care Models,1431,
Primary Care First Model Options,TidalHealth Physician Network (Delmar),"38552 Sussex Highway Delmar, DE (38.460226, -75.558275)",DE,Accountable Care Models,1432,
Primary Care First Model Options,TidalHealth Physician Network (Seaford),"100 Rawlins Drive Seaford, DE (38.661951, -75.601314)",DE,Accountable Care Models,1433,
Primary Care First Model Options,"Delaware Primary Care, LLC","810 New Burton Road, Ste 3 Dover, DE (39.149069, -75.529473)",DE,Accountable Care Models,1434,
Primary Care First Model Options,Atlantic General Primary Care,"96 Atlantic Avenue, Ocean View, DE (38.54489601600005, -75.09642399599994)",DE,Accountable Care Models,1435,
Primary Care First Model Options,Atlantic General Primary and Specialty Care,"37464 Lion Drive, Suite 2, Selbyville, DE (38.4739884, -75.1086749)",DE,Accountable Care Models,1436,
Primary Care First Model Options,Atlantic General Primary Care,"15 N Williams Street Selbyville, DE (38.462182, -75.220623)",DE,Accountable Care Models,1437,
Primary Care First Model Options,Sunstate Doctors Medical Group,"5113 SR 674, STE 103, Wimauma, FL (27.712089, -82.3274925)",FL,Accountable Care Models,1438,
Primary Care First Model Options,Family Care Partners,"6520 Fort Caroline Road Jacksonville, FL (30.366421, -81.58929)",FL,Accountable Care Models,1439,
Primary Care First Model Options,"Physicians Medical Group, LLC","825 Oakley Seaver Drive Clermont, FL (28.553678, -81.724824)",FL,Accountable Care Models,1440,
Primary Care First Model Options,MHPG Family Care at Hobe Sound,"11600 Se Federal Highway Hobe Sound, FL (27.063153, -80.138307)",FL,Accountable Care Models,1441,
Primary Care First Model Options,MHPG Primary Care at Tradition Health II,"10080 SW Innovation Way, Ste 201 Port St Lucie, FL (27.261427, -80.429715)",FL,Accountable Care Models,1442,
Primary Care First Model Options,MHPG Palm City Family Care,"3066 Sw Martin Downs Boulevard Palm City, FL (27.172044, -80.296522)",FL,Accountable Care Models,1443,
Primary Care First Model Options,MHPG Family Care at St Lucie West,"1095 Nw St Lucie West Boulevard Port St Lucie, FL (27.317486, -80.38258)",FL,Accountable Care Models,1444,
Primary Care First Model Options,HCA Florida St. Lucie Medical Specialists,"1700 SE Hillmoor Drive Port St Lucie, FL (27.2863195, -80.298166)",FL,Accountable Care Models,1445,
Primary Care First Model Options,HCA Florida Pasadena Primary Care,"1615 Pasadena Avenue S, Suite 430, St. Petersburg, FL (27.7526741, -82.7438964)",FL,Accountable Care Models,1446,
Primary Care First Model Options,HCA Florida North Florida Internal Medicine,"7845 Sw 17th Road Gainesville, FL (29.636552738000034, -82.42736579999996)",FL,Accountable Care Models,1447,
Primary Care First Model Options,HCA Florida Lake Mary Family Physicians,"910 Williston Park Point, Suite 2050, Lake Mary, FL (28.7731832, -81.3512408)",FL,Accountable Care Models,1448,
Primary Care First Model Options,HCA Florida Blake Primary Care,"7005 Cortez Road W Bradenton, FL (27.462591, -82.632139)",FL,Accountable Care Models,1449,
Primary Care First Model Options,HCA Florida Ocala Primary Care,"2415 SE 17th Street Ocala, FL (29.17138, -82.104748)",FL,Accountable Care Models,1450,
Primary Care First Model Options,HCA Florida Ocala Primary Care,"10696 SE US Highway 441 Belleview, FL (29.067088, -82.06933)",FL,Accountable Care Models,1451,
Primary Care First Model Options,HCA Florida West Primary Care,"1190 E Nine Mile Road Pensacola, FL (30.532663, -87.240568)",FL,Accountable Care Models,1452,
Primary Care First Model Options,HCA Florida West Primary Care,"7458 Pine Forest Road Pensacola, FL (30.503507, -87.305695)",FL,Accountable Care Models,1453,
Primary Care First Model Options,HCA Florida West Palm Primary Care,"4631 N Congress Avenue, Ste 102 West Palm Beach, FL (26.761048, -80.086257)",FL,Accountable Care Models,1454,
Primary Care First Model Options,HCA Florida Jacksonville Primary Care,"1731 University Boulevard South Jacksonville, FL (30.312393, -81.599618)",FL,Accountable Care Models,1455,
Primary Care First Model Options,HCA Florida West Primary Care,"4910 N. 12th Avenue, Penacola, FL (30.4675599, -87.2042825)",FL,Accountable Care Models,1456,
Primary Care First Model Options,HCA Florida West Primary Care,"6431 North W Street Pensacola, FL (30.479456, -87.257568)",FL,Accountable Care Models,1457,
Primary Care First Model Options,HCA Florida Westside Primary Care,"12651 W Sunrise Boulevard, Ste 202 Sunrise, FL (26.144689, -80.321001)",FL,Accountable Care Models,1458,
Primary Care First Model Options,HCA Florida Oak Hill Family Care,"44 Veterans Avenue Brooksville, FL (28.551704, -82.399735)",FL,Accountable Care Models,1459,
Primary Care First Model Options,HCA Florida North Seminole Family and Sports Medicine,"2209 S French Avenue Sanford, FL (28.791271, -81.273079)",FL,Accountable Care Models,1460,
Primary Care First Model Options,HCA Florida St. Lucie Medical Specialists,"1109 NE Jensen Beach Boulevard Jensen Beach, FL (27.245071, -80.237248)",FL,Accountable Care Models,1461,
Primary Care First Model Options,HCA Florida St. Lucie Medical Specialists,"293 NW Peacock Boulevard, Ste 101-104 Port St Lucie, FL (27.317761, -80.406924)",FL,Accountable Care Models,1462,
Primary Care First Model Options,MHPG Adult Primary Care at South MOB,"2150 Se Salerno Road Stuart, FL (27.135379, -80.223421)",FL,Accountable Care Models,1463,
Primary Care First Model Options,MHPG Family Care at Tiffany,"1651 Se Tiffany Avenue Port St Lucie, FL (27.290082, -80.295234)",FL,Accountable Care Models,1464,
Primary Care First Model Options,Family Care at Family Health Center Stuart,"3801 S Kanner Highway Stuart, FL (27.159829, -80.247353)",FL,Accountable Care Models,1465,
Primary Care First Model Options,AHF Healthcare Center - Northpoint,"6333 N. Federal Highway, STE 301, Fort Lauderdale, FL (26.2063069, -80.1117027)",FL,Accountable Care Models,1466,
Primary Care First Model Options,CCIRH Primary Care North,"801 Wellness Way Sebastian, FL (27.829606, -80.482624)",FL,Accountable Care Models,1467,
Primary Care First Model Options,MedFlorida Medical Centers,"1485 Gateway Boulevard Boynton Beach, FL (26.546764, -80.086347)",FL,Accountable Care Models,1468,
Primary Care First Model Options,CCIRH VIM (Vero Internal Medicine),"3450 11th Court, Ste 201 Vero Beach, FL (27.655981, -80.395805)",FL,Accountable Care Models,1469,
Primary Care First Model Options,CCIRH Primary Care South,"4165 9th Street SW Vero Beach, FL (27.587271, -80.429196)",FL,Accountable Care Models,1470,
Primary Care First Model Options,MedFlorida Medical Centers,"1395 South State Road 7 Wellington, FL (26.655638, -80.203357)",FL,Accountable Care Models,1471,
Primary Care First Model Options,CCIR Pointe West Family Medicine,"1960 Pointe West Drive, Ste 101 Vero Beach, FL (27.637703, -80.484805)",FL,Accountable Care Models,1472,
Primary Care First Model Options,Palm Beach Gardens,"4520 Donald Ross Road, Ste 200 Palm Beach, FL (26.882864, -80.104726)",FL,Accountable Care Models,1473,
Primary Care First Model Options,Parkland,"7857 N University Drive, Ste 401 Parkland, FL (26.329251, -80.251008)",FL,Accountable Care Models,1474,
Primary Care First Model Options,Wellington,"2789 S State Road 7 Wellington, FL (26.638700700000072, -80.20547745799996)",FL,Accountable Care Models,1475,
Primary Care First Model Options,Krupa Center,"3250 Meridian Parkway Weston, FL (26.077634, -80.367419)",FL,Accountable Care Models,1476,
Primary Care First Model Options,Weston Family Health Center,"1825 N Corporate Lakes Boulevard Weston, FL (26.095253, -80.365758)",FL,Accountable Care Models,1477,
Primary Care First Model Options,Tomsich Health and Medical Center of Palm Beach County,"525 Okeechobee Boulevard West Palm Beach, FL (26.705665, -80.056502)",FL,Accountable Care Models,1478,
Primary Care First Model Options,Egil and Pauline Braathen Center,"2950 Cleveland Clinic Boulevard Weston, FL (26.08096, -80.36461)",FL,Accountable Care Models,1479,
Primary Care First Model Options,Pinnacle Health Group,"2605 W Swann Avenue, Suite 100 Tampa, FL (27.937417, -82.487363)",FL,Accountable Care Models,1480,
Primary Care First Model Options,HCA Florida Capital Primary Care,"2770 Capital Medical Boulevard, Ste 200 Tallahassee, FL (30.475691, -84.230308)",FL,Accountable Care Models,1481,
Primary Care First Model Options,St. Vincents Primary Care,"2300 Park Avenue, 200, Orange Park, FL (30.16134500045392, -81.70188304116105)",FL,Accountable Care Models,1482,
Primary Care First Model Options,St. Vincents Primary Care,"1702 Osceola Street, Jacksonville, FL (30.309804012211885, -81.68610603627101)",FL,Accountable Care Models,1483,
Primary Care First Model Options,St. Vincents Primary Care,"2300 Park Avenue, 205, Orange Park, FL (30.16134500045392, -81.70188304116105)",FL,Accountable Care Models,1484,
Primary Care First Model Options,Sacred Heart Hospital of Pensacola,"1549 Airport Boulevard, 200A, Pensacola, FL (30.481126005985374, -87.2111309725843)",FL,Accountable Care Models,1485,
Primary Care First Model Options,Sacred Heart Hospital of Pensacola,"1549 Airport Boulevard, 200B, Pensacola, FL (30.481126005985374, -87.2111309725843)",FL,Accountable Care Models,1486,
Primary Care First Model Options,Family Care Partners,"1215 Dunn Avenue, Jacksonville, FL (30.431608990967092, -81.66616699735921)",FL,Accountable Care Models,1487,
Primary Care First Model Options,"HealthStone Primary Care Partners, LLC","3700 Washington Street, Suite 305, Hollywood, FL (26.002669984476015, -80.18109701582281)",FL,Accountable Care Models,1488,
Primary Care First Model Options,Family Care Partners - Intracoastal,"14011 Beach Blvd, Suite 210 /230, Jacksonville, FL (30.2887027, -81.497936)",FL,Accountable Care Models,1489,
Primary Care First Model Options,Family Care Partners,"4565 US Highway 17 South, Fleming Island, FL (30.113566014968583, -81.70341600743282)",FL,Accountable Care Models,1490,
Primary Care First Model Options,Mahajan Medical Center,"150 Clearwater Largo Road N, 2, Largo, FL (27.91779400218175, -82.79561202171986)",FL,Accountable Care Models,1491,
Primary Care First Model Options,"Evergreen Medical Center, PA","400 N Hiatus Road, Suite 206, Pembroke Pines, FL (26.01134299114875, -80.29721504091155)",FL,Accountable Care Models,1492,
Primary Care First Model Options,Cleveland Clinic Primary Care Vero,"1265 36th Street, Vero Beach, FL (27.657704007652455, -80.39768002945821)",FL,Accountable Care Models,1493,
Primary Care First Model Options,"HealthStone Primary Care Partners, LLC","3700 Washington Street, Suite 404, Hollywood, FL (26.002669984476015, -80.18109701582281)",FL,Accountable Care Models,1494,
Primary Care First Model Options,"HealthStone Primary Care Partners, LLC","12301 Taft Street, Suite 100, Pembroke Pines, FL (26.022974013361605, -80.31134801931276)",FL,Accountable Care Models,1495,
Primary Care First Model Options,"HealthStone Primary Care Partners, LLC","1380 NE Miami Gardens Drive, Suite 285, North Miami Beach, FL (25.94425800998893, -80.17342296437054)",FL,Accountable Care Models,1496,
Primary Care First Model Options,"HealthStone Primary Care Partners, LLC","601 N Flamingo Road, Suite 201, Pembroke Pines, FL (26.012249996891356, -80.31194699011368)",FL,Accountable Care Models,1497,
Primary Care First Model Options,"Elite Healthcare Partners, LLC","3618 Lantana Road, Suite 100, Lake Worth, FL (26.58781198625816, -80.0997120049315)",FL,Accountable Care Models,1498,
Primary Care First Model Options,Memorial Family Medicine - Towne Center,"9889 Gate Parkway N, Bldg 200 Suite 201, Jacksonville, FL (30.2591148, -81.5451188)",FL,Accountable Care Models,1499,
Primary Care First Model Options,HCA Florida Oak Hill Family Care,"7945 S. Suncoast Blvd, Suite A, Homosassa, FL (28.7474067, -82.5538272)",FL,Accountable Care Models,1500,
Primary Care First Model Options,Nature Coast Primary Care,"11097 Hearth Road, Spring Hill, FL (28.4947399, -82.5433883)",FL,Accountable Care Models,1501,
Primary Care First Model Options,Geriatric Services,"1301 Punchbowl Street Honolulu, HI (21.308307, -157.854965)",HI,Accountable Care Models,1502,
Primary Care First Model Options,Kauai Medical Clinic - Koloa Clinic,"5371 Koloa Road Koloa, HI (21.903991, -159.465773)",HI,Accountable Care Models,1503,
Primary Care First Model Options,"Pearl City Medical Associates, Inc.","98-1079 Moanalua Road, Suite 500, Aiea, HI (21.383479000713436, -157.9380970066125)",HI,Accountable Care Models,1504,
Primary Care First Model Options,Kauai Medical Clinic - Kapaa Clinic,"4-1105 Kuhio Highway, Kapaa, HI (22.069198979097052, -159.3203119837308)",HI,Accountable Care Models,1505,
Primary Care First Model Options,Kauai Medical Clinic,"3-3420 Kuhio Highway, Suite B, Lihue, HI (21.98560260846014, -159.36636149266425)",HI,Accountable Care Models,1506,
Primary Care First Model Options,Straub Clinic at First Insurance Center,"1100 Ward, Suite 700, Honolulu, HI (21.303486014391993, -157.85013899107005)",HI,Accountable Care Models,1507,
Primary Care First Model Options,Straub - Hawaii Kai Family Health Center,"7192 Kalanianaole Highway, Suite A200, Honolulu, HI (21.277865009046096, -157.70447500874496)",HI,Accountable Care Models,1508,
Primary Care First Model Options,"Sydney Tatsuno, MD","868 Ululani Street, Suite 102, Hilo, HI (19.716687011400552, -155.08593300128632)",HI,Accountable Care Models,1509,
Primary Care First Model Options,Straub - Kailua Family Health Center,"602 Kailua Road, Suite 200, Kailua, HI (21.394376019665216, -157.7419059899365)",HI,Accountable Care Models,1510,
Primary Care First Model Options,Straub - Kaneohe Family Health Center,"46-056 Kamehameha Highway, Suite 221, Kaneohe, HI (21.42063400774292, -157.8040189937707)",HI,Accountable Care Models,1511,
Primary Care First Model Options,Kuhio Medical Center,"3-3295 Kuhio Highway, Lihue, HI (21.982712292148744, -159.3672423737484)",HI,Accountable Care Models,1512,
Primary Care First Model Options,Straub Medical Center,"888 South King Street, Honolulu, HI (21.302609015862743, -157.8503880174134)",HI,Accountable Care Models,1513,
Primary Care First Model Options,Straub - Mililani Family Health Center,"95-1249 Meheula Parkway, Unit 187, Mililani, HI (21.452080980619456, -158.00595203321706)",HI,Accountable Care Models,1514,
Primary Care First Model Options,Straub - Pearlridge Clinic,"98-151 Pali Momi Street, Aiea, HI (21.381714987280645, -157.93994303696786)",HI,Accountable Care Models,1515,
Primary Care First Model Options,Straub Ward Village Clinic,"1001 Queen Street, Suite 102, Honolulu, HI (21.295119994923056, -157.85266202774488)",HI,Accountable Care Models,1516,
Primary Care First Model Options,Straub Kapolei Clinic,"91-5431 Kapolei Parkway, Suite 1706, Kapolei, HI (21.332997983010955, -158.05249296969384)",HI,Accountable Care Models,1517,
Primary Care First Model Options,Straub Financial District Clinic,"1003 Bishop Street, 395, Honolulu, HI (21.308627012795128, -157.86024597373802)",HI,Accountable Care Models,1518,
Primary Care First Model Options,Straub Kahala Clinic,"4210 Waialae Avenue, Suite 501, Honolulu, HI (21.279047988950765, -157.78708101147186)",HI,Accountable Care Models,1519,
Primary Care First Model Options,"Okahara and Olsen, MD, Inc.","670 Ponahawai Street, Suite 208, Hilo, HI (19.71441199524068, -155.09667801442401)",HI,Accountable Care Models,1520,
Primary Care First Model Options,"Honolulu Primary Care Associates, LLC","1329 Lusitana Street, Suite 503, Honolulu, HI (21.307246010427946, -157.8519720294755)",HI,Accountable Care Models,1521,
Primary Care First Model Options,"Joey Y Kohatsu, MD, LLC","1329 Lusitana Street, Suite 303, Honolulu, HI (21.307246010427946, -157.8519720294755)",HI,Accountable Care Models,1522,
Primary Care First Model Options,"The Maui Medical Group, Inc.","2180 Main Street, Wailuku, HI (20.887482017691937, -156.5046560282375)",HI,Accountable Care Models,1523,
Primary Care First Model Options,"The Maui Medical Group, Inc.","55 Pukalani Street, Pukalani, HI (20.83804199045433, -156.34205900893642)",HI,Accountable Care Models,1524,
Primary Care First Model Options,"The Maui Medical Group, Inc.","2349 South Kihei Road, Unit 2, Kihei, HI (20.72165800757783, -156.44679801373127)",HI,Accountable Care Models,1525,
Primary Care First Model Options,"Gary S Inamine, MD, Inc.","1660 South King Street, 101, Honolulu, HI (21.29687001057755, -157.83464303139348)",HI,Accountable Care Models,1526,
Primary Care First Model Options,AdventHealth Medical Group College Blvd,"7025 College Blvd, Suite 200 Overland Park, KS (38.927404, -94.665554)",KS,Accountable Care Models,1527,
Primary Care First Model Options,"Erickson Health Medical Group of Kansas, PC","13800 Metcalf Avenue Overland Park, KS (38.878768, -94.667914)",KS,Accountable Care Models,1528,
Primary Care First Model Options,AdventHealth Medical Group Primary Care at Deer Creek,"6240 W 135th Street Overland Park, KS (38.883793, -94.657172)",KS,Accountable Care Models,1529,
Primary Care First Model Options,AdventHealth Medical Group Internal Medicine & Pediatrics,"7840 W 165th Street, Ste 210, Overland Park, KS (38.8326687, -94.6837112)",KS,Accountable Care Models,1530,
Primary Care First Model Options,AdventHealth Medical Group Primary Care at Prairie Village,"7501 Mission Road Prairie Village, KS (38.992923, -94.630399)",KS,Accountable Care Models,1531,
Primary Care First Model Options,The University of Kansas Physicians- Family Medicine,"2000 Olathe Boulevard, Level 1A-B, Kansas City, KS (39.05439584684101, -94.6085755648958)",KS,Accountable Care Models,1532,
Primary Care First Model Options,College Park Family Care - Murlen,"801 N Mur-Len Road, Ste 211, Olathe, KS (38.89320600260663, -94.78014200682759)",KS,Accountable Care Models,1533,
Primary Care First Model Options,Olathe Health Family Medicine - Mahaffie,"18695 W 151st Street, Olathe, KS (38.85420601295968, -94.8043340234106)",KS,Accountable Care Models,1534,
Primary Care First Model Options,Olathe Health Family Medicine - Antioch,"8416 W 135th, Overland Park, KS (38.8844200078791, -94.68255100524172)",KS,Accountable Care Models,1535,
Primary Care First Model Options,Olathe Health Family Medicine - Arbor Creek,"16538 W 159th Terrace, Olathe, KS (38.839581980760954, -94.77797000425774)",KS,Accountable Care Models,1536,
Primary Care First Model Options,Olathe Health Family Medicine - Blackfoot,"15435 W 134th Place, Olathe, KS (38.88427600678256, -94.7645280299543)",KS,Accountable Care Models,1537,
Primary Care First Model Options,Olathe Health Family Medicine - College Point,"23450 College Boulevard, Olathe, KS (38.92839800982196, -94.85673198236931)",KS,Accountable Care Models,1538,
Primary Care First Model Options,Olathe Health Family Medicine - Gardner Edgerton,"29475 W 189th Terrace, Gardner, KS (38.784429015957016, -94.92656597631358)",KS,Accountable Care Models,1539,
Primary Care First Model Options,Olathe Health Family Medicine - Hedge Lane,"2090 W Dartmouth, Olathe, KS (38.88318698801248, -94.85347301459568)",KS,Accountable Care Models,1540,
Primary Care First Model Options,Olathe Health Family Medicine - Murlen,"801 N Mur-Len Road, Suite 201, Olathe, KS (38.89320600260663, -94.78014200682759)",KS,Accountable Care Models,1541,
Primary Care First Model Options,Olathe Health Family Medicine - Olathe Medical Park,"20375 W 151st Street, Suite 151, Olathe, KS (38.85275900310501, -94.8237569885439)",KS,Accountable Care Models,1542,
Primary Care First Model Options,Olathe Health Internal Medicine,"20805 W 151st Street, Suite 224, Olathe, KS (38.85274701698344, -94.8259119758503)",KS,Accountable Care Models,1543,
Primary Care First Model Options,The University of Kansas Physicians-Family Medicine Geriatrics,"3599 Rainbow Boulevard, Suite 148, Kansas City, KS (39.06055826282023, -94.61291736289667)",KS,Accountable Care Models,1544,
Primary Care First Model Options,The University of Kansas Physicians-General Internal Medicine,"2000 Olathe Boulevard, Mail Stop 1044, Kansas City, KS (39.05439584684101, -94.6085755648958)",KS,Accountable Care Models,1545,
Primary Care First Model Options,KU MedWest Internal Medicine,"7405 Renner Road, Pod A, Shawnee, KS (38.994617014655205, -94.77625095973548)",KS,Accountable Care Models,1546,
Primary Care First Model Options,KU MedWest Family Practice,"7405 Renner Road, Pod B, Shawnee, KS (38.994617014655205, -94.77625095973548)",KS,Accountable Care Models,1547,
Primary Care First Model Options,Medical Plaza Internal Medicine,"10787 Nall Avenue, Suite 310, Overland Park, KS (38.933102981621914, -94.64658501308718)",KS,Accountable Care Models,1548,
Primary Care First Model Options,The University of Kansas Health System - Family Medicine,"7301 Mission Road, Bldg B Suite 250, Prairie Village, KS (38.9962762, -94.6323251)",KS,Accountable Care Models,1549,
Primary Care First Model Options,Westwood Internal Medicine,"2650 Shawnee Mission Parkway, Suite 2201, Westwood, KS (39.03387499928189, -94.61521004075892)",KS,Accountable Care Models,1550,
Primary Care First Model Options,College Park Family Care - 119th,"10100 W 119th Street, Suite 150, Overland Park, KS (38.91385700037418, -94.70168001703065)",KS,Accountable Care Models,1551,
Primary Care First Model Options,College Park Family Care - 112th,"11725 W 112th Street, Overland Park, KS (38.92623598171687, -94.71916701398752)",KS,Accountable Care Models,1552,
Primary Care First Model Options,College Park Family Care - Stanley,"15101 Glenwood, Stanley, KS (38.853820990237324, -94.66330397625607)",KS,Accountable Care Models,1553,
Primary Care First Model Options,Primary Care at De Soto,"8960 Commerce Drive, Suite 4E, De Soto, KS (38.96633500650819, -94.9775280314393)",KS,Accountable Care Models,1554,
Primary Care First Model Options,College Park Family Care - Olathe Ridgeview,"1803 S Ridgeview Road, Olathe, KS (38.85348801913369, -94.79774299766763)",KS,Accountable Care Models,1555,
Primary Care First Model Options,College Park Family Care - Lenexa,"12210 W 87th St Pkwy, Lenexa, KS (38.97141200908061, -94.72773901872698)",KS,Accountable Care Models,1556,
Primary Care First Model Options,Town Plaza Family Practice,"5701 W 119th Street, Suite 330, Overland Park, KS (38.91134599173037, -94.65232100088723)",KS,Accountable Care Models,1557,
Primary Care First Model Options,Primary Care at Lenexa,"8804 Renner Boulevard, Suite 200, Lenexa, KS (38.96883882973323, -94.77996836424145)",KS,Accountable Care Models,1558,
Primary Care First Model Options,Family Health Medical Group of Overland Park,"7381 W 133rd Street, Suite 100, Overland Park, KS (38.88605200633688, -94.67196399097888)",KS,Accountable Care Models,1559,
Primary Care First Model Options,Saint Lukes Medical Group - Southridge,"12541 Foster Street, Suite 300, Overland Park, KS (38.90104798548904, -94.67188402762258)",KS,Accountable Care Models,1560,
Primary Care First Model Options,Saint Lukes Primary Care - Mission Farms,"4061 Indian Creek Parkway, Suite 200, Overland Park, KS (38.933812006811536, -94.63171400811137)",KS,Accountable Care Models,1561,
Primary Care First Model Options,Statland Medical Group,"12140 Nall Avenue, Suite 100, Overland Park, KS (38.90959501215704, -94.65209703643438)",KS,Accountable Care Models,1562,
Primary Care First Model Options,Primary Care at Shawnee Mission,"7450 Kessler Street, Suite 300, Shawnee Mission, KS (38.99390501388996, -94.69463603324007)",KS,Accountable Care Models,1563,
Primary Care First Model Options,Primary Care at Prairie Star,"23351 Prairie Star Parkway, Suite A245, Lenexa, KS (38.95493398371849, -94.85710698871739)",KS,Accountable Care Models,1564,
Primary Care First Model Options,College Park Family Care - Olathe NW,"11164 S Nobel Drive, Suite 200, Olathe, KS (38.92559099426754, -94.8376919863921)",KS,Accountable Care Models,1565,
Primary Care First Model Options,St. Elizabeth Physicians Alexandria Primary care,"300 Commercial Circle, Alexandria, KY (38.96957754280654, -84.39159301354078)",KY,Accountable Care Models,1566,
Primary Care First Model Options,St. Elizabeth Physicians Bellevue Primary Care,"119 Fairfield Avenue, Suite Route 102, Bellevue, KY (39.10359101793895, -84.48730999812824)",KY,Accountable Care Models,1567,
Primary Care First Model Options,St. Elizabeth Physicians Burlington Primary Care,"6105 First Financial Drive, Burlington, KY (39.020985979130955, -84.70739597673872)",KY,Accountable Care Models,1568,
Primary Care First Model Options,St. Elizabeth Physicians Covington Internal Medicine,"1500 James Simpson Jr Way, Suite 201, Covington, KY (39.07138099850687, -84.51802900271399)",KY,Accountable Care Models,1569,
Primary Care First Model Options,St. Elizabeth Physicians Covington Primary Care,"1500 James Simpson Jr Way, Suite 201, Covington, KY (39.07138099850687, -84.51802900271399)",KY,Accountable Care Models,1570,
Primary Care First Model Options,St. Elizabeth Physicians Crestview Hills Internal Medicine,"334 Thomas More Parkway, Suite 200, Crestview Hills, KY (39.024602015979866, -84.56611598123149)",KY,Accountable Care Models,1571,
Primary Care First Model Options,St Elizabeth Physicians Crestview Hills Internal Medicine and Pediatrics,"334 Thomas More Parkway, Suite 200, Crestview Hills, KY (39.024602015979866, -84.56611598123149)",KY,Accountable Care Models,1572,
Primary Care First Model Options,St. Elizabeth Physicians Crittenden Primary Care,"405 Violet Road, Crittenden, KY (38.78940196872949, -84.6088501884105)",KY,Accountable Care Models,1573,
Primary Care First Model Options,St. Elizabeth Physicians Dry Ridge Primary Care,"100 Blackburn Lane, Dry Ridge, KY (38.6862714, -84.6028169)",KY,Accountable Care Models,1574,
Primary Care First Model Options,St. Elizabeth Physicians Edgewood Primary Care,"830 Thomas More Parkway, Edgewood, KY (39.010300016501134, -84.55578000496877)",KY,Accountable Care Models,1575,
Primary Care First Model Options,St. Elizabeth Physicians Florence Ewing Primary Care,"7766 Ewing Boulevard, Suite L, Florence, KY (38.99463901715103, -84.64095296554312)",KY,Accountable Care Models,1576,
Primary Care First Model Options,St. Elizabeth Physicians Florence Turfway Primary Care,"7300 Turfway Road, Suite 100, Florence, KY (39.0123107, -84.6299586)",KY,Accountable Care Models,1577,
Primary Care First Model Options,St. Elizabeth Physicians Fort Mitchell Primary Care,"2300 Chamber Center Drive, Suite 200, Fort Mitchell, KY (39.04454398855779, -84.56972003195888)",KY,Accountable Care Models,1578,
Primary Care First Model Options,St. Elizabeth Physicians Hebron Conner Road Primary Care,"2200 Conner Road, Suite B, Hebron, KY (39.05738099899952, -84.70318700405917)",KY,Accountable Care Models,1579,
Primary Care First Model Options,St. Elizabeth Physicians Hebron Litton Primary Care,"2000 Litton Lane, Hebron, KY (39.0785121, -84.7115728)",KY,Accountable Care Models,1580,
Primary Care First Model Options,St. Elizabeth Physicians Highland Heights Primary Care,"2626 Alexandria Pike, Highland Heights, KY (39.035243009699144, -84.45523999838868)",KY,Accountable Care Models,1581,
Primary Care First Model Options,St. Elizabeth Physicians Independence Primary Care,"135 Courthouse Crossing, Independence, KY (38.94122399806102, -84.5337510223192)",KY,Accountable Care Models,1582,
Primary Care First Model Options,St. Elizabeth Physicians Newport/Ft. Thomas Primary Care,"1400 Grand Avenue, Newport, KY (39.08095200037627, -84.46946501008675)",KY,Accountable Care Models,1583,
Primary Care First Model Options,St. Elizabeth Physicians Taylor Mill Primary Care,"5522 Taylor Mill Road, Taylor Mill, KY (38.999656005296686, -84.49320297897476)",KY,Accountable Care Models,1584,
Primary Care First Model Options,St. Elizabeth Physicians Union Mt. Zion Primary Care,"1808 Bristow Drive, Union, KY (38.94749001550838, -84.67434495905151)",KY,Accountable Care Models,1585,
Primary Care First Model Options,St. Elizabeth Physicians Union US 42 Primary Care,"8726 US Highway 42, Florence, KY (38.968868981566686, -84.6694210100311)",KY,Accountable Care Models,1586,
Primary Care First Model Options,St. Elizabeth Physicians Walton Primary Care,"13260 Service Road, Walton, KY (38.854846013176655, -84.62122699461003)",KY,Accountable Care Models,1587,
Primary Care First Model Options,St. Elizabeth Physicians Williamstown Primary Care,"300 Barnes Road, Williamstown, KY (38.64697598789212, -84.5796629807817)",KY,Accountable Care Models,1588,
Primary Care First Model Options,TCHMA Family Practice Specialists NKY,"2156 Chamber Center Drive, Ft. Mitchell, KY (39.04420200690822, -84.56765799995868)",KY,Accountable Care Models,1589,
Primary Care First Model Options,TCHMA Premier Family Medicine,"1955 Dixie Highway, Suite D, Ft. Wright, KY (39.05503699977652, -84.54636696006467)",KY,Accountable Care Models,1590,
Primary Care First Model Options,"TCHMA Family Medicine, Union","8780 US 42, Florence, KY (38.9672086, -84.6773377)",KY,Accountable Care Models,1591,
Primary Care First Model Options,Northshore Internal Medicine Associates,"15813 Paul Vega MD Drive, Suite 300, Hammond, LA (30.465771734077112, -90.46070033487644)",LA,Accountable Care Models,1592,
Primary Care First Model Options,Regional Internal Medicine Associates,"142 Rue Marguerite, Thibodaux, LA (29.77717999824192, -90.8019640253866)",LA,Accountable Care Models,1593,
Primary Care First Model Options,"Dr. Gary Birdsall Medical Clinic, LLC","102 West 112th Street, Cut Off, LA (29.4789807, -90.3242231)",LA,Accountable Care Models,1594,
Primary Care First Model Options,Regional Internal Medicine Associates,"142 Rue Marguerite, Thibodaux, LA (29.77717999824192, -90.8019640253866)",LA,Accountable Care Models,1595,
Primary Care First Model Options,Regional Internal Medicine Associates,"142 Rue Marguerite, Thibodaux, LA (29.77717999824192, -90.8019640253866)",LA,Accountable Care Models,1596,
Primary Care First Model Options,"North Oaks Family Medicine Clinic, Hammond","1902 S Morrison Boulevard, Hammond, LA (30.482934026284692, -90.48275827536239)",LA,Accountable Care Models,1597,
Primary Care First Model Options,"North Oaks Primary Care Clinic, Livingston","17199 Spring Ranch Road, Suite 200, Livingston, LA (30.469850958993902, -90.79887103923194)",LA,Accountable Care Models,1598,
Primary Care First Model Options,"North Oaks Primary Care Clinic, Hammond","15813 Paul Vega MD Drive, Suite 201, Hammond, LA (30.465771734077112, -90.46070033487644)",LA,Accountable Care Models,1599,
Primary Care First Model Options,Erickson Health Medical Group of Massachusetts,"100 Brooksby Village Drive Peabody, MA (42.551166, -70.973852)",MA,Accountable Care Models,1600,
Primary Care First Model Options,"Erickson Health Medical Group of Massachusetts, PC","300 Linden Ponds Way Hingham, MA (42.194373, -70.913842)",MA,Accountable Care Models,1601,
Primary Care First Model Options,Harvard Primary Care,"198 Ayer Road Harvard, MA (42.526573, -71.580002)",MA,Accountable Care Models,1602,
Primary Care First Model Options,Family Medicine University Benedict,"55 Lake Avenue North Worcester, MA (42.27851, -71.759079)",MA,Accountable Care Models,1603,
Primary Care First Model Options,Hahnemann Family Health Center,"279 Lincoln Street Worcester, MA (42.285263, -71.791276)",MA,Accountable Care Models,1604,
Primary Care First Model Options,Hahnemann Medical Group,"1 West Boylston Street Worcester, MA (42.288699, -71.807323)",MA,Accountable Care Models,1605,
Primary Care First Model Options,Health Alliance Fitchburg Family Practice,"326 Nichols Road Fitchburg, MA (42.597127, -71.807099)",MA,Accountable Care Models,1606,
Primary Care First Model Options,Holden Family Medicine,"52 Boyden Road Holden, MA (42.348743, -71.856232)",MA,Accountable Care Models,1607,
Primary Care First Model Options,Leominster Internal Medicine,"50 Memorial Drive Leominster, MA (42.541558, -71.763021)",MA,Accountable Care Models,1608,
Primary Care First Model Options,Lincoln Primary Care,"291 Lincoln Street, Suite 303, Worcester, MA (42.2859321, -71.7918794)",MA,Accountable Care Models,1609,
Primary Care First Model Options,Shrewsbury Family Medicine,"24 Julio Drive Shrewsbury, MA (42.293172, -71.703955)",MA,Accountable Care Models,1610,
Primary Care First Model Options,Arminder Singh MD PC,"50 Maple Street, Suite 301, Springfield, MA (42.101801, -72.5849625)",MA,Accountable Care Models,1611,
Primary Care First Model Options,Shrewsbury Family Practice,"604 Main Street Shrewsbury, MA (42.296662, -71.712725)",MA,Accountable Care Models,1612,
Primary Care First Model Options,Shrewsbury Internal Medicine,"604 Main Street Shrewsbury, MA (42.296662, -71.712725)",MA,Accountable Care Models,1613,
Primary Care First Model Options,Shrewsbury Primary Care,"26 Julio Drive Shrewsbury, MA (42.292525, -71.703956)",MA,Accountable Care Models,1614,
Primary Care First Model Options,Spencer Adult and Pediatric Primary Care,"369 Main Street Spencer, MA (42.253725, -71.968859)",MA,Accountable Care Models,1615,
Primary Care First Model Options,Sterling Family Medicine,"50 Leominster Road Sterling, MA (42.444508, -71.7517)",MA,Accountable Care Models,1616,
Primary Care First Model Options,Sutton Internal Medicine,"188 Worcester-Providence Turnpike Sutton, MA (42.158508, -71.733387)",MA,Accountable Care Models,1617,
Primary Care First Model Options,Tri-River Internal Medicine,"281 East Hartford Avenue Uxbridge, MA (42.097245, -71.623914)",MA,Accountable Care Models,1618,
Primary Care First Model Options,West Boylston Family Medicine,"242 Woodland Street, Ste 110 West Boylston, MA (42.337391, -71.801584)",MA,Accountable Care Models,1619,
Primary Care First Model Options,Westborough Adult and Pediatric Medicine,"33 East Main Street, Ste 2 Westborough, MA (42.272271, -71.611428)",MA,Accountable Care Models,1620,
Primary Care First Model Options,"Lincoln Street, PC","291 Lincoln Street, Ste 301 Worcester, MA (42.286272, -71.790791)",MA,Accountable Care Models,1621,
Primary Care First Model Options,Barre Family Health Center,"151 Worcester Road Barre, MA (42.407574, -72.091418)",MA,Accountable Care Models,1622,
Primary Care First Model Options,Marlborough Medical Associates,"340 Maple Street, Ste 300 Marlborough, MA (42.33571, -71.541683)",MA,Accountable Care Models,1623,
Primary Care First Model Options,Marlborough Primary Care,"640 Bolton Street Marlborough, MA (42.365943, -71.558705)",MA,Accountable Care Models,1624,
Primary Care First Model Options,Millbury Internal Medicine,"65 Canal Street Millbury, MA (42.193035, -71.753177)",MA,Accountable Care Models,1625,
Primary Care First Model Options,Montachusett Internal Medicine,"80 Erdman Way, Ste 207 Leominster, MA (42.54743, -71.759098)",MA,Accountable Care Models,1626,
Primary Care First Model Options,Northborough Crossing Primary Care,"333 SW Cutoff Northborough, MA (42.285361, -71.66854)",MA,Accountable Care Models,1627,
Primary Care First Model Options,Grafton Internal Medicine,"100 Worcester Street North Grafton, MA (42.219612, -71.698036)",MA,Accountable Care Models,1628,
Primary Care First Model Options,Northborough Medical Internal Medicine,"112 Main Street, Ste 108 Northborough, MA (42.321611, -71.633542)",MA,Accountable Care Models,1629,
Primary Care First Model Options,Fitchburg Family Medicine,"155 Franklin Road Fitchburg, MA (42.568512, -71.817168)",MA,Accountable Care Models,1630,
Primary Care First Model Options,Fitchburg Primary Care - Family Medicine,"370 Lunenburg Street, Fitchburg, MA (42.585969, -71.771977)",MA,Accountable Care Models,1631,
Primary Care First Model Options,Family Doctors,"291 Lincoln Street Worcester, MA (42.286272, -71.790791)",MA,Accountable Care Models,1632,
Primary Care First Model Options,Benedict Internal Medicine,"55 Lake Avenue North Worcester, MA (42.27851, -71.759079)",MA,Accountable Care Models,1633,
Primary Care First Model Options,Bolton Primary Care,"563 Main Street Bolton, MA (42.431208, -71.595859)",MA,Accountable Care Models,1634,
Primary Care First Model Options,Chadwick Square Internal Medicine,"1 West Boylston Street Worcester, MA (42.288699, -71.807323)",MA,Accountable Care Models,1635,
Primary Care First Model Options,East Douglas Internal Medicine,"15 West Street East Douglas, MA (42.069528, -71.720969)",MA,Accountable Care Models,1636,
Primary Care First Model Options,Westborough Internal Medicine,"154 East Main Street Westborough, MA (42.283884, -71.599589)",MA,Accountable Care Models,1637,
Primary Care First Model Options,Worcester Internal Medicine-CMG,"291 Lincoln Street, Ste 203 Worcester, MA (42.286272, -71.790791)",MA,Accountable Care Models,1638,
Primary Care First Model Options,Family Medicine Shrewsbury Street,"328 Shrewsbury Street Worcester, MA (42.269481, -71.77872)",MA,Accountable Care Models,1639,
Primary Care First Model Options,UMMMG - Auburn Washington Street Suite 106,"489 Washington Street, Auburn, MA (40.8100048, -76.1151911)",MA,Accountable Care Models,1640,
Primary Care First Model Options,Holyoke Medical Group,"2 Hospital Drive, Ste 101 Holyoke, MA (42.199749, -72.628539)",MA,Accountable Care Models,1641,
Primary Care First Model Options,Holyoke Medical Group,"1962 Memorial Drive Chicopee, MA (42.210848, -72.571785)",MA,Accountable Care Models,1642,
Primary Care First Model Options,Ashburnham Family Medicine,"61 Main Street Ashburnham, MA (42.635762, -71.9108)",MA,Accountable Care Models,1643,
Primary Care First Model Options,Atrius Health Plymouth,"36 Shops at 5 Way, Plymouth, MA (41.9305917, -70.6568412)",MA,Accountable Care Models,1644,
Primary Care First Model Options,Atrius Health Bourne,"2 Technology Park Drive Bourne, MA (41.729471, -70.58586)",MA,Accountable Care Models,1645,
Primary Care First Model Options,Heywood Primary Care,"266 Main Street Gardner, MA (42.570687, -71.993748)",MA,Accountable Care Models,1646,
Primary Care First Model Options,Atrius Health Concord,"330 Baker Avenue, Concord, MA (42.46066620222325, -71.38802268141323)",MA,Accountable Care Models,1647,
Primary Care First Model Options,CHA Windsor Street Care Center,"119 Windsor Street, Cambridge, MA (42.364701038396305, -71.09680016110502)",MA,Accountable Care Models,1648,
Primary Care First Model Options,CHA Union Square Family Health,"5 Middlesex Avenue, Somerville, MA (42.3909211, -71.0845549)",MA,Accountable Care Models,1649,
Primary Care First Model Options,CHA Revere Care Center,"454 Broadway, Third Floor, Revere, MA (42.411434716736636, -71.01180607034443)",MA,Accountable Care Models,1650,
Primary Care First Model Options,CHA Malden Care Center,"195 Canal Street, Malden, MA (42.41985718832345, -71.07279623442925)",MA,Accountable Care Models,1651,
Primary Care First Model Options,CHA Everett Care Center,"391 Route 99 (Broadway), Everett, MA (42.39733758861348, -71.06448076721328)",MA,Accountable Care Models,1652,
Primary Care First Model Options,CHA East Cambridge Care Center,"163 Gore Street, Cambridge, MA (42.3730743920305, -71.08539431872097)",MA,Accountable Care Models,1653,
Primary Care First Model Options,"CHA Primary Care, Cambridge Hospital","1493 Cambridge Street, 2nd Floor Healy Building, Cambridge, MA (42.37474507297145, -71.10432635578529)",MA,Accountable Care Models,1654,
Primary Care First Model Options,CHA Cambridge Family Health North,"2067 Massachusetts Avenue, Cambridge, MA (42.391586453836226, -71.122963852772)",MA,Accountable Care Models,1655,
Primary Care First Model Options,CHA Broadway Care Center,"300 Broadway, Somerville, MA (42.39211815986414, -71.09298396440828)",MA,Accountable Care Models,1656,
Primary Care First Model Options,Spencer Primary Care,"118 West Main Street, Spencer, MA (42.232087553586865, -72.02250282839988)",MA,Accountable Care Models,1657,
Primary Care First Model Options,Winthrop Street Internal Medicine,"291 Lincoln Street, Suite 105, Worcester, MA (42.28594832228774, -71.78928098258994)",MA,Accountable Care Models,1658,
Primary Care First Model Options,Worcester Internal Medicine-Geriatrics,"291 Lincoln Street, Suite 200, Worcester, MA (42.2855324, -71.7925624)",MA,Accountable Care Models,1659,
Primary Care First Model Options,Atrius Health Copley,"165 Dartmouth Street, Boston, MA (42.34796941855362, -71.0758139710295)",MA,Accountable Care Models,1660,
Primary Care First Model Options,Atrius Health Dedham,"1 Lyons Street, Dedham, MA (42.26646831830334, -71.20674022063926)",MA,Accountable Care Models,1661,
Primary Care First Model Options,Atrius Health Quincy - Congress Street,"500 Congress Street, Quincy, MA (42.23468305181464, -71.01620615041638)",MA,Accountable Care Models,1662,
Primary Care First Model Options,Atrius Health Kenmore,"133 Brookline Avenue, Boston, MA (42.34563053229155, -71.10108507382733)",MA,Accountable Care Models,1663,
Primary Care First Model Options,Atrius Health Medford,"26 City Hall Mall, Medford, MA (42.41802494619881, -71.1069958243086)",MA,Accountable Care Models,1664,
Primary Care First Model Options,Atrius Health Norwood,"1177 Providence Highway, Norwood, MA (42.17246684533811, -71.19537376967361)",MA,Accountable Care Models,1665,
Primary Care First Model Options,Atrius Health Peabody,"2 Essex Center Drive, Peabody, MA (42.53628769076258, -70.94914514149966)",MA,Accountable Care Models,1666,
Primary Care First Model Options,Atrius Health Post Office Square,"147 Milk Street, Boston, MA (42.357477346601655, -71.05430114597748)",MA,Accountable Care Models,1667,
Primary Care First Model Options,Charlton Family Medicine,"61 N Main Street, Charlton, MA (42.13740264165094, -71.96931881456139)",MA,Accountable Care Models,1668,
Primary Care First Model Options,Brimfield Family Practice,"255 E. Old Sturbridge Road, Brimfield, MA (42.112854645640056, -72.15984215594821)",MA,Accountable Care Models,1669,
Primary Care First Model Options,Southbridge Family Practice,"100 South Street, Suite 208, Southbridge, MA (42.07854651011459, -72.04202578963806)",MA,Accountable Care Models,1670,
Primary Care First Model Options,Charlton MOB Family Practice,"10 North Main Street, Charlton, MA (42.14389279118922, -71.96997235155197)",MA,Accountable Care Models,1671,
Primary Care First Model Options,Webster Adult Medicine,"340 Thompson Road, Webster, MA (42.027202743118266, -71.85198851481638)",MA,Accountable Care Models,1672,
Primary Care First Model Options,Hall Road Family Medicine,"67 Hall Road, Sturbridge, MA (42.11253282246764, -72.06921944956724)",MA,Accountable Care Models,1673,
Primary Care First Model Options,Atrius Health Cambridge,"1611 Cambridge Street, Cambridge, MA (42.375123306352236, -71.10843700874058)",MA,Accountable Care Models,1674,
Primary Care First Model Options,Atrius Health Chelmsford,"228 Billerica Road, Chelmsford, MA (42.597586015517635, -71.3260671735397)",MA,Accountable Care Models,1675,
Primary Care First Model Options,Atrius Health Chestnut Hill - West Roxbury,"291 Independence Drive, Chestnut Hill, MA (42.29673547420464, -71.15783455650754)",MA,Accountable Care Models,1676,
Primary Care First Model Options,Atrius Health Quincy - Hancock,"1250 Hancock Street, Quincy, MA (42.2521254151371, -71.0032254322447)",MA,Accountable Care Models,1677,
Primary Care First Model Options,Atrius Health Somerville,"40 Holland Street, Somerville, MA (42.39743337612481, -71.12369584437631)",MA,Accountable Care Models,1678,
Primary Care First Model Options,Atrius Health Beverly,"77 Herrick Street, Suite 101, Beverly, MA (42.56272588975855, -70.87537115014874)",MA,Accountable Care Models,1679,
Primary Care First Model Options,Atrius Health Braintree,"111 Grossman Drive, Braintree, MA (42.21007671775766, -70.99941686307984)",MA,Accountable Care Models,1680,
Primary Care First Model Options,Atrius Health Weymouth - 90 Libbey Parkway,"90 Libbey Industrial Parkway, Weymouth, MA (42.194575226024995, -70.94536557371978)",MA,Accountable Care Models,1681,
Primary Care First Model Options,Atrius Health Burlington,"20 Wall Street, Burlington, MA (42.48573077492682, -71.18759444504398)",MA,Accountable Care Models,1682,
Primary Care First Model Options,"Bourne Family Medicine, PC","118C Waterhouse Road, Bourne, MA (41.728654824743565, -70.58594105068305)",MA,Accountable Care Models,1683,
Primary Care First Model Options,Atrius Health Watertown,"485 Arsenal Street, Watertown, MA (42.36241734696665, -71.16109547724999)",MA,Accountable Care Models,1684,
Primary Care First Model Options,Atrius Health Wellesley,"230 Worcester Street, Wellesley, MA (42.314330871363325, -71.24848603794746)",MA,Accountable Care Models,1685,
Primary Care First Model Options,Fitchburg Primary Care - Internal Medicine,"370 Lunenburg Street, Fitchburg, MA (42.5866632, -71.7745382)",MA,Accountable Care Models,1686,
Primary Care First Model Options,"Lifespan Family Healthcare, LLC","80 River Road Newcaslte, ME (44.030575, -69.544137)",ME,Accountable Care Models,1687,
Primary Care First Model Options,MaineHealth Primary Care- Family Medicine- Falmouth,"5 Bucknam Road Falmouth, ME (43.726473, -70.233811)",ME,Accountable Care Models,1688,
Primary Care First Model Options,"InterMed, PA","84 Marginal Way Portland, ME (43.66221, -70.264749)",ME,Accountable Care Models,1689,
Primary Care First Model Options,Northern Light Primary Care Fort Fairfield,"23 High Street Fort Fairfield, ME (46.773722, -67.837507)",ME,Accountable Care Models,1690,
Primary Care First Model Options,Northern Light Primary Care Presque Isle,"23 North Street, Ste 4 Presque Isle, ME (46.688228, -68.01034)",ME,Accountable Care Models,1691,
Primary Care First Model Options,Northern Light Primary Care,"74 Water Street Oakland, ME (44.544215, -69.718526)",ME,Accountable Care Models,1692,
Primary Care First Model Options,"Northern Light Primary Care, Husson","302 Husson Avenue Bangor, ME (44.824556, -68.784674)",ME,Accountable Care Models,1693,
Primary Care First Model Options,"Northern Light Primary Care, Brewer","234 State Street Brewer, ME (44.786281, -68.753471)",ME,Accountable Care Models,1694,
Primary Care First Model Options,"Northern Light Primary Care, Hampden","7 Main Road North Hampden, ME (44.741009, -68.838252)",ME,Accountable Care Models,1695,
Primary Care First Model Options,Northern Light Internal Medicine,"302 Husson Avenue Bangor, ME (44.824556, -68.784674)",ME,Accountable Care Models,1696,
Primary Care First Model Options,MaineHealth Primary Care- Family Medicine- Portland,"272 Congress Street Portland, ME (43.661938, -70.252647)",ME,Accountable Care Models,1697,
Primary Care First Model Options,MaineHealth Primary Care- Internal Medicine- Cape Elizabeth,"155 Spurwink Avenue Cape Elizabeth, ME (43.616604, -70.248105)",ME,Accountable Care Models,1698,
Primary Care First Model Options,MaineHealth Primary Care- Internal Medicine- Falmouth,"5 Bucknam Road, Ste 2B Falmouth, ME (43.726473, -70.233811)",ME,Accountable Care Models,1699,
Primary Care First Model Options,MaineHealth Primary Care- Family Medicine- Scarborough,"300 Professional Drive Scarborough, ME (43.59479, -70.324447)",ME,Accountable Care Models,1700,
Primary Care First Model Options,Northern Light Mercy Hospital,"43 Baxter Boulevard Portland, ME (43.664191, -70.270957)",ME,Accountable Care Models,1701,
Primary Care First Model Options,Northern Light Mercy Hospital,"385 Route One Yarmouth, ME (43.795146, -70.188505)",ME,Accountable Care Models,1702,
Primary Care First Model Options,Northern Light Mercy Hospital,"75 Gray Road Falmouth, ME (43.735865, -70.297012)",ME,Accountable Care Models,1703,
Primary Care First Model Options,Northern Light Mercy Hospital,"19 South Gorham Crossing Gorham, ME (43.638867, -70.420784)",ME,Accountable Care Models,1704,
Primary Care First Model Options,Northern Light Mercy Hospital,"225 Gorham Road, Suite 303, South Portland, ME (43.6350659, -70.3270489)",ME,Accountable Care Models,1705,
Primary Care First Model Options,MaineHealth Primary Care- Internal Medicine- Scarborough,"300 Professional Drive Scarborough, ME (43.59479, -70.324447)",ME,Accountable Care Models,1706,
Primary Care First Model Options,MaineHealth Primary Care- Family Medicine- Westbrook,"1 Harnois Avenue Westbrook, ME (43.682142, -70.350022)",ME,Accountable Care Models,1707,
Primary Care First Model Options,MaineHealth Primary Care- Internal Medicine- Westbrook,"1 Harnois Avenue Westbrook, ME (43.682142, -70.350022)",ME,Accountable Care Models,1708,
Primary Care First Model Options,MaineHealth Primary Care- Internal Medicine and Pediatrics- Portland,"22 Bramhall Street Portland, ME (43.652193, -70.275104)",ME,Accountable Care Models,1709,
Primary Care First Model Options,MaineHealth Primary Care- Internal Medicine and Pediatrics- Windham,"584 Roosevelt Trail Windham, ME (43.817372, -70.431488)",ME,Accountable Care Models,1710,
Primary Care First Model Options,MaineHealth Primary Care Internal Medicine- Bath,"108 Centre Street, Suite 200 Bath, ME (43.912218, -69.817514)",ME,Accountable Care Models,1711,
Primary Care First Model Options,"MaineHealth Primary Care Family Medicine- Maine St, Brunswick","329 Maine Street Brunswick, ME (43.896045, -69.969964)",ME,Accountable Care Models,1712,
Primary Care First Model Options,"MaineHealth Primary Care Family Medicine- Station Ave, Brunswick","22 Station Avenue, Ste 101 Brunswick, ME (43.911153, -69.965502)",ME,Accountable Care Models,1713,
Primary Care First Model Options,MaineHealth Primary Care Internal Medicine- Topsham,"1 Wellness Way, Ste A Topsham, ME (43.935427, -69.9578)",ME,Accountable Care Models,1714,
Primary Care First Model Options,MaineHealth Primary Care- Family Medicine- Saco,"13 Industrial Park Road Saco, ME (43.518822, -70.450427)",ME,Accountable Care Models,1715,
Primary Care First Model Options,MaineHealth Primary Care- Family Medicine- Sanford,"25A June Street Sanford, ME (43.447373, -70.767407)",ME,Accountable Care Models,1716,
Primary Care First Model Options,MaineHealth Primary Care- Family and Internal Medicine- Kennebunk,"2 Livewell Drive Kennebunk, ME (43.394, -70.528716)",ME,Accountable Care Models,1717,
Primary Care First Model Options,MaineHealth Primary Care- Internal Medicine- Biddeford,"46 Barra Road, Ste 201 / 202 Biddeford, ME (43.48412201900004, -70.49086098099997)",ME,Accountable Care Models,1718,
Primary Care First Model Options,"InterMed, P.A.","100 Foden Road South Portland, ME (43.636848, -70.327906)",ME,Accountable Care Models,1719,
Primary Care First Model Options,"InterMed, P.A.","259 Main Street Yarmouth, ME (43.801584, -70.189235)",ME,Accountable Care Models,1720,
Primary Care First Model Options,MaineHealth Primary Care Family Medicine- Rockport,"15 Anchor Dr, Rockport, ME (44.1460522, -69.088135)",ME,Accountable Care Models,1721,
Primary Care First Model Options,MaineHealth Primary Care Family Medicine- Waldoboro,"27 Mill Street Waldoboro, ME (44.0995, -69.381459)",ME,Accountable Care Models,1722,
Primary Care First Model Options,"MaineHealth Primary Care Internal Medicine- Anchor Dr, Rockport","15 Anchor Drive, Suite 202, Rockport, ME (44.1460522, -69.088135)",ME,Accountable Care Models,1723,
Primary Care First Model Options,"MaineHealth Primary Care Internal Medicine- Commercial St, Rockport","760 Commercial Street Rockport, ME (44.150835, -69.0868)",ME,Accountable Care Models,1724,
Primary Care First Model Options,MaineHealth Infectious Disease and Primary Care- Rockport,"4 Glen Clove Drive, Ste 102, Rockport, ME (44.1438887, -69.0885932)",ME,Accountable Care Models,1725,
Primary Care First Model Options,Wiscasset Family Health,"35 Water Street Wiscasset, ME (44.001691, -69.664654)",ME,Accountable Care Models,1726,
Primary Care First Model Options,"Northern Light Primary Care, Ellsworth","32 Resort Way, Ellsworth, ME (44.53321514396612, -68.40462631937332)",ME,Accountable Care Models,1727,
Primary Care First Model Options,"Northern Light Primary Care, Gouldsboro","37 Clinic Road, Gouldsboro, ME (44.468612672979305, -68.0933039952504)",ME,Accountable Care Models,1728,
Primary Care First Model Options,Martin's Point Health Care - Biddeford,"61 Barra Road, Biddeford, ME (43.485686040243905, -70.49105460312732)",ME,Accountable Care Models,1729,
Primary Care First Model Options,Martin's Point Health Care - Portland,"331 Veranda Street, Portland, ME (43.68869921364296, -70.24511741020024)",ME,Accountable Care Models,1730,
Primary Care First Model Options,Martin's Point Health Care - Gorham,"575 Main Street, Gorham, ME (43.69045970667639, -70.40250432230648)",ME,Accountable Care Models,1731,
Primary Care First Model Options,Martin's Point Health Care - Scarborough,"153 US Route 1, Scarborough, ME (43.59716377466037, -70.32425144752064)",ME,Accountable Care Models,1732,
Primary Care First Model Options,Martin's Point Health Care - Brunswick,"114 Bath Road, Brunswick, ME (43.90654491908222, -69.93202281646991)",ME,Accountable Care Models,1733,
Primary Care First Model Options,Northern Light Primary Care,"16 Concourse West, Waterville, ME (44.5501564, -69.6343326)",ME,Accountable Care Models,1734,
Primary Care First Model Options,"Erickson Health Medical Group of Michigan, PC","41100 Fox Run Road Novi, MI (42.511342, -83.453964)",MI,Accountable Care Models,1735,
Primary Care First Model Options,UMH-West Rockford Health Center,"4685 Belding Road Rockford, MI (43.086072, -85.55365)",MI,Accountable Care Models,1736,
Primary Care First Model Options,UMH-West Lowell Health Center,"2550 West Main Street Lowell, MI (42.930921, -85.3704)",MI,Accountable Care Models,1737,
Primary Care First Model Options,Beaumont Internal Medicine - Southfield,"29355 Northwestern Highway, Ste 210 Southfield, MI (42.503605, -83.313874)",MI,Accountable Care Models,1738,
Primary Care First Model Options,Beaumont Internal Medicine Associates - Wyandotte,"1700 Biddle Avenue Wyandotte, MI (42.216926, -83.150221)",MI,Accountable Care Models,1739,
Primary Care First Model Options,Beaumont Neighborhood Family Medicine - Warren,"29245 Ryan Road, Ste 300 Warren, MI (42.507755, -83.067545)",MI,Accountable Care Models,1740,
Primary Care First Model Options,Beaumont Parkside Medical Associates - Oxford,"25 S Washington Street, Ste A Oxford, MI (42.824387, -83.26469)",MI,Accountable Care Models,1741,
Primary Care First Model Options,Beaumont East Area Family Practice - Roseville,"30695 Little Mack, Ste 200 Roseville, MI (42.520974, -82.908782)",MI,Accountable Care Models,1742,
Primary Care First Model Options,Beaumont Family Medicine - Sterling Heights,"44250 Dequindre Road Sterling Heights, MI (42.617701, -83.091147)",MI,Accountable Care Models,1743,
Primary Care First Model Options,Beaumont Family Medicine - Newport,"3132 Newport Road, North Park Plaza Newport, MI (42.00709698800006, -83.31805797399994)",MI,Accountable Care Models,1744,
Primary Care First Model Options,Beaumont Family Medicine - Westland,"2001 South Merriman Road, Ste 100 Westland, MI (42.295296, -83.349166)",MI,Accountable Care Models,1745,
Primary Care First Model Options,Ascension St. John Hospital Warren Family Physicians,"11270 E 13 Mile Road Warren, MI (42.52131, -83.013495)",MI,Accountable Care Models,1746,
Primary Care First Model Options,Providence Park Livonia Family Practice,"37650 Professional Center Drive Livonia, MI (42.409721, -83.415858)",MI,Accountable Care Models,1747,
Primary Care First Model Options,Ascension Borgess Westside,"6565 West Main Kalamazoo, MI (42.295786, -85.678637)",MI,Accountable Care Models,1748,
Primary Care First Model Options,North Woodward Internal Medicine,"555 W 14 Mile Road, Suite 100, Clawson, MI (42.53288099194546, -83.15485502740128)",MI,Accountable Care Models,1749,
Primary Care First Model Options,Partners In Internal Medicine,"2200 Green Road, Suite B, Ann Arbor, MI (42.306749020845984, -83.6917959729637)",MI,Accountable Care Models,1750,
Primary Care First Model Options,Port Huron Family Care,"1979 Holland Avenue, Suite C, Port Huron, MI (43.01656101970772, -82.4462019942916)",MI,Accountable Care Models,1751,
Primary Care First Model Options,South Shore Family Practice,"107 W Main Street, Marquette, MI (46.49958301638233, -87.60806102659929)",MI,Accountable Care Models,1752,
Primary Care First Model Options,Cornerstone Romeo Plank Family Medical Center,"46591 Romeo Plank, Suite 200, Macomb, MI (42.64017400454739, -82.93746098081463)",MI,Accountable Care Models,1753,
Primary Care First Model Options,Lakefront Internists,"20952 12 Mile Road, Suite 100, St. Clair Shores, MI (42.50911599141969, -82.90689603560925)",MI,Accountable Care Models,1754,
Primary Care First Model Options,"Providence Family and Athletic Medicine, Novi","26750 Providence Parkway, Ortho Building 210, Novi, MI (42.48564201057221, -83.52412396274698)",MI,Accountable Care Models,1755,
Primary Care First Model Options,Cornerstone Internal Medicine,"17900 23 Mile Road, Suite 304, Macomb, MI (42.67017099199359, -82.94499295900809)",MI,Accountable Care Models,1756,
Primary Care First Model Options,Oakland Primary Care,"27450 Schoenherr, Suite 400, Warren, MI (42.49513200134743, -82.98624097508669)",MI,Accountable Care Models,1757,
Primary Care First Model Options,Dearborn Internal Medicine,"23874 Kean Street, Dearborn, MI (42.299392014881306, -83.26964804123605)",MI,Accountable Care Models,1758,
Primary Care First Model Options,Omni Medical,"22250 Providence Drive, Suite 202, Southfield, MI (42.45641599058007, -83.20590802617646)",MI,Accountable Care Models,1759,
Primary Care First Model Options,Cornerstone Pointe Family Physicians,"20225 E 9 Mile Road, Suite 100, St. Clair Shores, MI (42.46619599520517, -82.91350399279665)",MI,Accountable Care Models,1760,
Primary Care First Model Options,Premier Family Medicine Livingston,"1225 S Latson Road, Suite 340, Howell, MI (42.58248698086592, -83.87296200910255)",MI,Accountable Care Models,1761,
Primary Care First Model Options,River District Family Practice - Algonac,"1051 St. Clair River Drive, Algonac, MI (42.6178559879833, -82.53141248300331)",MI,Accountable Care Models,1762,
Primary Care First Model Options,River District Family Practice,"4014 South River Road, Bldg 6 - North, East China, MI (42.78791200499418, -82.47922401059382)",MI,Accountable Care Models,1763,
Primary Care First Model Options,Garfield Family Practice,"43900 Garfield, Suite 222, Clinton Township, MI (42.61980501591219, -82.95274797964504)",MI,Accountable Care Models,1764,
Primary Care First Model Options,Cornerstone Schoenherr Family Practice,"13350 24 Mile Road, Suite 200, Shelby Township, MI (42.68394799096694, -82.99765503173585)",MI,Accountable Care Models,1765,
Primary Care First Model Options,Cornerstone New Baltimore Family Physicians,"35050 23 Mile Road, Suite B, New Baltimore, MI (42.67598029737655, -82.75584768991696)",MI,Accountable Care Models,1766,
Primary Care First Model Options,Byron Medical,"1225 S Latson Road, Suite 350, Howell, MI (42.58248698086592, -83.87296200910255)",MI,Accountable Care Models,1767,
Primary Care First Model Options,Premier Family Physicians,"24100 Little Mack, St. Clair Shores, MI (42.47232698019238, -82.90620897100597)",MI,Accountable Care Models,1768,
Primary Care First Model Options,Park Internal Medicine,"26850 Providence Parkway, Suite 505, Novi, MI (42.486650982166935, -83.52201800957415)",MI,Accountable Care Models,1769,
Primary Care First Model Options,Normandy Family Physicians,"36367 Harper Avenue, Clinton Township, MI (42.565202993603975, -82.8724050069565)",MI,Accountable Care Models,1770,
Primary Care First Model Options,Livonia Family Medicine Associates,"33523 Eight Mile, Suite M2, Livonia, MI (42.439355003852086, -83.38091302820524)",MI,Accountable Care Models,1771,
Primary Care First Model Options,Farmington Hills Internists,"30055 Northwestern Highway, Suite 150/160, Farmington Hills, MI (42.505948009205014, -83.3211460352508)",MI,Accountable Care Models,1772,
Primary Care First Model Options,Ascension Medical Group Park Family Practice,"26850 Providence Parkway, Suite 370, Novi, MI (42.486650982166935, -83.52201800957415)",MI,Accountable Care Models,1773,
Primary Care First Model Options,Ascension Medical Group West Bloomfield Family Practice,"28455 Haggerty Road, Suite 100, Novi, MI (42.501904998208346, -83.43827500168153)",MI,Accountable Care Models,1774,
Primary Care First Model Options,Providence Farmington Hills Medical Group,"27970 Orchard Lake Road, Suite 1, Farmington Hills, MI (42.501516999910365, -83.35779096156256)",MI,Accountable Care Models,1775,
Primary Care First Model Options,Deighton Family Practice,"22250 Providence Drive, Suite 500, Southfield, MI (42.45641599058007, -83.20590802617646)",MI,Accountable Care Models,1776,
Primary Care First Model Options,Masonic Medical Center,"21099 Masonic, St. Clair Shores, MI (42.53285400221722, -82.90324596823345)",MI,Accountable Care Models,1777,
Primary Care First Model Options,Providence Medical Center South Lyon,"210 N Lafayette, South Lyon, MI (42.461727015889124, -83.65124499595316)",MI,Accountable Care Models,1778,
Primary Care First Model Options,St. John Family Medical Center,"24911 Little Mack, Suite C, St. Clair Shores, MI (42.47928798314152, -82.90766197392142)",MI,Accountable Care Models,1779,
Primary Care First Model Options,Harper Family Practice,"19901 E 10 Mile Road, St. Clair Shores, MI (42.48092698048845, -82.91577800312814)",MI,Accountable Care Models,1780,
Primary Care First Model Options,River District Family Practice - St. Clair,"1280 S Ninth Street, St. Clair, MI (42.817300005265196, -82.49493999522875)",MI,Accountable Care Models,1781,
Primary Care First Model Options,"Ram Surendran, MD, PC","1349 S Rochester Road, Suite 100, Rochester Hills, MI (42.661147998953766, -83.13174796436529)",MI,Accountable Care Models,1782,
Primary Care First Model Options,Allenwood Family Health Care,"11368 Allen Road, Taylor, MI (42.22285300131088, -83.23001597227064)",MI,Accountable Care Models,1783,
Primary Care First Model Options,Karu Medical Associates,"5685 Gratiot Road, Saginaw, MI (43.41499998393235, -84.0281960293782)",MI,Accountable Care Models,1784,
Primary Care First Model Options,March Medical Associates,"2252 N Monroe, Monroe, MI (41.94622999613463, -83.38270901859865)",MI,Accountable Care Models,1785,
Primary Care First Model Options,Imlay City Family Practice,"6672 Newark Road, Imlay City, MI (43.00641174750309, -83.07925896861931)",MI,Accountable Care Models,1786,
Primary Care First Model Options,Beaumont Associated Family Care Physicians - Warren,"8545 Common Road, Suite 338, Warren, MI (42.51421901980146, -83.02273603296966)",MI,Accountable Care Models,1787,
Primary Care First Model Options,Beaumont Associates of Internal Medicine - Troy,"38865 Dequindre, Suite 106, Troy, MI (42.57742900521376, -83.09018797385049)",MI,Accountable Care Models,1788,
Primary Care First Model Options,Beaumont Athens Clinic - Taylor,"15100 South Plaza Drive, Taylor, MI (42.19637398244643, -83.25758899713755)",MI,Accountable Care Models,1789,
Primary Care First Model Options,Beaumont Primary Care-Beverly Hills,"17392 W 13 Mile Road, Beverly Hills, MI (42.517229682562295, -83.21892073694447)",MI,Accountable Care Models,1790,
Primary Care First Model Options,Beaumont Blanzy Clinic - Southgate,"14319 Dix Toledo Road, Southgate, MI (42.20393198644925, -83.20488996021678)",MI,Accountable Care Models,1791,
Primary Care First Model Options,Beaumont Center for Internal Medicine,"27031 W Warren Road, Dearborn Heights, MI (42.34068103313131, -83.30789180291262)",MI,Accountable Care Models,1792,
Primary Care First Model Options,Beaumont Cherry Hill Internal Medical Associates - Canton,"2050 Haggerty Road, Suite 100, Canton, MI (42.32062798567145, -83.44829498019456)",MI,Accountable Care Models,1793,
Primary Care First Model Options,"Singletrack Health, PC","107 W Main Street, Suite 2, Marquette, MI (46.49958301638233, -87.60806102659929)",MI,Accountable Care Models,1794,
Primary Care First Model Options,Beaumont Civic Center Internal Medicine - Troy,"130 Town Center, Suite 209, Troy, MI (42.568135989163125, -83.15084898059762)",MI,Accountable Care Models,1795,
Primary Care First Model Options,Beaumont Family Care of Novi,"44130 W Twelve Mile, Novi, MI (42.49580900766691, -83.48343996493305)",MI,Accountable Care Models,1796,
Primary Care First Model Options,Bay Area Family Physicians,"34301 23 Mile Road, Suite 100, New Baltimore, MI (42.67674998970551, -82.76437702717463)",MI,Accountable Care Models,1797,
Primary Care First Model Options,Beaumont Family Medicine - Belleville,"201 Third Street, Suite 200, Belleville, MI (42.20596698681172, -83.48980602039481)",MI,Accountable Care Models,1798,
Primary Care First Model Options,Beaumont Family Medicine - Canton,"7330 N Canton Center Road, Suite 111, Canton, MI (42.337848982931035, -83.4872640406188)",MI,Accountable Care Models,1799,
Primary Care First Model Options,Beaumont Family Medicine - Farmington,"32754 Grand River, Farmington, MI (42.46253737329389, -83.37074945059953)",MI,Accountable Care Models,1800,
Primary Care First Model Options,Beaumont Family Medicine - Garden City,"29150 Ford Road, Garden City, MI (42.32595502041556, -83.32897498427377)",MI,Accountable Care Models,1801,
Primary Care First Model Options,Beaumont Family Medicine - Southgate,"15777 Northline Road, Suite 202, Southgate, MI (42.21241899869051, -83.21709300541184)",MI,Accountable Care Models,1802,
Primary Care First Model Options,"Donald C Jones, MD, PC","2600 Spring Arbor Road, Jackson, MI (42.22939700457704, -84.44982000833835)",MI,Accountable Care Models,1803,
Primary Care First Model Options,"Jonesville Healthcare, PLLC","216 Olds Street, Jonesville, MI (41.97878099138791, -84.66630403169724)",MI,Accountable Care Models,1804,
Primary Care First Model Options,Michigan Adult and Child Medicine,"11885 E 12 Mild Road, Suite 100A, Warren, MI (42.5075230107212, -83.00390399201024)",MI,Accountable Care Models,1805,
Primary Care First Model Options,Beaumont Internal Medicine - Berkley,"1949 W 12 Mile Road, Suite 100, Berkley, MI (42.50334283372476, -83.17733600388738)",MI,Accountable Care Models,1806,
Primary Care First Model Options,UMH-West Beltline Health Center,"1310 East Beltline Avenue SE, Grand Rapids, MI (42.93823699603706, -85.58408898561451)",MI,Accountable Care Models,1807,
Primary Care First Model Options,UMH-West Caledonia Health Center,"8941 North Rodgers Court SE, Caledonia, MI (42.80261499472084, -85.5079050294626)",MI,Accountable Care Models,1808,
Primary Care First Model Options,UMH-West Cedar Springs Health Center,"14211 White Creek Road, Cedar Springs, MI (43.22399698813632, -85.57321598081533)",MI,Accountable Care Models,1809,
Primary Care First Model Options,UMH-West Community Health Center,"781 - 36th Street SE, Grand Rapids, MI (42.89880399727207, -85.64838899562525)",MI,Accountable Care Models,1810,
Primary Care First Model Options,UMH-West Comstock Park Health Center,"4200 North Division, Comstock Park, MI (43.0401639980451, -85.66525900068937)",MI,Accountable Care Models,1811,
Primary Care First Model Options,UMH-West Hudsonville Health Center,"3912 - 32nd Avenue, Hudsonville, MI (42.83882598990519, -85.86135496658336)",MI,Accountable Care Models,1812,
Primary Care First Model Options,UMH-West Jenison Health Center,"7686 Georgetown Center Drive, Jenison, MI (42.9085159827529, -85.82740599560896)",MI,Accountable Care Models,1813,
Primary Care First Model Options,UMH-WEST SOUTHWEST-EAST HEALTH CENTER,"2215 - 44th Street SW, Suite 201, Wyoming, MI (42.88526299078262, -85.71970901718349)",MI,Accountable Care Models,1814,
Primary Care First Model Options,UMH-West Southwest-IM Health Center,"2215 - 44th Street SW, Suite 200, Wyoming, MI (42.88526299078262, -85.71970901718349)",MI,Accountable Care Models,1815,
Primary Care First Model Options,UMH-West Southwest-West Health Center,"2215 - 44th Street SW, Suite 200, Wyoming, MI (42.88526299078262, -85.71970901718349)",MI,Accountable Care Models,1816,
Primary Care First Model Options,UMH-West Wayland Health Center,"1113 West Superior St, Wayland, MI (42.67440, -85.65432)",MI,Accountable Care Models,1817,
Primary Care First Model Options,Beaumont Grosse Pointe Physicians and Surgeons,"17000 Kercheval Avenue, Suite 205, Grosse Pointe, MI (42.3898070177016, -82.91612601974799)",MI,Accountable Care Models,1818,
Primary Care First Model Options,Beaumont Internal Medicine - Dearborn,"17000 Hubbard Drive, Dearborn, MI (42.321903426190424, -83.21083234016331)",MI,Accountable Care Models,1819,
Primary Care First Model Options,Beaumont Internal Medicine - West Bloomfield,"6900 Orchard Lake Road, Suite 101, West Bloomfield, MI (42.53709398793853, -83.3619550072411)",MI,Accountable Care Models,1820,
Primary Care First Model Options,Beaumont Internal Medicine and Pediatrics - Royal Oak,"950 N Main Street, Royal Oak, MI (42.49756199889703, -83.14421503951039)",MI,Accountable Care Models,1821,
Primary Care First Model Options,Beaumont Internal Medicine Practice - Canton,"7330 N Canton Center Road, Suite 209, Canton, MI (42.337848982931035, -83.4872640406188)",MI,Accountable Care Models,1822,
Primary Care First Model Options,Beaumont Living Well Primary Care - Farmington Hills,"29645 W 14 Mile Road, Suite 110, Farmington Hills, MI (42.52835300403106, -83.34247999048907)",MI,Accountable Care Models,1823,
Primary Care First Model Options,Beaumont Medical Center - Redford,"15540 Beech Daly, Redford, MI (42.403107002565235, -83.29562800158543)",MI,Accountable Care Models,1824,
Primary Care First Model Options,Beaumont Midway Internal Medicine - Rochester Hills,"555 Barclay Circle, Suite 150, Rochester Hills, MI (42.64188097912907, -83.12418799061523)",MI,Accountable Care Models,1825,
Primary Care First Model Options,Beaumont Northside Family Medicine - Detroit,"14001 Greenfield, Detroit, MI (42.38861498534149, -83.19854301549427)",MI,Accountable Care Models,1826,
Primary Care First Model Options,Dearborn Family Clinic,"3133 S Telegraph, Dearborn, MI (42.2884310000988, -83.27050400118833)",MI,Accountable Care Models,1827,
Primary Care First Model Options,Beaumont Rochester Hills Family Physicians,"1202 Walton Boulevard, Suite 216, Rochester Hills, MI (42.68270901994907, -83.15037900728657)",MI,Accountable Care Models,1828,
Primary Care First Model Options,Beaumont Shorepointe Family Physicians - St. Clair Shores,"22646 Nine Mile Road, St. Clair Shores, MI (42.46643500517422, -82.89207498677638)",MI,Accountable Care Models,1829,
Primary Care First Model Options,Beaumont Shores Family Physicians - St. Clair Shores,"25631 Little Mack, Suite 103, St. Clair Shores, MI (42.48331800218827, -82.90769298696317)",MI,Accountable Care Models,1830,
Primary Care First Model Options,Beaumont Primary Care - Lakeview,"18325 E 10 Mile Road, Suite 300, Roseville, MI (42.48267200891053, -82.93255002374414)",MI,Accountable Care Models,1831,
Primary Care First Model Options,Beaumont Family Medicine - Grosse Pointe,"21400 East Eleven Mile Road, St. Clair Shores, MI (42.49538098578125, -82.89892400749909)",MI,Accountable Care Models,1832,
Primary Care First Model Options,Beaumont Farmington Village Family Practice,"28100 Grand River, Suite 313, Farmington Hills, MI (42.44494598472721, -83.32454699246425)",MI,Accountable Care Models,1833,
Primary Care First Model Options,Alliance Health Chesterfield,"30795 23 Mile Road, Suite 207, Chesterfield, MI (42.6763311, -82.808654)",MI,Accountable Care Models,1834,
Primary Care First Model Options,Alliance Health Clinton,"43421 Garfield Road, Suite 1, Clinton Township, MI (42.61538201133504, -82.95366898316595)",MI,Accountable Care Models,1835,
Primary Care First Model Options,Alliance Health Macomb,"50505 Schoenherr Road, Suite 300, Shelby Township, MI (42.66720300198867, -82.9981440319671)",MI,Accountable Care Models,1836,
Primary Care First Model Options,Alliance Health Mt Clemens,"133 S Main Street, Mt. Clemens, MI (42.59282999792734, -82.87960598379355)",MI,Accountable Care Models,1837,
Primary Care First Model Options,Alliance Health Shelby,"49310 Van Dyke Avenue, Shelby Township, MI (42.65776401509427, -83.03263900011436)",MI,Accountable Care Models,1838,
Primary Care First Model Options,Lakeshore Internal Medicine and Pediatric Associates,"437 N 120th Avenue, Holland, MI (42.810570994092416, -86.07788430794174)",MI,Accountable Care Models,1839,
Primary Care First Model Options,Roseville Family Practice,"28295 Schoenherr Road, Warren, MI (42.5022163, -82.9900646)",MI,Accountable Care Models,1840,
Primary Care First Model Options,Schoenherr Parkway Family Practice,"13951 Plumbrook, Sterling Heights, MI (42.57493400600504, -82.98725099441933)",MI,Accountable Care Models,1841,
Primary Care First Model Options,St. Clair Internists,"45640 Schoenherr Road, Shelby Township, MI (42.63161398592945, -82.99224803363543)",MI,Accountable Care Models,1842,
Primary Care First Model Options,Excel Health,"18161 W 12 Mile Road, Suite 2, Lathrup Village, MI (42.50213499763149, -83.22378796675419)",MI,Accountable Care Models,1843,
Primary Care First Model Options,Providence Pavilion Internal Medicine,"22255 Greenfield Road, Suite 280, Southfield, MI (42.456212016966305, -83.20204002931808)",MI,Accountable Care Models,1844,
Primary Care First Model Options,St. Clair Adult Medicine Specialists,"17141 Kercheval Avenue, Grosse Pointe, MI (42.39095999039287, -82.91490502791243)",MI,Accountable Care Models,1845,
Primary Care First Model Options,"Lakewood Family Medicine, PLC","382 120th Avenue, Holland, MI (42.808868020218256, -86.07915696039757)",MI,Accountable Care Models,1846,
Primary Care First Model Options,"Prime Care Medical Clinic, PLLC","5728 Schaefer Rd, Suite 103, Dearborn, MI (42.3309005, -83.1783839)",MI,Accountable Care Models,1847,
Primary Care First Model Options,Cornerstone Romeo Family Practice,"64580 Van Dyke, Suite C, Washington, MI (42.768592011541415, -83.01761896490008)",MI,Accountable Care Models,1848,
Primary Care First Model Options,"Thomas A. Kelly, DO, PC","1500 S Main Street, Eaton Rapids, MI (42.49522298690641, -84.65880197689813)",MI,Accountable Care Models,1849,
Primary Care First Model Options,St. John Center for Wellness,"18303 E 10 Mile Road, Suite 500, Roseville, MI (42.48254900448143, -82.93380596811595)",MI,Accountable Care Models,1850,
Primary Care First Model Options,"M-15 Family Medical Center, PC","7736 Ortonville Road, Clarkston, MI (42.751048017642944, -83.41926501291769)",MI,Accountable Care Models,1851,
Primary Care First Model Options,Holland Hospital Internal Medicine - North,"3235 N Wellness Drive, Building A Suite 120B, Holland, MI (42.82716500238848, -86.0874380292778)",MI,Accountable Care Models,1852,
Primary Care First Model Options,Holland Hospital Family Medicine - South Washington,"904 Washington Avenue, Holland, MI (42.76412600780097, -86.11739796871198)",MI,Accountable Care Models,1853,
Primary Care First Model Options,Holland Hospital Family Medicine - Zeeland,"8300 Westpark Way, Holland, MI (42.77358000000004, -86.10225999999994)",MI,Accountable Care Models,1854,
Primary Care First Model Options,Holland Hospital Primary Care - Saugatuck,"6490 Blue Star Highway, Saugatuck, MI (42.67708, -86.18161)",MI,Accountable Care Models,1855,
Primary Care First Model Options,Ascension Borgess Family and Internal Medicine Health Park,"3035 Capital SW, Battle Creek, MI (42.25874301151313, -85.19540001880164)",MI,Accountable Care Models,1856,
Primary Care First Model Options,"Younho Chung, MD, PC","497 E Columbia Avenue, Suite 13, Battle Creek, MI (42.299537985725124, -85.17818501460282)",MI,Accountable Care Models,1857,
Primary Care First Model Options,Ascension Borgess Internal Medicine MSB,"1717 Shaffer Street, North Professional Building Suite 108, Kalamazoo, MI (42.30824799850035, -85.5594910334607)",MI,Accountable Care Models,1858,
Primary Care First Model Options,Ascension Borgess Internal Medicine Woodbridge,"7775 Angling Road, Portage, MI (42.2043119800297, -85.64289700502664)",MI,Accountable Care Models,1859,
Primary Care First Model Options,Ascension Borgess ProMed Family Practice Richland,"8450 North 32nd Street, Richland, MI (42.382513001739284, -85.45432396487068)",MI,Accountable Care Models,1860,
Primary Care First Model Options,Ascension Borgess ProMed Family Practice Three Rivers,"1241 W Broadway, Three Rivers, MI (41.933392985692905, -85.65069896432138)",MI,Accountable Care Models,1861,
Primary Care First Model Options,Ascension Borgess ProMed Family Practice Woodbridge,"7901 Angling Road, Portage, MI (42.202925990430145, -85.64288300724834)",MI,Accountable Care Models,1862,
Primary Care First Model Options,Ascension Medical Group Sturgis,"1555 East Chicago Road, Sturgis, MI (41.8011817, -85.4024298)",MI,Accountable Care Models,1863,
Primary Care First Model Options,St. Luke's Primary Care - Shoal Creek,"8880 NE 82nd Terrace Kansas City, MO (39.243171, -94.473913)",MO,Accountable Care Models,1864,
Primary Care First Model Options,St. Luke's Primary Care - Platte City,"2703 Running Horse Road Platte City, MO (39.348123, -94.761425)",MO,Accountable Care Models,1865,
Primary Care First Model Options,Meritas Health Briarcliff,"5400 North Oak Trafficway, Suite 200, Kansas City, MO (39.19261198453262, -94.57704103299278)",MO,Accountable Care Models,1866,
Primary Care First Model Options,Meritas Health Landmark,"10161 N Ambassador Drive, Kansas City, MO (39.279253999367, -94.66882496823968)",MO,Accountable Care Models,1867,
Primary Care First Model Options,Meritas Health Vivion,"2000 NE Vivion Road, Suite 100, Kansas City, MO (39.18185699693015, -94.55651702105837)",MO,Accountable Care Models,1868,
Primary Care First Model Options,Barry Pointe Family Care,"9151 NE 81Street Terrace, Suite 105, Kansas City, MO (39.23898201400365, -94.46399103592336)",MO,Accountable Care Models,1869,
Primary Care First Model Options,Meritas Health Park Plaza,"6450 N Chatham Avenue, Kansas City, MO (39.21173001602838, -94.6437810150179)",MO,Accountable Care Models,1870,
Primary Care First Model Options,Meritas Health NKC,"2700 Clay Edwards Drive, Suite 400, North Kansas City, MO (39.14936199279006, -94.55316501415948)",MO,Accountable Care Models,1871,
Primary Care First Model Options,Meritas Health Gashland,"9411 North Oak Trafficway, Suite 100, Kansas City, MO (39.26576998981915, -94.57408297554315)",MO,Accountable Care Models,1872,
Primary Care First Model Options,Clay-Platte Family Medicine Clinic,"5501 NW 62nd Terrace, Suite 100, Kansas City, MO (39.20774400197331, -94.64495096106313)",MO,Accountable Care Models,1873,
Primary Care First Model Options,Summit Family and Sports Medicine Clinic,"3601 NE Ralph Powell Road, Suite C, Lee's Summit, MO (38.97734698326204, -94.3576120279532)",MO,Accountable Care Models,1874,
Primary Care First Model Options,Saint Lukes Perryman Primary Care - Plaza,"4321 Washington Street, Suite 3000, Kansas City, MO (39.04900500506582, -94.59157500164191)",MO,Accountable Care Models,1875,
Primary Care First Model Options,The Excelsior Springs Clinic,"199 S McCleary Road, Suite 100, Excelsior Springs, MO (39.334265980559536, -94.26373303600761)",MO,Accountable Care Models,1876,
Primary Care First Model Options,Liberty Hospital Primary Care Shoal Creek,"8380 North Tullis Avenue, Suite 300, Kansas City, MO (39.24349700996814, -94.48677003126906)",MO,Accountable Care Models,1877,
Primary Care First Model Options,The Liberty Clinic,"2609 Glenn Hendren Drive, Liberty, MO (39.27810999531212, -94.42048099563479)",MO,Accountable Care Models,1878,
Primary Care First Model Options,The Kearney Clinic,"305 S Platte Clay Way, Kearney, MO (39.37021998659253, -94.36626097856382)",MO,Accountable Care Models,1879,
Primary Care First Model Options,Saint Lukes Medical Group - Barry Road,"5844 NW Barry Road, Suite 110, Kansas City, MO (39.2488550158445, -94.64854503732573)",MO,Accountable Care Models,1880,
Primary Care First Model Options,Saint Lukes Medical Group - Blue Springs,"600 NE Adams Dairy Parkway, Suite 200, Blue Springs, MO (39.021826013467205, -94.24969896406387)",MO,Accountable Care Models,1881,
Primary Care First Model Options,The University of Kansas Health System - Family Medicine,"1000 E 101st Terrace, Kansas City, MO (38.94379497922202, -94.57830502399165)",MO,Accountable Care Models,1882,
Primary Care First Model Options,Creekwood Family Care,"6420 N Prospect Avenue, Gladstone, MO (39.210344990347664, -94.54999497837852)",MO,Accountable Care Models,1883,
Primary Care First Model Options,Medical Group of Kansas City,"6675 Holmes, Suite 550, Kansas City, MO (39.00693698739957, -94.57734496080192)",MO,Accountable Care Models,1884,
Primary Care First Model Options,Lees Summit Family Care,"600 NW Murray Road, Suite 210, Lee's Summit, MO (38.923447993082675, -94.40482997074947)",MO,Accountable Care Models,1885,
Primary Care First Model Options,Saint Lukes Medical Group - Independence,"4801 Cliff Drive, Suite 300, Independence, MO (39.03138519685314, -94.3640809293669)",MO,Accountable Care Models,1886,
Primary Care First Model Options,Saint Lukes Medical Group - Lee's Summit,"20 NE Saint Lukes Boulevard, Suite 200, Lee's Summit, MO (38.94152599803243, -94.38199599011894)",MO,Accountable Care Models,1887,
Primary Care First Model Options,Saint Lukes Medical Group - Smithville,"601 S 169 Highway, Smithville, MO (39.37663700402558, -94.58144698039696)",MO,Accountable Care Models,1888,
Primary Care First Model Options,Family Health Specialists of Lees Summit,"2000 SE Blue Parkway, Suite 270B, Lee's Summit, MO (38.902504725211166, -94.33490684269495)",MO,Accountable Care Models,1889,
Primary Care First Model Options,Family Care of Eastern Jackson County,"725 NW State Route 7, Ste B, Blue Springs, MO (39.02452465439268, -94.27206599310489)",MO,Accountable Care Models,1890,
Primary Care First Model Options,Goppert-Trinity Family Care,"6675 Holmes, Suite 360, Kansas City, MO (39.00693698739957, -94.57734496080192)",MO,Accountable Care Models,1891,
Primary Care First Model Options,Internal Medicine of KC,"2330 E Meyer Boulevard, T101, Kansas City, MO (39.00910299690864, -94.55773398958041)",MO,Accountable Care Models,1892,
Primary Care First Model Options,Centerpoint Physicians Group,"19550 E 39th Street, Suite 335, Independence, MO (39.04923856679781, -94.35000134368893)",MO,Accountable Care Models,1893,
Primary Care First Model Options,Family Care of Arbor Walk,"1301 SW Arbor Walk Boulevard, Suite A, Lee's Summit, MO (38.85438999573438, -94.405383008721)",MO,Accountable Care Models,1894,
Primary Care First Model Options,Northland Family Care,"9151 NE 81st Terrace, Suite 100, Kansas City, MO (39.23898201400365, -94.46399103592336)",MO,Accountable Care Models,1895,
Primary Care First Model Options,Family Care of Independence,"4911 S Arrowhead Drive, Suite 200, Independence, MO (39.029242908130044, -94.35984865499654)",MO,Accountable Care Models,1896,
Primary Care First Model Options,Cobblestone Family Medicine Clinic,"1133 W Kansas Street, Liberty, MO (39.24379900993955, -94.43999699989334)",MO,Accountable Care Models,1897,
Primary Care First Model Options,Grant Creek Family Medicine,"3075 N Reserve Street, Suite Q, Missoula, MT (46.89312200382963, -114.04095897173553)",MT,Accountable Care Models,1898,
Primary Care First Model Options,Providence Primary Care Stevensville,"715 Main Street, Suite A, Stevensville, MT (46.502720991383654, -114.09379304111646)",MT,Accountable Care Models,1899,
Primary Care First Model Options,Missoula Family Medical,"601 W Spruce Street, Suite A, Missoula, MT (46.87594400573332, -114.00172898266545)",MT,Accountable Care Models,1900,
Primary Care First Model Options,Family Medicine Center of the Bitterroot,"330 North 10th Street, Suite A, Hamilton, MT (46.24911397986537, -114.1688890262362)",MT,Accountable Care Models,1901,
Primary Care First Model Options,Belgrade Clinic and Urgent Care,"206 Alaska Frontage Road, Belgrade, MT (45.765117996262916, -111.1816029582087)",MT,Accountable Care Models,1902,
Primary Care First Model Options,Bozeman Health Internal Medicine,"937 Highland Boulevard, Suite 5410, Bozeman, MT (45.66988000444596, -111.02001503623092)",MT,Accountable Care Models,1903,
Primary Care First Model Options,Cottonwood Clinic and Surgery Center,"875 S Cottonwood Road, Bozeman, MT (45.67025199330888, -111.10517802234048)",MT,Accountable Care Models,1904,
Primary Care First Model Options,Bozeman Health Family Medicine,"935 Highland Boulevard, Suite 2200, Bozeman, MT (45.66988000444596, -111.02001503623092)",MT,Accountable Care Models,1905,
Primary Care First Model Options,Florence Family Medicine,"5549 Old Highway 93, Florence, MT (46.63806098356753, -114.0780970054111)",MT,Accountable Care Models,1906,
Primary Care First Model Options,Providence Broadway Internal Medicine,"500 W Broadway, Level 4, Missoula, MT (46.874824015831024, -114.00024798419338)",MT,Accountable Care Models,1907,
Primary Care First Model Options,Billings Clinic Heights,"760 Wicks Lane, Billings, MT (45.826855993749035, -108.46643696933353)",MT,Accountable Care Models,1908,
Primary Care First Model Options,Central Montana Medical Center,"408 Wendell Avenue, Lewistown, MT (47.05858999260636, -109.44376000642951)",MT,Accountable Care Models,1909,
Primary Care First Model Options,Billings Clinic West,"2675 Central Avenue, Billings, MT (45.770562000465844, -108.58420597789073)",MT,Accountable Care Models,1910,
Primary Care First Model Options,Billings Clinic Downtown,"801 N 29th Street, Billings, MT (45.78799401213786, -108.51207601302866)",MT,Accountable Care Models,1911,
Primary Care First Model Options,Intermountain Health Broadwater Clinic - Family Medicine,"2019 Broadwater Avenue, Billings, MT (45.77754701756757, -108.56645503480289)",MT,Accountable Care Models,1912,
Primary Care First Model Options,Intermountain Health Heights Clinic - Family Medicine,"32 Wicks Lane, Billings, MT (45.82619801434976, -108.48634298354682)",MT,Accountable Care Models,1913,
Primary Care First Model Options,Intermountain Health Butte Clinic - Family Medicine,"435 S Crystal, Suite 300, Butte, MT (46.00858500041468, -112.54546600978145)",MT,Accountable Care Models,1914,
Primary Care First Model Options,Intermountain Health Downtown Clinic - Internal Medicine,"2900 12th Avenue N, Suite 310W, Billings, MT (45.79232900673168, -108.51887398796103)",MT,Accountable Care Models,1915,
Primary Care First Model Options,Intermountain Health West Grand Clinic - Family Medicine,"2750 Grand Avenue, Billings, MT (45.7837430042139, -108.58587003712816)",MT,Accountable Care Models,1916,
Primary Care First Model Options,Intermountain Health Laurel Clinic - Family Medicine,"1035 1st Avenue, Laurel, MT (45.68035201899724, -108.77116298711447)",MT,Accountable Care Models,1917,
Primary Care First Model Options,Intermountain Health Red Lodge Clinic - Family Medicine,"10 Robinson Lane, Red Lodge, MT (45.19957699123751, -109.24720496369861)",MT,Accountable Care Models,1918,
Primary Care First Model Options,Intermountain Health North Shiloh Clinic - Family Medicine,"2223 Mission Way, Billings, MT (45.79333001551839, -108.61669297731328)",MT,Accountable Care Models,1919,
Primary Care First Model Options,Sanford East Dickinson Clinic,"33 9th Street West, Dickinson, ND (46.888990982849606, -102.78281795921866)",ND,Accountable Care Models,1920,
Primary Care First Model Options,Sanford East Interstate Bismarck Clinic,"1800 East Interstate Avenue, Suite B, Bismarck, ND (46.83598453962989, -100.76450705563859)",ND,Accountable Care Models,1921,
Primary Care First Model Options,Sanford State Street Bismarck Clinic,"3318 North 14th Street, Bismarck, ND (46.842739054394286, -100.77178330196617)",ND,Accountable Care Models,1922,
Primary Care First Model Options,Sanford East Mandan Clinic,"102 Mandan Avenue, Mandan, ND (46.8293650154161, -100.87058004032382)",ND,Accountable Care Models,1923,
Primary Care First Model Options,Sanford North Mandan Clinic,"910 18th Street NW, Mandan, ND (46.841913981755226, -100.90702396859741)",ND,Accountable Care Models,1924,
Primary Care First Model Options,Sanford Northwest Minot Clinic,"1500 21st Avenue NW, Suite 101, Minot, ND (48.25895698194344, -101.31820200072518)",ND,Accountable Care Models,1925,
Primary Care First Model Options,Sanford South Bismarck Clinic,"1040 Tacoma Avenue, Bismarck, ND (46.78341470974655, -100.77653223684827)",ND,Accountable Care Models,1926,
Primary Care First Model Options,Sanford Internal Medicine Bismarck Clinic,"515 East Broadway Avenue, Bismarck, ND (46.80629822742486, -100.7840958148167)",ND,Accountable Care Models,1927,
Primary Care First Model Options,Sanford North Fargo Clinic,"2601 Broadway North, Fargo, ND (46.9118874086588, -96.78676602281014)",ND,Accountable Care Models,1928,
Primary Care First Model Options,Sanford West Fargo Clinic,"1220 Sheyenne Street, West Fargo, ND (46.862883994757595, -96.9047159966569)",ND,Accountable Care Models,1929,
Primary Care First Model Options,Sanford Wahpeton Clinic,"332 2nd Avenue North, Wahpeton, ND (46.265342014965285, -96.60497503197053)",ND,Accountable Care Models,1930,
Primary Care First Model Options,Sanford Mayville Clinic,"600 1st Street SE, Mayville, ND (47.50009791738862, -97.31730603500536)",ND,Accountable Care Models,1931,
Primary Care First Model Options,Sanford Southpointe Internal Medicine Fargo Clinic,"2400 32nd Avenue South, Route 2507, Fargo, ND (46.831738518938295, -96.81804527380413)",ND,Accountable Care Models,1932,
Primary Care First Model Options,Sanford Southpointe Family Medicine Fargo Clinic,"2400 32nd Avenue South, Route 2557, Fargo, ND (46.831738518938295, -96.81804527380413)",ND,Accountable Care Models,1933,
Primary Care First Model Options,Sanford Veterans Square Fargo Clinic,"3955 56th Street S, Suite D, Fargo, ND (46.81895515267689, -96.88094500307038)",ND,Accountable Care Models,1934,
Primary Care First Model Options,Sanford Broadway Fargo Clinic,"801 North Broadway, Fargo, ND (46.885072191658, -96.78723641521634)",ND,Accountable Care Models,1935,
Primary Care First Model Options,"Grand Island Clinic, INC","2444 W Faidley Avenue Grand Island, NE (40.924206, -98.367834)",NE,Accountable Care Models,1936,
Primary Care First Model Options,Chalco Health Center,"8343 S 168th Avenue Omaha, NE (41.175833, -96.178014)",NE,Accountable Care Models,1937,
Primary Care First Model Options,Lincoln Family Medicine Center,"4600 Valley Road, Ste 200 Lincoln, NE (40.803345, -96.655328)",NE,Accountable Care Models,1938,
Primary Care First Model Options,Nebraska Medicine,"4400 Emile Street Omaha, NE (41.254238, -95.978928)",NE,Accountable Care Models,1939,
Primary Care First Model Options,Fontenelle Health Center,"5005 Ames Avenue Omaha, NE (41.299551, -95.990348)",NE,Accountable Care Models,1940,
Primary Care First Model Options,Elkhorn Health Center,"20310 Blue Sage Parkway Omaha, NE (41.245578, -96.228376)",NE,Accountable Care Models,1941,
Primary Care First Model Options,Brentwood Health Center,"8604 Giles Road La Vista, NE (41.176258, -96.046948)",NE,Accountable Care Models,1942,
Primary Care First Model Options,Eagle Run Health Center,"3685 N 129th Street Omaha, NE (41.291294, -96.115021)",NE,Accountable Care Models,1943,
Primary Care First Model Options,Millard Health Center,"13325 Millard Avenue, Omaha, NE (41.2098955, -96.1251826)",NE,Accountable Care Models,1944,
Primary Care First Model Options,Nebraska Medicine,"730 S 38th Avenue Omaha, NE (41.253072, -95.97048)",NE,Accountable Care Models,1945,
Primary Care First Model Options,Multispecialty Clinic at Village Pointe Health Center - Primary Care,"110 N 175th Omah, NE (41.258225, -96.189367)",NE,Accountable Care Models,1946,
Primary Care First Model Options,Nebraska Medicine,"989350 Nebraska Medical Center Omaha, NE (41.31454000000008, -96.15155899999996)",NE,Accountable Care Models,1947,
Primary Care First Model Options,McCook Clinic,"1301 East H Street, McCook, NE (40.2053413, -100.610706)",NE,Accountable Care Models,1948,
Primary Care First Model Options,"Family Health Care of Siouxland, South Sioux City Clinic","3250 Plaza Drive, South Sioux City, NE (42.45834299012009, -96.42758596522155)",NE,Accountable Care Models,1949,
Primary Care First Model Options,NorthPointe Family Medicine,"5901 N 27th Street, Suite 102, Lincoln, NE (40.87377298664012, -96.68242197329292)",NE,Accountable Care Models,1950,
Primary Care First Model Options,Coddington Medical Family Practice,"1336 West A Street, Suite A, Lincoln, NE (40.799873015284476, -96.74036598612571)",NE,Accountable Care Models,1951,
Primary Care First Model Options,Family Medicine of Lincoln,"3901 Pine Lake Road, Suite 335, Lincoln, NE (40.73987199959339, -96.66443801329677)",NE,Accountable Care Models,1952,
Primary Care First Model Options,Holmes Lake Family Medicine and Internal Medicine,"6900 Van Dorn Street, Suite 24, Lincoln, NE (40.78544298223474, -96.62676202907542)",NE,Accountable Care Models,1953,
Primary Care First Model Options,Southeast Lincoln Family Medicine and Internal Medicine,"4333 S 86th Street, Suite 100, Lincoln, NE (40.76919001097286, -96.60558196557946)",NE,Accountable Care Models,1954,
Primary Care First Model Options,Nebraska Internal Medicine,"770 N Cotner Boulevard, 220, Lincoln, NE (40.81977898758825, -96.63558901130948)",NE,Accountable Care Models,1955,
Primary Care First Model Options,Cheney Ridge Family Medical Clinic,"3540 Village Drive, Lincoln, NE (40.75494702009249, -96.66919600063432)",NE,Accountable Care Models,1956,
Primary Care First Model Options,Lincoln Internal Medicine Associates,"3901 Pine Lake Road, Suite 220, Lincoln, NE (40.73987199959339, -96.66443801329677)",NE,Accountable Care Models,1957,
Primary Care First Model Options,"Family Physicians Group, PC","770 N Cotner Boulevard, Suite 205, Lincoln, NE (40.81977898758825, -96.63558901130948)",NE,Accountable Care Models,1958,
Primary Care First Model Options,"Lincoln Family Medical Group, PC","7441 O Street, Suite 300, Lincoln, NE (40.812190012453215, -96.61784100188773)",NE,Accountable Care Models,1959,
Primary Care First Model Options,"Family Practice Associates, PC","620 East 25th Street, Suite 5 PO Box 2290, Kearney, NE (40.70083600967229, -99.07273095989261)",NE,Accountable Care Models,1960,
Primary Care First Model Options,Bellevue Primary Care - Multispecialty Clinic,"2510 Bellevue Medical Center Drive, Bellevue, NE (41.13701298420179, -95.94848803055868)",NE,Accountable Care Models,1961,
Primary Care First Model Options,Primary Care Partners,"4130 Pioneer Woods Drive, Suite 2, Lincoln, NE (40.77096299304205, -96.62139098933963)",NE,Accountable Care Models,1962,
Primary Care First Model Options,Hampton Internal Medicine,"55 High Street, Ste 201 Hampton, NH (42.941101, -70.835742)",NH,Accountable Care Models,1963,
Primary Care First Model Options,Appledore Family Medicine,"25 New Hampshire Avenue, Ste 100 Portsmouth, NH (43.085718, -70.812286)",NH,Accountable Care Models,1964,
Primary Care First Model Options,Portsmouth Internal Medicine,"100 Eileen Dondero Foley Avenue, Suite 300 Portsmouth, NH (43.07066000000003, -70.77216999999996)",NH,Accountable Care Models,1965,
Primary Care First Model Options,Beacon Internal Medicine,"155 Borthwick Avenue, Ste 202 Portsmouth, NH (43.061711, -70.79309)",NH,Accountable Care Models,1966,
Primary Care First Model Options,Life Long Care of New London,"276 Newport Road, The Gallery Ste 107 New London, NH (43.42346, -72.001732)",NH,Accountable Care Models,1967,
Primary Care First Model Options,Martin's Point Health Care - Portsmouth,"161 Corporate Drive, Portsmouth, NH (43.08150601716781, -70.79464101735253)",NH,Accountable Care Models,1968,
Primary Care First Model Options,BHMG Shrewsbury Primary Care,"766 Shrewsbury Avenue, Ste 100 West Bldg Tinton Falls, NJ (40.321998000000065, -74.07428702999994)",NJ,Accountable Care Models,1969,
Primary Care First Model Options,"EHPN:Irina Tartakovsky, MD","910 Sylvan Ave - 2nd Floor, Ste 210, Englewood Cliffs, NJ (40.8975027, -73.9445516)",NJ,Accountable Care Models,1970,
Primary Care First Model Options,RWJPE Care First,"35 Clyde Road Somerset, NJ (40.487582, -74.509574)",NJ,Accountable Care Models,1971,
Primary Care First Model Options,BHMG Primary Care Livingston,"200 South Orange Avenue, Suite 203 Livingston, NJ (40.774066, -74.355385)",NJ,Accountable Care Models,1972,
Primary Care First Model Options,BHMG Forked River Primary Care,"731 Lacey Road Forked River, NJ (39.857911, -74.203971)",NJ,Accountable Care Models,1973,
Primary Care First Model Options,Primary Care at Marlboro,"28 Briar Hill Drive Manalapan, NJ (40.299163, -74.304018)",NJ,Accountable Care Models,1974,
Primary Care First Model Options,BHMG Pavonia HUB,"600 Pavonia Avenue Jersey City, NJ (40.732698, -74.060341)",NJ,Accountable Care Models,1975,
Primary Care First Model Options,BHMG North Arlington,"16-18 Ridge Road North Arlington, NJ (40.782291, -74.138107)",NJ,Accountable Care Models,1976,
Primary Care First Model Options,RWJ Medical Associates- Primary Care Express,"3100 Quakerbridge Road Hamilton, NJ (40.247551, -74.686207)",NJ,Accountable Care Models,1977,
Primary Care First Model Options,RWJ Medical Associates Robbinsville HUB,"17 Main Street Robbinsville, NJ (40.215946, -74.623576)",NJ,Accountable Care Models,1978,
Primary Care First Model Options,BHMG Geriatric Health Center,"200 South Orange Avenue Livingston, NJ (40.772831, -74.355543)",NJ,Accountable Care Models,1979,
Primary Care First Model Options,RWJ Hamilton Internal Medicine,"2055 Klockner Road Hamilton, NJ (40.22297, -74.682561)",NJ,Accountable Care Models,1980,
Primary Care First Model Options,Primary and Specialty Care of Edison,"10 Parsonage Road Edison, NJ (40.546565, -74.332327)",NJ,Accountable Care Models,1981,
Primary Care First Model Options,"AtlantiCare Physician Group, Primary Care Plus, Manahawkin","517 Route 72 West Manahawkin, NJ (39.703423, -74.272589)",NJ,Accountable Care Models,1982,
Primary Care First Model Options,"EHPN:Primary Care: Kenneth Wasserman, MD","910 Sylvan Ave - 2nd Floor, Ste 210, Englewood Cliffs, NJ (40.8975027, -73.9445516)",NJ,Accountable Care Models,1983,
Primary Care First Model Options,EHPN: Old Tappan Medical Group,"645 Westwood Avenue River Vale, NJ (40.994725, -74.007705)",NJ,Accountable Care Models,1984,
Primary Care First Model Options,Rochelle Park Medical Center,"336 West Passaic Street Rochelle Park, NJ (40.917144, -74.084268)",NJ,Accountable Care Models,1985,
Primary Care First Model Options,Linden Family Medical Group,"850 North Wood Avenue Linden, NJ (40.636453, -74.263039)",NJ,Accountable Care Models,1986,
Primary Care First Model Options,The Park Medical Group,"1 N Washington Avenue, 2nd Floor Bergenfield, NJ (40.928011, -73.995962)",NJ,Accountable Care Models,1987,
Primary Care First Model Options,HVA Medical Group,"637 Route 23 South, Pompton Plains, NJ (40.9721283, -74.2904297)",NJ,Accountable Care Models,1988,
Primary Care First Model Options,Samaritan HomeVisit Physicians PC,"3906 Church Road Mount Laurel, NJ (39.926575, -74.963646)",NJ,Accountable Care Models,1989,
Primary Care First Model Options,HVA Medical Group,"179 Cahill Cross Road, Ste 314 West Milford, NJ (41.117791, -74.36068)",NJ,Accountable Care Models,1990,
Primary Care First Model Options,Dr Anthony B Cifelli MD,"116 Littleton Road Morris Plains, NJ (40.835447, -74.471869)",NJ,Accountable Care Models,1991,
Primary Care First Model Options,Vanguard Medical Group- Randolph,"477 Route 10 East Randolph, NJ (40.862674, -74.566652)",NJ,Accountable Care Models,1992,
Primary Care First Model Options,Medemerge Medical Associates,"1005 N Washington Avenue Green Brook, NJ (40.601833, -74.473939)",NJ,Accountable Care Models,1993,
Primary Care First Model Options,Virtua Primary Care Westmont,"216 Haddon Avenue, Suite 100 Haddon Township, NJ (39.909185, -75.047396)",NJ,Accountable Care Models,1994,
Primary Care First Model Options,Virtua Primary Care Hainesport,"310 Creek-Crossing Boulevard Hainesport, NJ (39.974699, -74.84785)",NJ,Accountable Care Models,1995,
Primary Care First Model Options,Virtua Primary Care Cinnaminson at Route 130,"1404-1406 Route 130 North, Mainline Shopping Center, Cinnaminson, NJ (39.9997825, -74.9880228)",NJ,Accountable Care Models,1996,
Primary Care First Model Options,Virtua Primary Care Burlington,"811 Sunset Road Burlington, NJ (40.0493358, -74.8729126)",NJ,Accountable Care Models,1997,
Primary Care First Model Options,Virtua Primary Care Tatem Brown Family Practice,"2225 Evesham Road Voorhees, NJ (39.863427, -74.964225)",NJ,Accountable Care Models,1998,
Primary Care First Model Options,Virtua Primary Care Cooper River,"6981 North Park Drive Pennsauken, NJ (39.926706, -75.08016)",NJ,Accountable Care Models,1999,
Primary Care First Model Options,Virtua Primary Care Moorestown - 3rd Street,"147 E Third Street, Suite 2 Moorestown, NJ (39.968949, -74.941278)",NJ,Accountable Care Models,2000,
Primary Care First Model Options,"GK Health, PC","100 Main Street Keansburg, NJ (40.448249, -74.129437)",NJ,Accountable Care Models,2001,
Primary Care First Model Options,Virtua Primary Care Browns Mills,"130 Lakehurst Road, Front Browns Mills, NJ (39.967649, -74.579271)",NJ,Accountable Care Models,2002,
Primary Care First Model Options,Virtua Primary Care Mansfield,"3242 Route 206 Bordentown, NJ (40.097497, -74.711911)",NJ,Accountable Care Models,2003,
Primary Care First Model Options,Virtua Primary Care Camden,"1000 Atlantic Avenue Camden, NJ (39.929397, -75.109648)",NJ,Accountable Care Models,2004,
Primary Care First Model Options,Beth Prime Care,"166 Lyons Avenue Newark, NJ (40.709245, -74.212301)",NJ,Accountable Care Models,2005,
Primary Care First Model Options,Apex Medical Professionals,"6-20 Plaza Road Fairlawn, NJ (40.931374, -74.11507)",NJ,Accountable Care Models,2006,
Primary Care First Model Options,EHPN: Primary Care Oradell,"680 Kinderkamack Road, Ste 205 Oradell, NJ (40.963276, -74.03069)",NJ,Accountable Care Models,2007,
Primary Care First Model Options,Cape Regional Physicians Associates,"11 Village Drive Cape May Court House, NJ (39.091665, -74.816622)",NJ,Accountable Care Models,2008,
Primary Care First Model Options,Chester Medical Associates,"385 Route 24, Suite 1C, Chester, NJ (40.780752008213085, -74.6682310358939)",NJ,Accountable Care Models,2009,
Primary Care First Model Options,Hunterdon Family Medicine at Cornerstone,"9100 Wescott Drive, Suite 103, Flemington, NJ (40.53554434909843, -74.86092993795728)",NJ,Accountable Care Models,2010,
Primary Care First Model Options,Firstcare Medical Group,"50 Pompton Avenue, Verona, NJ (40.826841998299045, -74.23006796940699)",NJ,Accountable Care Models,2011,
Primary Care First Model Options,RWJPE Piscataway-Dunellen Family Practice,"24 Stelton Road, Suite A, Piscataway, NJ (40.574475005536556, -74.45783596227776)",NJ,Accountable Care Models,2012,
Primary Care First Model Options,Vanguard Riverdale,"72 Hamburg Turnpike, Riverdale, NJ (40.99886, -74.30415)",NJ,Accountable Care Models,2013,
Primary Care First Model Options,Alliance Primary Care of New Jersey,"1314 Park Avenue, Suite 1, Plainfield, NJ (40.60416601160736, -74.40446402617006)",NJ,Accountable Care Models,2014,
Primary Care First Model Options,Vanguard Glen Ridge,"200 Highland Avenue, Suite 100B, Glen Ridge, NJ (40.810082005714094, -74.20494396900989)",NJ,Accountable Care Models,2015,
Primary Care First Model Options,New Providence Internal Medicine Associates/Primary Care Partners,"571 Central Avenue, Suite 112, New Providence, NJ (40.698844008473145, -74.40386103205563)",NJ,Accountable Care Models,2016,
Primary Care First Model Options,Middlebrook Family Physicians,"101 East Union Avenue, Bound Brook, NJ (40.56692500625127, -74.53200197524019)",NJ,Accountable Care Models,2017,
Primary Care First Model Options,Vanguard Hawthorne,"1114 Goffle Rd, Ste 104, Hawthorne, NJ (40.9695703, -74.1547789)",NJ,Accountable Care Models,2018,
Primary Care First Model Options,Vanguard Cranford,"570 South Avenue E, Bldg G Unit A, Cranford, NJ (40.65495200485688, -74.28921595881191)",NJ,Accountable Care Models,2019,
Primary Care First Model Options,RWJ Family Medicine at Monument Square,"317 George Street, Suite 100, New Brunswick, NJ (40.49307297938182, -74.44292698728057)",NJ,Accountable Care Models,2020,
Primary Care First Model Options,"Our Family Practice, LLC","1899 Route 88, Brick, NJ (40.07110198963019, -74.12068899447131)",NJ,Accountable Care Models,2021,
Primary Care First Model Options,"Sheryl Haber Kuo, MD, PC","2312 Whitehorse-Mercerville Road, Suite 201, Trenton, NJ (40.2304729820371, -74.68818398876496)",NJ,Accountable Care Models,2022,
Primary Care First Model Options,RWJPE Bridgewater Medical Group,"766 Route 202-206 North, Suite 1, Bridgewater, NJ (40.60815616453085, -74.62478816922197)",NJ,Accountable Care Models,2023,
Primary Care First Model Options,RWJPE Old Bridge Family Medicine,"2107 County Road 516, Suite A, Old Bridge, NJ (40.407052298069026, -74.33596809600965)",NJ,Accountable Care Models,2024,
Primary Care First Model Options,RWJPE Cranbury Medical Group,"557 Cranbury Road, Suite 22, East Brunswick, NJ (40.41364401132503, -74.4168789658774)",NJ,Accountable Care Models,2025,
Primary Care First Model Options,RWJPE Comprehensive Family Medicine,"8 Mountain Boulevard, Suite G, Warren, NJ (40.62118001776801, -74.48290397156165)",NJ,Accountable Care Models,2026,
Primary Care First Model Options,RWJPE Dayton Medical Group,"12 Stults Road, Suite 121, Dayton, NJ (40.35669602004657, -74.49238197621534)",NJ,Accountable Care Models,2027,
Primary Care First Model Options,RWJPE Primary Care Center at Hillsborough,"331 Route 206, Suite 2B, Hillsborough, NJ (40.51310300385259, -74.63134303439006)",NJ,Accountable Care Models,2028,
Primary Care First Model Options,RWJPE Franklin Internal Medicine,"454 Elizabeth Avenue, Suite 210, Somerset, NJ (40.53051301302878, -74.54146799377234)",NJ,Accountable Care Models,2029,
Primary Care First Model Options,RWJPE Towne Centre Family Care,"302 Towne Centre Drive, Hillsborough, NJ (40.50607699924433, -74.63921003725343)",NJ,Accountable Care Models,2030,
Primary Care First Model Options,RWJPE UrgentMed,"141 Main Street, Suite 1, South Bound Brook, NJ (40.5522990043053, -74.52339996328736)",NJ,Accountable Care Models,2031,
Primary Care First Model Options,Ocean Internal Medicine,"1300 Highway 35S, Plaza II Suite 204, Ocean, NJ (40.244377177326434, -74.03797428140865)",NJ,Accountable Care Models,2032,
Primary Care First Model Options,Primary Medical Care,"386 Valley Road, West Orange, NJ (40.77354600223413, -74.23952300764599)",NJ,Accountable Care Models,2033,
Primary Care First Model Options,Florham Park Multi-Specialty,"222 Columbia Turnpike, Florham Park, NJ (40.789466002392345, -74.3973150171327)",NJ,Accountable Care Models,2034,
Primary Care First Model Options,Associates in Health and Medicine,"200 South Orange Avenue, Suite 203, Livingston, NJ (40.772774992870524, -74.35559702774304)",NJ,Accountable Care Models,2035,
Primary Care First Model Options,Whiting Medical Associates,"65A Lacey Road, Whiting, NJ (39.94784322225891, -74.36525548352792)",NJ,Accountable Care Models,2036,
Primary Care First Model Options,Premier Primary Care,"200 South Orange Avenue, Suite 101, Livingston, NJ (40.772774992870524, -74.35559702774304)",NJ,Accountable Care Models,2037,
Primary Care First Model Options,Millburn Primary Care,"120 Millburn Avenue, Suite 204, Millburn, NJ (40.72165799826462, -74.28946297349849)",NJ,Accountable Care Models,2038,
Primary Care First Model Options,Internal Medicine and Gastro,"312 Belleville Turnpike, Suite 1B, North Arlington, NJ (40.780401016017606, -74.13537199335889)",NJ,Accountable Care Models,2039,
Primary Care First Model Options,Hunterdon Family Physicians,"111 State Route 31, Suite 111, Flemington, NJ (40.5204139931688, -74.85528602956575)",NJ,Accountable Care Models,2040,
Primary Care First Model Options,"Shore Medicine, LLC","1255 Highway 70, Suite 24-S, Lakewood, NJ (40.05448101090943, -74.17823696237906)",NJ,Accountable Care Models,2041,
Primary Care First Model Options,Associates in Internal Medicine,"1072 Valley Road, Stirling, NJ (40.669255010163994, -74.48393000032935)",NJ,Accountable Care Models,2042,
Primary Care First Model Options,Raritan Family Healthcare,"901 US Highway 202, Raritan, NJ (40.57378400143878, -74.64142403315819)",NJ,Accountable Care Models,2043,
Primary Care First Model Options,Morris Primary Care,"166 Morris Avenue, Long Branch, NJ (40.2975360026106, -73.98609700332679)",NJ,Accountable Care Models,2044,
Primary Care First Model Options,Primary Medical Care,"8 Hedden Terrace, North Arlington, NJ (40.78509199003926, -74.13660203764988)",NJ,Accountable Care Models,2045,
Primary Care First Model Options,Hunterdon Family Medicine at Delaware Valley,"200 Frenchtown Road, Milford, NJ (40.563181019650386, -75.08832900556192)",NJ,Accountable Care Models,2046,
Primary Care First Model Options,Hunterdon Family Medicine at Hickory Run,"384 County Road 513, Califon, NJ (40.714475000609866, -74.85598700812831)",NJ,Accountable Care Models,2047,
Primary Care First Model Options,Hunterdon Family Medicine at Highlands,"61 Frontage Road, Hampton, NJ (40.64157599613145, -74.99283498851248)",NJ,Accountable Care Models,2048,
Primary Care First Model Options,Hunterdon Family & Sports Medicine at Hopewell Valley,"84 Route 31 North, Suite 103, Pennington, NJ (40.346195004110314, -74.79728401396297)",NJ,Accountable Care Models,2049,
Primary Care First Model Options,Hunterdon Family Medicine at Riverfield (CL),"1738 Route 31 North, Suite 203, Clinton, NJ (40.65300099116425, -74.90896499478676)",NJ,Accountable Care Models,2050,
Primary Care First Model Options,Hunterdon Family Medicine at Phillips-Barber,"8 Reading Road, Flemington, NJ (40.50464, -74.84387)",NJ,Accountable Care Models,2051,
Primary Care First Model Options,Hunterdon Family Practice & Obstetrics,"1100 Wescott Drive, Suite 101, Flemington, NJ (40.53112274918491, -74.85860529379055)",NJ,Accountable Care Models,2052,
Primary Care First Model Options,Hunterdon Medical Associates at Whitehouse Station,"537 US Highway 22E, Whitehouse Station, NJ (40.61933000600865, -74.76058401854736)",NJ,Accountable Care Models,2053,
Primary Care First Model Options,Hunterdon Family Medicine at Your Doctors Care,"71 Route 206, Hillsborough, NJ (40.54572000659337, -74.61338899778826)",NJ,Accountable Care Models,2054,
Primary Care First Model Options,Hunterdon Family Medicine at Bridgewater- 28,"250 Route 28, Suite 100, Bridgewater, NJ (40.596042983511495, -74.66925899249932)",NJ,Accountable Care Models,2055,
Primary Care First Model Options,Premier Family Medicine,"4 Walter Foran Blvd., Suite 101, Flemington, NJ (40.52270, -74.85732)",NJ,Accountable Care Models,2056,
Primary Care First Model Options,Montgomery Internal Medicine Group Princeton,"727 State Road, Princeton, NJ (40.3864700069588, -74.65836796660831)",NJ,Accountable Care Models,2057,
Primary Care First Model Options,Virtua Primary Care Lumberton,"1613 Route 38, 1st Floor Front, Lumberton, NJ (39.983215010717146, -74.79075903761702)",NJ,Accountable Care Models,2058,
Primary Care First Model Options,ChristianaCare Primary Care Woodstown,"125 East Avenue, Suite C, Woodstown, NJ (39.652023007931206, -75.32272599419706)",NJ,Accountable Care Models,2059,
Primary Care First Model Options,RWJBH Primary Eatontown,"145 Wykcoff Road, Suite 301, Eatontown, NJ (40.29364998466039, -74.0546730412425)",NJ,Accountable Care Models,2060,
Primary Care First Model Options,Kearny-Bayonne Primary Care,"519 Broadway, Suite 3100, Bayonne, NJ (40.66483099975849, -74.11800997057837)",NJ,Accountable Care Models,2061,
Primary Care First Model Options,AtlantiCare Physician Group Egg Harbor Township,"2500 English Creek Avenue, Building 1000 Suite 1002, Egg Harbor Township, NJ (39.437235020770345, -74.60475697862206)",NJ,Accountable Care Models,2062,
Primary Care First Model Options,AtlantiCare Physician Group Galloway South,"314 Chris Gaupp Drive, Galloway, NJ (39.47425101393566, -74.54136598601069)",NJ,Accountable Care Models,2063,
Primary Care First Model Options,Virtua Womens Primary Care and Wellness Center,"401 Young Avenue, Suite 380A, Moorestown, NJ (39.971011001603216, -74.91519199447482)",NJ,Accountable Care Models,2064,
Primary Care First Model Options,AtlantiCare Physician Group Brigantine,"3400 Brigantine Boulevard, Brigantine, NJ (39.394788077884336, -74.38888432497485)",NJ,Accountable Care Models,2065,
Primary Care First Model Options,Virtua Primary Care Marlton,"141 East Route 70, Suite E - Front, Marlton, NJ (39.89379919182494, -74.91393341244293)",NJ,Accountable Care Models,2066,
Primary Care First Model Options,Virtua Primary Care Voorhees,"1605 Evesham Road, Suite 100 1st Floor Front, Voorhees, NJ (39.860128983790105, -74.97681096893587)",NJ,Accountable Care Models,2067,
Primary Care First Model Options,Virtua Primary Care Maple Shade,"19 West Main Street, Suite B, Maple Shade, NJ (39.95554198974537, -75.00289100920916)",NJ,Accountable Care Models,2068,
Primary Care First Model Options,Pascack Valley Medical Group - Emerson,"466 Old Hook Road, Emerson, NJ (40.982729010741565, -74.00544997956858)",NJ,Accountable Care Models,2069,
Primary Care First Model Options,Virtua Primary Care Washington Township,"239 Hurffville-Crosskeys Road, Suite 460, Sewell, NJ (39.7221496, -75.0452327)",NJ,Accountable Care Models,2070,
Primary Care First Model Options,Virtua Primary Care Linwood,"1201 New Road, Suite 150A, Linwood, NJ (39.34796100451982, -74.58039296538587)",NJ,Accountable Care Models,2071,
Primary Care First Model Options,Virtua Primary Care Medford,"128 Route 70, Suite A & B, Medford, NJ (39.89860598458844, -74.84537400996562)",NJ,Accountable Care Models,2072,
Primary Care First Model Options,Virtua Mount Laurel Family Physicians,"401 Young Avenue, Suite 260 A, Moorestown, NJ (39.971011001603216, -74.91519199447482)",NJ,Accountable Care Models,2073,
Primary Care First Model Options,Virtua Primary Care Lindenwold,"406 E Gibbsboro Road, Lindenwold, NJ (39.81882200102268, -74.98073998604936)",NJ,Accountable Care Models,2074,
Primary Care First Model Options,Virtua Primary Care Hammonton,"75 South White Horse Pike, Front, Hammonton, NJ (39.646028444844475, -74.78619528302133)",NJ,Accountable Care Models,2075,
Primary Care First Model Options,Virtua Primary Care Cherry Hill,"1 Brace Road, Suite B2, Cherry Hill, NJ (39.91198698054626, -75.00948597444663)",NJ,Accountable Care Models,2076,
Primary Care First Model Options,Cedar Crest Village Medical Center,"1 Cedar Crest Village Drive, Pompton Plains, NJ (40.98408429871182, -74.32412707389281)",NJ,Accountable Care Models,2077,
Primary Care First Model Options,Lacey Road Primary Care,"1001 Lacey Road, Forked River, NJ (39.86153299448151, -74.21384202978287)",NJ,Accountable Care Models,2078,
Primary Care First Model Options,Seabrook Medical Center,"3000 Essex Road, Tinton Falls, NJ (40.23103201306938, -74.09162298501079)",NJ,Accountable Care Models,2079,
Primary Care First Model Options,RWJPE Franklin Family Practice,"29 Clyde Road, Suite 101, Somerset, NJ (40.487608020420936, -74.50826501218056)",NJ,Accountable Care Models,2080,
Primary Care First Model Options,RWJPE Somerset Family Practice,"110 Rehill Avenue, Somerville, NJ (40.56783599339789, -74.59495601923902)",NJ,Accountable Care Models,2081,
Primary Care First Model Options,Bridgewater Primary Care,"1200 Route 22 East, Suite 16, Bridgewater, NJ (40.57815431783569, -74.58720929499884)",NJ,Accountable Care Models,2082,
Primary Care First Model Options,North Essex Medical Associates,"5 Franklin Avenue, Suite 609, Belleville, NJ (40.7853180080584, -74.17610401947802)",NJ,Accountable Care Models,2083,
Primary Care First Model Options,AtlantiCare Physician Group North Cape May,"1613 Route 47, Unit F, Rio Grande, NJ (39.01105099311613, -74.87112397089187)",NJ,Accountable Care Models,2084,
Primary Care First Model Options,AtlantiCare Physician Group Northfield,"200 Tilton Road, Unit G-8, Northfield, NJ (39.38807100960429, -74.55884401433116)",NJ,Accountable Care Models,2085,
Primary Care First Model Options,Annandale Family Practice,"56 Payne Road, Suite 21, Lebanon, NJ (40.596130993494825, -74.87463598832238)",NJ,Accountable Care Models,2086,
Primary Care First Model Options,Vanguard Farmingdale,"43 Main Street, Suite 1, Farmingdale, NJ (40.19587998753221, -74.1684850371296)",NJ,Accountable Care Models,2087,
Primary Care First Model Options,AtlantiCare Physician Group Somers Point,"443 Shore Road, 2nd Floor Suite 201, Somers Point, NJ (39.32015500465414, -74.59158196793477)",NJ,Accountable Care Models,2088,
Primary Care First Model Options,AtlantiCare Physician Group Ocean City,"201 West Avenue, Ocean City, NJ (39.28677902058084, -74.56723798744717)",NJ,Accountable Care Models,2089,
Primary Care First Model Options,Vanguard Verona,"271 Grove Avenue, Suite A, Verona, NJ (40.8445470085575, -74.23585500299737)",NJ,Accountable Care Models,2090,
Primary Care First Model Options,"Lombardi and Shetty, LLC","1001 Route 9 North, Suite 106, Howell Township, NJ (40.20328285993964, -74.2556417947129)",NJ,Accountable Care Models,2091,
Primary Care First Model Options,AtlantiCare Physician Group Hammonton,"219 N White Horse Pike, Suite 101, Hammonton, NJ (39.65320699366424, -74.79512600917143)",NJ,Accountable Care Models,2092,
Primary Care First Model Options,AtlantiCare Physician Group Pleasantville,"48 Ansley Boulevard, Pleasantville, NJ (39.38733000745407, -74.52323400160448)",NJ,Accountable Care Models,2093,
Primary Care First Model Options,AtlantiCare Physician Group Little Egg Harbor,"100 East Main Street, Tuckerton, NJ (39.60309100784505, -74.33987400230946)",NJ,Accountable Care Models,2094,
Primary Care First Model Options,AtlantiCare Physician Group PA Atlantic City,"3830 Atlantic Avenue, Atlantic City, NJ (39.349168076454056, -74.45550962854989)",NJ,Accountable Care Models,2095,
Primary Care First Model Options,AtlantiCare Physician Group - Point Medical,"750 Shore Road, Somers Point, NJ (39.31281300229617, -74.59606997417103)",NJ,Accountable Care Models,2096,
Primary Care First Model Options,AtlantiCare Physician Group Wildwood Crest,"6410 New Jersey Avenue, Wildwood Crest, NJ (38.976660002477786, -74.83531497178382)",NJ,Accountable Care Models,2097,
Primary Care First Model Options,"Partners in Freedom, LLC  D/B/A Autumn Ridge Primary Care","3350 Highway 138, Suite 217 Bldg 1, Wall, NJ (40.17125500374067, -74.09124202751147)",NJ,Accountable Care Models,2098,
Primary Care First Model Options,Pascack Valley Medical Group - Paramus,"1 W Ridgewood Avenue, Suite 301, Paramus, NJ (40.97040501468368, -74.08176796235226)",NJ,Accountable Care Models,2099,
Primary Care First Model Options,Pascack Valley Medical Group - Northvale,"269 Livingston Street, Suite L, Northvale, NJ (41.01428117215173, -73.94608043269642)",NJ,Accountable Care Models,2100,
Primary Care First Model Options,Pascack Valley Medical Group - Montvale,"305 W Grand Avenue, Suite 200, Montvale, NJ (41.05520301081947, -74.06365500486626)",NJ,Accountable Care Models,2101,
Primary Care First Model Options,Primary Medical Care,"200 South Orange Avenue, Suite 101, Livingston, NJ (40.772774992870524, -74.35559702774304)",NJ,Accountable Care Models,2102,
Primary Care First Model Options,Pascack Valley Medical Group - Ridgewood,"190 Dayton Street, Suite 1, Ridgewood, NJ (40.97768398512977, -74.11564903991095)",NJ,Accountable Care Models,2103,
Primary Care First Model Options,Pascack Valley Medical Group - Old Hook,"452 Old Hook Road, Emerson, NJ (40.982145001637804, -74.00540304091079)",NJ,Accountable Care Models,2104,
Primary Care First Model Options,"Sarita Rastogi, MD, PA","140 Summit Avenue, Hackensack, NJ (40.888547012996185, -74.05703296608154)",NJ,Accountable Care Models,2105,
Primary Care First Model Options,Pascack Valley Medical Group - Dumont,"125 Washington Avenue, Dumont, NJ (40.940248980624716, -73.99344600457393)",NJ,Accountable Care Models,2106,
Primary Care First Model Options,Pascack Valley Medical Group - Closter,"1 Ruckman Road, Closter, NJ (40.9736369927291, -73.95947297753742)",NJ,Accountable Care Models,2107,
Primary Care First Model Options,Primary and Specialty Care of Clark,"999 Raritan Road, 1st Floor, Clark, NJ (40.62599, -74.31691)",NJ,Accountable Care Models,2108,
Primary Care First Model Options,Geriatrics Lakewood,"600 River Avenue, 3rd Floor, Lakewood, NJ (40.073053003322826, -74.21879397435988)",NJ,Accountable Care Models,2109,
Primary Care First Model Options,Medical Associates of Lawrenceville,"2999 Princeton Pike, Suite 3, Lawrenceville, NJ (40.28061998089805, -74.7177499787499)",NJ,Accountable Care Models,2110,
Primary Care First Model Options,Meetinghouse Family Physicians,"105 Evesboro-Medford Road, Suite I, Marlton, NJ (39.9129626, -74.9241725)",NJ,Accountable Care Models,2111,
Primary Care First Model Options,AtlantiCare Physician Group EHT Life Center,"2500 English Creek Avenue, Building 200, Egg Harbor Township, NJ (39.437235020770345, -74.60475697862206)",NJ,Accountable Care Models,2112,
Primary Care First Model Options,Mountainside Medical Group - Woodland Park,"1130 McBride Avenue, Suite 201, Woodland Park, NJ (40.89266600594513, -74.21147498032613)",NJ,Accountable Care Models,2113,
Primary Care First Model Options,Mountainside Medical Group - W Caldwell,"1129 Bloomfield Avenue, Suite 100, West Caldwell, NJ (40.85548099170228, -74.3089809894138)",NJ,Accountable Care Models,2114,
Primary Care First Model Options,Mountainside Medical Group - Glen Ridge IM,"311 Bay Avenue, Internal Med Suite 102, Glen Ridge, NJ (40.81282699518502, -74.20396798020414)",NJ,Accountable Care Models,2115,
Primary Care First Model Options,Mountainside Medical Group - Immedicenter Clifton,"1355 Broad Street, Clifton, NJ (40.850639981613796, -74.17974101108487)",NJ,Accountable Care Models,2116,
Primary Care First Model Options,Mountainside Medical Group - Immedicenter Bloomfield,"557 Broad Street, Bloomfield, NJ (40.81299299877742, -74.19388798726438)",NJ,Accountable Care Models,2117,
Primary Care First Model Options,Cotler Family Practice,"1937 Route 35, Suite 2, Wall, NJ (40.15511200304846, -74.05496003760722)",NJ,Accountable Care Models,2118,
Primary Care First Model Options,Mountainside Family Practice,"799 Bloomfield Avenue, Suite 201, Verona, NJ (40.83394499068797, -74.25310797721758)",NJ,Accountable Care Models,2119,
Primary Care First Model Options,Christianacare Primary Care at Carneys Point,"341 Shell Road, Carneys Point, NJ (39.705415982615875, -75.47039903489426)",NJ,Accountable Care Models,2120,
Primary Care First Model Options,"Kenneth Adessa, MD","3699 US 46 East, Parsippany, NJ (40.87723646320021, -74.44348605707394)",NJ,Accountable Care Models,2121,
Primary Care First Model Options,Primary and Specialty Care Warren,"8 Mountain Boulevard, Suite J, Warren, NJ (40.62118001776801, -74.48290397156165)",NJ,Accountable Care Models,2122,
Primary Care First Model Options,West Toms River Primary Care,"368 Lakehurst Road, Suite 303, Toms River, NJ (39.95861898640106, -74.21257099798535)",NJ,Accountable Care Models,2123,
Primary Care First Model Options,Geriatrics MMC,"300 Second Avenue, Suite A005, Long Branch, NJ (40.295707993347065, -73.98562200087385)",NJ,Accountable Care Models,2124,
Primary Care First Model Options,Family Practice Associates of Voorhees,"805 Cooper Road, Suite 2, Voorhees, NJ (39.8590234, -74.9547425)",NJ,Accountable Care Models,2125,
Primary Care First Model Options,Primary Care at Branchburg,"3322 Route 22 West, Suite 1204, Branchburg, NJ (40.607591859030194, -74.70417739227533)",NJ,Accountable Care Models,2126,
Primary Care First Model Options,Woodbridge Internal Medical Associates,"1000 Route 9 North, Suite 302, Woodbridge, NJ (40.54563199661004, -74.29053803639977)",NJ,Accountable Care Models,2127,
Primary Care First Model Options,Dover Internal Medicine,"530 Lakehurst road, Suite 307, Toms River, NJ (39.965572990461055, -74.22496397710637)",NJ,Accountable Care Models,2128,
Primary Care First Model Options,Internal Medicine Faculty Associates,"435 South Street, Suite 210, Morristown, NJ (40.77689599747626, -74.4691380367005)",NJ,Accountable Care Models,2129,
Primary Care First Model Options,EHPN - Bergen Medical Alliance,"1 North Washington Avenue, 2nd Floor, Bergenfield, NJ (40.928099998705136, -73.99544601049062)",NJ,Accountable Care Models,2130,
Primary Care First Model Options,EHPN - Bergen Medical Alliance,"180 Engle Street, Englewood, NJ (40.89874401730427, -73.97060003782185)",NJ,Accountable Care Models,2131,
Primary Care First Model Options,Cape Regional Physicians Associates,"3806 Bayshore Road, Suite 101, North Cape May, NJ (38.9801280149166, -74.94280701267664)",NJ,Accountable Care Models,2132,
Primary Care First Model Options,Family Practice of CentraState - Marlboro,"479 Route 520, Suite 101A, Marlboro, NJ (40.33377801083671, -74.24137700080935)",NJ,Accountable Care Models,2133,
Primary Care First Model Options,Montgomery Internal Medicine Group Hillsborough,"716 Route 206, Suite 100, Hillsborough, NJ (40.49386900872639, -74.64924803685828)",NJ,Accountable Care Models,2134,
Primary Care First Model Options,Family Practice of CentraState - Colts Neck,"281 Route 34, Suite 813, Colts Neck, NJ (40.280110989827705, -74.17036400836443)",NJ,Accountable Care Models,2135,
Primary Care First Model Options,Family Practice of CentraState - Monroe,"312 Applegarth Road, Suite 107, Monroe, NJ (40.31660043907492, -74.4718639476803)",NJ,Accountable Care Models,2136,
Primary Care First Model Options,Family Practice of CentraState - Jackson,"161 Bartley Road, Jackson, NJ (40.134816984708806, -74.2825189858128)",NJ,Accountable Care Models,2137,
Primary Care First Model Options,Family Practice of CentraState - East Windsor,"319 Route 130 North, East Windsor, NJ (40.2785546410462, -74.53273060745529)",NJ,Accountable Care Models,2138,
Primary Care First Model Options,Family Practice of CentraState - Freehold,"901 West Main Street, Suite 305, Freehold, NJ (40.23767898801606, -74.31231497522086)",NJ,Accountable Care Models,2139,
Primary Care First Model Options,Chatham Family Medicine,"492 Main Street, Chatham, NJ (40.744952019650924, -74.39174599684391)",NJ,Accountable Care Models,2140,
Primary Care First Model Options,Tristate Wellness and Medical Care,"199 State Route 284, Suite 200, Wantage, NJ (41.24264700861772, -74.58184404046361)",NJ,Accountable Care Models,2141,
Primary Care First Model Options,Prime Internal Medicine,"901 West Main Street, Suite 103, Freehold, NJ (40.23767898801606, -74.31231497522086)",NJ,Accountable Care Models,2142,
Primary Care First Model Options,"Avenel Iselin Medical Group, LLC","400 Gill Lane, Iselin, NJ (40.560153979137624, -74.31300899680379)",NJ,Accountable Care Models,2143,
Primary Care First Model Options,"Hampton Family Practice, LLC","450 Charlestown Road, Hampton, NJ (40.689484984935035, -74.97371000003709)",NJ,Accountable Care Models,2144,
Primary Care First Model Options,Central Jersey Internal Medicine Associates,"75 Veronica Avenue, Suite 204, Somerset, NJ (40.4753989821651, -74.49432096187692)",NJ,Accountable Care Models,2145,
Primary Care First Model Options,EHPN - HVA Clifton,"2 Brighton Avenue, Suite 200, Clifton, NJ (40.85766498039368, -74.14371802198873)",NJ,Accountable Care Models,2146,
Primary Care First Model Options,EHPN - HVA Fairlawn,"22-18 Broadway, Suite 101, Fair Lawn, NJ (40.92205899344853, -74.11305400268783)",NJ,Accountable Care Models,2147,
Primary Care First Model Options,EHPN - HVA Paterson,"680 Broadway, Suite 116A, Paterson, NJ (40.91819593544518, -74.14446201493531)",NJ,Accountable Care Models,2148,
Primary Care First Model Options,EHPN - HVA Ramsey,"70 Hilltop Road, Ramsey, NJ (41.07509699700171, -74.1349750264245)",NJ,Accountable Care Models,2149,
Primary Care First Model Options,EHPN - HVA Wayne,"1500 Alps Road, Wayne, NJ (40.95758342479713, -74.24630211172546)",NJ,Accountable Care Models,2150,
Primary Care First Model Options,"Northwest Medical Care, LLC","66 Sunset Strip, Suite 407, Succasunna, NJ (40.8688619876601, -74.64617598552545)",NJ,Accountable Care Models,2151,
Primary Care First Model Options,EHPN - HVA Woodland Park,"1225 McBride Avenue, Suite 200, Woodland Park, NJ (40.89053201530618, -74.21320500514153)",NJ,Accountable Care Models,2152,
Primary Care First Model Options,EHPN - Moreno Medical Associates,"550 Newark Avenue, Jersey City, NJ (40.731375012887355, -74.05534703007683)",NJ,Accountable Care Models,2153,
Primary Care First Model Options,Cape Regional Physicians Associates,"4011 Route 9 South, Rio Grande, NJ (39.01095900172879, -74.87966898590311)",NJ,Accountable Care Models,2154,
Primary Care First Model Options,"Anthony J Leone, MD","807 N Haddon Avenue, 206, Haddonfield, NJ (39.90589698306559, -75.04238796189539)",NJ,Accountable Care Models,2155,
Primary Care First Model Options,EHPN - Primary care of Hudson County WNY,"433 57th Street, West New York, NJ (40.78648099712399, -74.01708297152868)",NJ,Accountable Care Models,2156,
Primary Care First Model Options,Cape Regional Physicians Associates,"336 96th Street, Stone Harbor, NJ (39.05550600916868, -74.76190400065943)",NJ,Accountable Care Models,2157,
Primary Care First Model Options,EHPN - Park Medical Fort Lee,"1555 Centre Avenue, 2nd Floor, Fort Lee, NJ (40.84937900810007, -73.9753519901891)",NJ,Accountable Care Models,2158,
Primary Care First Model Options,EHPN - Park Medical Northvale,"220 Livingston Street, Northvale, NJ (41.00839699665477, -73.94759397671912)",NJ,Accountable Care Models,2159,
Primary Care First Model Options,Cape Regional Physicians Associates,"211 N Main Street, Cape May Court House, NJ (39.0866519879022, -74.82209897359)",NJ,Accountable Care Models,2160,
Primary Care First Model Options,Cape Regional Physicians Associates,"2087 Route 9, Seaville, NJ (39.207957991961365, -74.70056498176444)",NJ,Accountable Care Models,2161,
Primary Care First Model Options,Cape Regional Physicians Associates,"100 S Shore Road, Marmora, NJ (39.262647, -74.6536885)",NJ,Accountable Care Models,2162,
Primary Care First Model Options,Jefferson New Jersey House Calls,"400 Medical Center Drive, Suite C, Sewell, NJ (39.73774, -75.06399)",NJ,Accountable Care Models,2163,
Primary Care First Model Options,"James V Agresti, DO, LLC","181 Franklin Avenue, 201, Nutley, NJ (40.81435401030552, -74.16344298709345)",NJ,Accountable Care Models,2164,
Primary Care First Model Options,Ellis Medicine at Mohawk Harbor - Primary Care,"200 Harborside Drive, Ste 101 Schenectady, NY (42.824533, -73.932236)",NY,Accountable Care Models,2165,
Primary Care First Model Options,St. Peter's Internal Medicine,"147 Hoosick Street Troy, NY (42.739237, -73.676778)",NY,Accountable Care Models,2166,
Primary Care First Model Options,Latham Primary Care Associates,"1 Bell Tower Drive Watervliet, NY (42.731895, -73.733529)",NY,Accountable Care Models,2167,
Primary Care First Model Options,Cohoes Family Care,"55 Mohawk Street, Suite 105 Cohoes, NY (42.776012, -73.700465)",NY,Accountable Care Models,2168,
Primary Care First Model Options,Troy Family Health Center,"79 Vandenburgh Avenue Troy, NY (42.696243, -73.687964)",NY,Accountable Care Models,2169,
Primary Care First Model Options,Waterford Health Center,"158 Saratoga Avenue Waterford, NY (42.789338, -73.689699)",NY,Accountable Care Models,2170,
Primary Care First Model Options,St. Peter's Family Health Center,"326 South Pearl Street Albany, NY (42.639816, -73.757923)",NY,Accountable Care Models,2171,
Primary Care First Model Options,Saratoga Family Practice,"11 Hampstead Place Saratoga Springs, NY (43.093367, -73.743049)",NY,Accountable Care Models,2172,
Primary Care First Model Options,St. Peter's Primary Care,"377 Church Street Saratoga Springs, NY (43.085141, -73.804454)",NY,Accountable Care Models,2173,
Primary Care First Model Options,St. Peter's Internal and Pediatric Medicine,"1444 Western Avenue, Suite D Albany, NY (42.680412, -73.835524)",NY,Accountable Care Models,2174,
Primary Care First Model Options,St. Peter's Internal Medicine,"4 Palisades Drive, Ste 100 Albany, NY (42.688733, -73.774223)",NY,Accountable Care Models,2175,
Primary Care First Model Options,St. Peter's Internal Medicine and Pediatrics,"400 Patroon Creek Boulevard, Suite 100 Albany, NY (42.683062, -73.803889)",NY,Accountable Care Models,2176,
Primary Care First Model Options,St. Peter's internal Medicine,"1444 Western Avenue, Suite A Albany, NY (42.680412, -73.835524)",NY,Accountable Care Models,2177,
Primary Care First Model Options,Laurri and Assoc Niagara Falls,"10175 Niagara Falls Boulevard, Suite 1, Niagara Falls, NY (43.09804937946518, -78.94417344543346)",NY,Accountable Care Models,2178,
Primary Care First Model Options,"Mark E Swetz, MD, PC","3065 Southwestern Boulevard, Suite 206, Orchard Park, NY (42.801380130835526, -78.74226127692603)",NY,Accountable Care Models,2179,
Primary Care First Model Options,"Amy J Burke, MD, PC","3775 Southwestern Boulevard, Suite A, Orchard Park, NY (42.78110904282943, -78.781271827771)",NY,Accountable Care Models,2180,
Primary Care First Model Options,Hudson Valley Primary Medical Care,"1323 Route 9, Suite 204, Wappingers Falls, NY (41.578707136948935, -73.91016291170854)",NY,Accountable Care Models,2181,
Primary Care First Model Options,Premier Medical Group Atrium,"1 Webster Avenue, Suite 301, Poughkeepsie, NY (41.71778885261983, -73.92652706891602)",NY,Accountable Care Models,2182,
Primary Care First Model Options,Irongate Family Practice,"3 Irongate Center, Glens Falls, NY (43.30930376579488, -73.65068525711573)",NY,Accountable Care Models,2183,
Primary Care First Model Options,Capital Region Family Health Care,"2 Empire Drive, Suite 100, Rensselaer, NY (42.63061683281819, -73.70305010755689)",NY,Accountable Care Models,2184,
Primary Care First Model Options,Stillwater Family Health Center,"1111 Hudson Avenue, Stillwater, NY (42.95113594874326, -73.6413737170591)",NY,Accountable Care Models,2185,
Primary Care First Model Options,Clifton Park Family Practice,"1 Tallow Wood Drive, Clifton Park, NY (42.865042068467034, -73.78826330126648)",NY,Accountable Care Models,2186,
Primary Care First Model Options,"Twin Rivers Medical, PC","16 Danforth Street, Hoosick Falls, NY (42.908046847632164, -73.3491756270403)",NY,Accountable Care Models,2187,
Primary Care First Model Options,Family Medical Group,"279 Troy Road, Rensselaer, NY (42.642916060352206, -73.69970346507603)",NY,Accountable Care Models,2188,
Primary Care First Model Options,Internal Medicine Associates,"63 Albany Shaker Road, Suite G02, Albany, NY (42.673307709709405, -73.74881697527543)",NY,Accountable Care Models,2189,
Primary Care First Model Options,Troy Internal Medicine,"1401 Massachusetts Avenue, Troy, NY (42.743742308925704, -73.67453076582147)",NY,Accountable Care Models,2190,
Primary Care First Model Options,Braverman Panza Internal Medicine,"1375 Washington Avenue, Suite 202, Albany, NY (42.68672738815039, -73.81359182010107)",NY,Accountable Care Models,2191,
Primary Care First Model Options,Saugerties Wellness Center,"854 Route 212, Saugerties, NY (42.08431288231364, -74.01276637521235)",NY,Accountable Care Models,2192,
Primary Care First Model Options,St. Peters Family Medicine,"1444 Western Avenue, Suite C, Albany, NY (42.679965748768296, -73.83628456566309)",NY,Accountable Care Models,2193,
Primary Care First Model Options,St. Peters Internal and Family Medicine,"1444 Western Avenue, Suite B, Albany, NY (42.679965748768296, -73.83628456566309)",NY,Accountable Care Models,2194,
Primary Care First Model Options,St. Peters Internal Medicine,"5 Palisades Drive, Suite 200, Albany, NY (42.68806136804076, -73.77303774178635)",NY,Accountable Care Models,2195,
Primary Care First Model Options,St. Peters Internal Medicine Valatie,"1301 River Street, Suite 204, Valatie, NY (42.4130479816408, -73.68078056428618)",NY,Accountable Care Models,2196,
Primary Care First Model Options,Troy Medical Group,"721 Hoosick Road, Troy, NY (42.74420871992791, -73.64476570563613)",NY,Accountable Care Models,2197,
Primary Care First Model Options,St. Peters Family Medicine,"377 Church Street, Saratoga, NY (43.08631006306331, -73.81620035218829)",NY,Accountable Care Models,2198,
Primary Care First Model Options,Premier Medical Group Fishkill,"400 Westage Business Center Drive, Suite 210, Fishkill, NY (41.52444889839947, -73.89632883197457)",NY,Accountable Care Models,2199,
Primary Care First Model Options,Internal Medicine Group,"178 Washington Avenue Ext, Albany, NY (42.70021160724582, -73.85251729462878)",NY,Accountable Care Models,2200,
Primary Care First Model Options,Premier Medical Group North Rd,"243 North Road, Poughkeepsie, NY (41.718665180596844, -73.92948588073695)",NY,Accountable Care Models,2201,
Primary Care First Model Options,Premier Medical Group Woo,"696 Dutchess Turnpike, Poughkeepsie, NY (41.69760560695903, -73.88206274895093)",NY,Accountable Care Models,2202,
Primary Care First Model Options,Premier Medical Group New Windsor,"3125 Route 9W, Suite 201, New Windsor, NY (41.480225687384184, -74.01600643434449)",NY,Accountable Care Models,2203,
Primary Care First Model Options,Cairo Family Care,"4383 Route 23, Cairo, NY (42.30484335324954, -74.02002367843875)",NY,Accountable Care Models,2204,
Primary Care First Model Options,Latham Medicine and Pediatrics,"1019 New Loudon Road, Cohoes, NY (42.77414352106785, -73.75211942849806)",NY,Accountable Care Models,2205,
Primary Care First Model Options,Callan Family Care,"283 Mountain View Road, Suite 2, Copake, NY (42.111598994634846, -73.55028958690832)",NY,Accountable Care Models,2206,
Primary Care First Model Options,Chatham-Ghent Family Care,"31 Dardess Drive, Chatham, NY (42.35006740891845, -73.60697145276096)",NY,Accountable Care Models,2207,
Primary Care First Model Options,Columbia Memorial Family Care,"71 Prospect Avenue, Suite 110, Hudson, NY (42.246323419849546, -73.77780293756062)",NY,Accountable Care Models,2208,
Primary Care First Model Options,Hudson Medical Care,"71 Prospect Avenue, Suite 130, Hudson, NY (42.246323419849546, -73.77780293756062)",NY,Accountable Care Models,2209,
Primary Care First Model Options,Jefferson Heights Family Care,"159 Jefferson Heights, Suite D-201, Catskill, NY (42.23094254370358, -73.8785643940226)",NY,Accountable Care Models,2210,
Primary Care First Model Options,Cambridge Family Health Center,"35 Gilbert Street, Cambridge, NY (43.025089983374386, -73.37337309186039)",NY,Accountable Care Models,2211,
Primary Care First Model Options,Primary Care Milton,"510 Geyser Road, Ballston Spa, NY (43.04500497802167, -73.85272777921071)",NY,Accountable Care Models,2212,
Primary Care First Model Options,Primary Care Schuylerville,"200 Broad Street, Schuylerville, NY (43.10367175056771, -73.57947176954684)",NY,Accountable Care Models,2213,
Primary Care First Model Options,Primary Care Galway,"5344 Sacandaga Road, Galway, NY (43.0235252915991, -74.0318758571669)",NY,Accountable Care Models,2214,
Primary Care First Model Options,Primary Care Wilton,"3044 Route 50, Saratoga Springs, NY (43.10317386551907, -73.74449920549267)",NY,Accountable Care Models,2215,
Primary Care First Model Options,Malta Primary Care,"8 Medical Park Drive, Malta, NY (42.97382106176694, -73.80625990727698)",NY,Accountable Care Models,2216,
Primary Care First Model Options,Community Health Center,"24 Hamilton Street, Saratoga Springs, NY (43.077888010571655, -73.78715110653413)",NY,Accountable Care Models,2217,
Primary Care First Model Options,Primary Care Scotia,"112 Charlton Road, Ballston Lake, NY (42.900395804504114, -73.92999700919259)",NY,Accountable Care Models,2218,
Primary Care First Model Options,Primary Care Mechanicville,"202 S Central Avenue, Mechanicville, NY (42.8955502262784, -73.68855394129109)",NY,Accountable Care Models,2219,
Primary Care First Model Options,The Medical Group Montefiore St. Lukes Cornwall,"19 Laurel Avenue, Cornwall, NY (41.43563618019019, -74.04233035354052)",NY,Accountable Care Models,2220,
Primary Care First Model Options,Evergreen Health Center,"13 Palmer Avenue, Corinth, NY (43.244354284016566, -73.83045947823229)",NY,Accountable Care Models,2221,
Primary Care First Model Options,Granville Family Health,"79 North Street, Granville, NY (43.414514504100424, -73.26499709545867)",NY,Accountable Care Models,2222,
Primary Care First Model Options,Greenwich Family Health Center,"1134 State Route 29, Greenwich, NY (43.102910087026146, -73.51799285668787)",NY,Accountable Care Models,2223,
Primary Care First Model Options,Hudson Falls Internal Medicine,"325 Main Street, Hudson Falls, NY (43.31213982464379, -73.57907899356404)",NY,Accountable Care Models,2224,
Primary Care First Model Options,Community Primary Care,"45 Foster Road, Hopewell Junction, NY (41.590811820510226, -73.79692851276926)",NY,Accountable Care Models,2225,
Primary Care First Model Options,Kinderhook Medical Care,"2827 Route 9, Valatie, NY (42.41957568210529, -73.68576058823884)",NY,Accountable Care Models,2226,
Primary Care First Model Options,Prime Medical Care,"159 Jefferson Heights, Suite D-107, Catskill, NY (42.23094254370358, -73.8785643940226)",NY,Accountable Care Models,2227,
Primary Care First Model Options,Valatie Family Care,"2827 Route 9, Valatie, NY (42.41957568210529, -73.68576058823884)",NY,Accountable Care Models,2228,
Primary Care First Model Options,Windham Medical Care,"345 State Route 296, Hensonville, NY (42.2921246353715, -74.21889062638479)",NY,Accountable Care Models,2229,
Primary Care First Model Options,Community Primary Care,"159 Barnegat Road, Poughkeepsie, NY (41.65002426675056, -73.93537659846962)",NY,Accountable Care Models,2230,
Primary Care First Model Options,Holzer Jackson,"280 Pattonsville Road Jackson, OH (39.051475, -82.613398)",OH,Accountable Care Models,2231,
Primary Care First Model Options,Summa Health Medical Group on behalf of Summa Health Medical Group Rootstown Primary Care,"4211 State Route 44, Ste 1550 Rootstown, OH (41.10414, -81.242459)",OH,Accountable Care Models,2232,
Primary Care First Model Options,Surecare Medical Center,"360 W Central Avenue Springboro, OH (39.560335, -84.24549)",OH,Accountable Care Models,2233,
Primary Care First Model Options,Family Physicians of Englewood,"9000 N Main Street, Ste 300 Dayton, OH (39.853797, -84.273523)",OH,Accountable Care Models,2234,
Primary Care First Model Options,Monroe Medical Center,"35 Overbrook Boulevard, Ste 100 Monroe, OH (39.447761, -84.360176)",OH,Accountable Care Models,2235,
Primary Care First Model Options,Premier Health Internal Medicine of Englewood,"9000 N Main Street, Ste 305 Dayton, OH (39.853797, -84.273523)",OH,Accountable Care Models,2236,
Primary Care First Model Options,South Dayton Family Physicians,"1525 E Stroop Road Kettering, OH (39.688358, -84.138629)",OH,Accountable Care Models,2237,
Primary Care First Model Options,Upper Valley Family Care Stanfield,"31 S Stanfield Road, Ste 301 Troy, OH (40.053684, -84.240598)",OH,Accountable Care Models,2238,
Primary Care First Model Options,Wooster Family Health & Surgery Center,"1740 Cleveland Road Wooster, OH (40.820206, -81.935508)",OH,Accountable Care Models,2239,
Primary Care First Model Options,OPG PCP Tremont,"3363 Tremont Road, Ste 220 Columbus, OH (40.025774, -83.056974)",OH,Accountable Care Models,2240,
Primary Care First Model Options,Kettering Health Medical Group Primary Care at Beavercreek Health Center,"2510 Commons Boulevard Beavercreek, OH (39.761542, -84.057982)",OH,Accountable Care Models,2241,
Primary Care First Model Options,Kettering Health Medical Group Primary Care at Cornerstone Health Center Suite 210,"7700 Washington Village Drive, Suite 210 Centerville, OH (39.633534, -84.192463)",OH,Accountable Care Models,2242,
Primary Care First Model Options,Kettering Health Medical Group Primary Care at Walden Ponds North,"5971 Golf Club Lane, Hamilton, OH (39.4073083, -84.5085565)",OH,Accountable Care Models,2243,
Primary Care First Model Options,Kettering Health Medical Group Primary Care at Hamilton Health Center,"1391 Main Street Hamilton, OH (39.422447, -84.592486)",OH,Accountable Care Models,2244,
Primary Care First Model Options,Kettering Health Medical Group Primary Care at Kettering Health Huber,"8701 Old Troy Pike, Ste. 240, Huber Heights, OH (39.8794592, -84.1398395)",OH,Accountable Care Models,2245,
Primary Care First Model Options,Kettering Health Medical Group Primary Care at Vandalia,"1 E National Road Vandalia, OH (39.890861, -84.198147)",OH,Accountable Care Models,2246,
Primary Care First Model Options,Kettering Health Medical Group Primary Care at Springboro Central Ave,"10 Remick Boulevard Springboro, OH (39.579378, -84.226087)",OH,Accountable Care Models,2247,
Primary Care First Model Options,Premier Health Family Care Vandalia,"600 Aviator Court Vandalia, OH (39.90111431300005, -84.18374322899996)",OH,Accountable Care Models,2248,
Primary Care First Model Options,Firelands Physician Group Bellevue Family Medicine,"290 Progress Drive Bellevue, OH (41.289758, -82.883482)",OH,Accountable Care Models,2249,
Primary Care First Model Options,Firelands Physician Group Port Clinton Family Medicine,"3960 East Harbor Road Port Clinton, OH (41.524077, -82.857821)",OH,Accountable Care Models,2250,
Primary Care First Model Options,Firelands Physician Group Huron Primary Care,"300 Williams St, Huron, OH (41.3945167, -82.5578516)",OH,Accountable Care Models,2251,
Primary Care First Model Options,OPG PCP S Trimble,"558 S Trimble Road Mansfield, OH (40.743185, -82.551725)",OH,Accountable Care Models,2252,
Primary Care First Model Options,OPG PCP Lexington,"231 E Main Street Lexington, OH (40.679063, -82.57448)",OH,Accountable Care Models,2253,
Primary Care First Model Options,OPG PCP Ontario,"1750 W 4th Street Ontario, OH (40.77019, -82.576766)",OH,Accountable Care Models,2254,
Primary Care First Model Options,OPG PCP Balgreen Dr,"770 Balgreen Drive Mansfield, OH (40.738576, -82.553543)",OH,Accountable Care Models,2255,
Primary Care First Model Options,OPG PCP Blymyer,"248 Bymyer Avenue Mansfield, OH (40.752168, -82.524398)",OH,Accountable Care Models,2256,
Primary Care First Model Options,OPG PCP OHIOHEALTH WAY,"1720 Ohiohealth Way, 2nd floor Ashland, OH (40.86865000000006, -82.31549999999999)",OH,Accountable Care Models,2257,
Primary Care First Model Options,OPG PCP Marengo,"73 Sportsman Drive, Marengo, OH (40.3778025, -82.8326435)",OH,Accountable Care Models,2258,
Primary Care First Model Options,OPG PCP Cardington,"116 E Main Street Cardington, OH (40.500467, -82.893742)",OH,Accountable Care Models,2259,
Primary Care First Model Options,OPG PCP Mt Gilead,"900 Meadow Drive Mount Gilead, OH (40.548345, -82.847643)",OH,Accountable Care Models,2260,
Primary Care First Model Options,OPG PCP Northfield,"6519 US Highway 42 Mount Gilead, OH (40.591749, -82.711564)",OH,Accountable Care Models,2261,
Primary Care First Model Options,OPG PCP Mt Victory,"460 South Main Street Mount Victory, OH (40.529032, -83.517212)",OH,Accountable Care Models,2262,
Primary Care First Model Options,MAP PCP University Drive,"130 University Drive, Ste 1100 Marion, OH (40.581647, -83.092735)",OH,Accountable Care Models,2263,
Primary Care First Model Options,Kettering Health Medical Group Primary Care at Kettering Health Preble Suite 105,"450-B Washington Jackson Road Eaton, OH (39.765768, -84.646444)",OH,Accountable Care Models,2264,
Primary Care First Model Options,Kettering Health Medical Group Primary Care at Kettering Health Preble Suite 108,"450-B Washington Jackson Road Eaton, OH (39.765768, -84.646444)",OH,Accountable Care Models,2265,
Primary Care First Model Options,Kettering Health Medical Group Primary Care at Kettering Health Troy,"600 W Main Street Troy, OH (40.042199, -84.209228)",OH,Accountable Care Models,2266,
Primary Care First Model Options,OPG PCP W Bridge St,"250 West Bridge Street, Ste 101 Dublin, OH (40.09927, -83.121728)",OH,Accountable Care Models,2267,
Primary Care First Model Options,OPG PCP Nike,"5300 Nike Drive Hilliard, OH (39.994924, -83.150859)",OH,Accountable Care Models,2268,
Primary Care First Model Options,OPG PCP John Lloyd,"11 John Lloyd Evans Memorial Drive, Ste 200 Nelsonville, OH (39.46556501500004, -82.24957897399997)",OH,Accountable Care Models,2269,
Primary Care First Model Options,OPG PCP Cardaras,"5 Cardaras Drive Glouster, OH (39.496837, -82.083469)",OH,Accountable Care Models,2270,
Primary Care First Model Options,OPG PCP Racine,"207 5th Street Racine, OH (38.970027, -81.914809)",OH,Accountable Care Models,2271,
Primary Care First Model Options,OPG PCP New Albany,"5150 East Dublin Granville Road, Ste 210, Columbus, OH (40.0798491, -82.855447)",OH,Accountable Care Models,2272,
Primary Care First Model Options,OPG PCP Pacer,"7853 Pacer Drive, Ste 3A Delaware, OH (40.180085, -83.025451)",OH,Accountable Care Models,2273,
Primary Care First Model Options,OPG PCP Alum Creek,"4335 Alum Creek Drive, Ste 200 Obetz, OH (39.8796, -82.93104)",OH,Accountable Care Models,2274,
Primary Care First Model Options,OPG PCP Eagleton,"1072 Eagleton Boulevard, Ste A London, OH (39.909561, -83.426779)",OH,Accountable Care Models,2275,
Primary Care First Model Options,OPG PCP W William,"2295 W William Street Delaware, OH (40.302572, -83.114034)",OH,Accountable Care Models,2276,
Primary Care First Model Options,OPG PCP Columbus Cir,"26 Hospital Dr, Suite 2100, Athens, OH (39.3286606, -82.1158272)",OH,Accountable Care Models,2277,
Primary Care First Model Options,Holzer Jenkins Memorial Clinic,"140 Jenkins Memorial Road Wellston, OH (39.092662, -82.534682)",OH,Accountable Care Models,2278,
Primary Care First Model Options,Dublin Family Medicine,"7450 Hospital Drive, Ste 4500 Dublin, OH (40.101088, -83.162451)",OH,Accountable Care Models,2279,
Primary Care First Model Options,Avon Lake Family Health Center,"450 Avon Belden Road Avon Lake, OH (41.49404, -82.01894)",OH,Accountable Care Models,2280,
Primary Care First Model Options,Olmsted Township Express Care Clinic,"27089 Bagley Road Olmsted Township, OH (41.37210898200004, -81.94189297099996)",OH,Accountable Care Models,2281,
Primary Care First Model Options,Edison Blvd Medical Offices,"2365 Edison Boulevard Twinsburg, OH (41.294211, -81.439202)",OH,Accountable Care Models,2282,
Primary Care First Model Options,South Pointe Hospital Medical Office Building,"20050 Harvard Avenue Warrensville Heights, OH (41.449864, -81.53733)",OH,Accountable Care Models,2283,
Primary Care First Model Options,Southside Medical Building,"5595 Transportation Boulevard, Ste 230 Garfield Heights, OH (41.409101, -81.615418)",OH,Accountable Care Models,2284,
Primary Care First Model Options,Euclid Hospital Primary Care,"18901 Lakeshore Blvd, Euclid, OH (41.5991561, -81.550939)",OH,Accountable Care Models,2285,
Primary Care First Model Options,North Ridgeville Medical Office,"34960 Center Ridge Road, North Ridgeville, OH (41.3952385, -82.0079082)",OH,Accountable Care Models,2286,
Primary Care First Model Options,Family Medicine - Brook Park,"14401 Snow Road, Ste 106 Brook Park, OH (41.40504, -81.795386)",OH,Accountable Care Models,2287,
Primary Care First Model Options,UPS Family Medicine Dover,"200 Medical Park Drive Dover, OH (40.516045, -81.456483)",OH,Accountable Care Models,2288,
Primary Care First Model Options,Riverside Community Medicine,"3595 Olentangy River Road Columbus, OH (40.032425, -83.031431)",OH,Accountable Care Models,2289,
Primary Care First Model Options,Genesis Primary Care Dresden,"101 West Dave Longaberger Avenue, Ste A, Dresden, OH (40.1235353, -82.0247515)",OH,Accountable Care Models,2290,
Primary Care First Model Options,Genesis Primary Care Somerset,"103 Public Square, PO Box 535 Somerset, OH (39.807596, -82.299756)",OH,Accountable Care Models,2291,
Primary Care First Model Options,Summa Health Medical Group on behalf of Summa Health Medical Group Akron City Internal Medicine,"75 Arch Street, Ste 401 Akron, OH (41.080324, -81.499757)",OH,Accountable Care Models,2292,
Primary Care First Model Options,Holzer at Lawrence County,"98 State Street Proctorville, OH (38.438655, -82.384588)",OH,Accountable Care Models,2293,
Primary Care First Model Options,LMHS Primary and Specialty Care,"525 N. Eastown Road, Ste C, Lima, OH (40.74681, -84.1698809)",OH,Accountable Care Models,2294,
Primary Care First Model Options,Mercy Health Forest Park Internal Medicine and Pediatrics,"11550 Winton Road, Cincinnati, OH (39.2876852, -84.5246124)",OH,Accountable Care Models,2295,
Primary Care First Model Options,Mercy Health Mount Orab Family Medicine,"621 West Main Street Mount Orab, OH (39.032602, -83.944519)",OH,Accountable Care Models,2296,
Primary Care First Model Options,Mercy Health Eastgate Family Medicine,"601 Ivy Gateway Cincinnati, OH (39.26502040500003, -84.46673182899997)",OH,Accountable Care Models,2297,
Primary Care First Model Options,Mercy Health Perrysburg Primary Care,"1103 Village Square Drive Perrysburg, OH (41.539263, -83.633294)",OH,Accountable Care Models,2298,
Primary Care First Model Options,Summa Health Medical Group on behalf of Summa Health Medical Group Family Medicine Center,"55 Arch Street, Ste 3A Akron, OH (41.07956, -81.499837)",OH,Accountable Care Models,2299,
Primary Care First Model Options,Mercy Health Canfield Primary Care,"3660 Stutz Drive, Suite 102, Canfield, OH (41.022873, -80.7159576)",OH,Accountable Care Models,2300,
Primary Care First Model Options,Kettering Health Medical Group Soin Family Medicine Center at Beavercreek,"2145 N Fairfield Road Beavercreek, OH (39.752106, -84.054339)",OH,Accountable Care Models,2301,
Primary Care First Model Options,TCHMA Yankee Road IM & FM,"7335 Yankee Road, Ste 201 Liberty Township, OH (39.375368, -84.375462)",OH,Accountable Care Models,2302,
Primary Care First Model Options,TCHMA Miami Township,"1171 State Rte 28 Milford, OH (39.19807, -84.228742)",OH,Accountable Care Models,2303,
Primary Care First Model Options,Milltown Family Physicians,"128 E Milltown Road Wooster, OH (40.843261, -81.939158)",OH,Accountable Care Models,2304,
Primary Care First Model Options,Holzer at Albany,"6015 Ayers Road Albany, OH (39.241146, -82.187413)",OH,Accountable Care Models,2305,
Primary Care First Model Options,Pataskala Medical Center,"8200 Hazelton-Etna Road, Ste 100 Pataskala, OH (39.974038, -82.682308)",OH,Accountable Care Models,2306,
Primary Care First Model Options,Lorain Family Health & Surgery Center,"5700 Cooper Foster Park Road W Lorain, OH (41.411739, -82.235479)",OH,Accountable Care Models,2307,
Primary Care First Model Options,Summa Health Medical Group on behalf of Summa Health Medical Group Barberton Family Practice,"155 5th Street NE Barberton, OH (41.014696, -81.589825)",OH,Accountable Care Models,2308,
Primary Care First Model Options,Stark County Medical Group,"4810 Munson Street NW Canton, OH (40.848883, -81.438425)",OH,Accountable Care Models,2309,
Primary Care First Model Options,LMHS Family Care,"1005 Bellefontaine Avenue, Ste 100 Lima, OH (40.735524, -84.087589)",OH,Accountable Care Models,2310,
Primary Care First Model Options,LMHS Northland Medical Center,"240 W Northern Avenue, Ste C Lima, OH (40.764829, -84.107607)",OH,Accountable Care Models,2311,
Primary Care First Model Options,LMHS Putnam County Medical Center,"102 Putnam Parkway Ottawa, OH (41.034301, -84.044784)",OH,Accountable Care Models,2312,
Primary Care First Model Options,Dayton Family Pracitce,"3328 S Smithville Road, Dayton, OH (39.72169300993983, -84.14161801531056)",OH,Accountable Care Models,2313,
Primary Care First Model Options,Genesis Primary Care New Concord,"1 East Main Street, Suite 200, New Concord, OH (39.9933422, -81.7363217)",OH,Accountable Care Models,2314,
Primary Care First Model Options,Kettering Health Medical Group Primary Care at Kettering Health Middletown,"6147 Street Route 122, Suite 200, Middletown, OH (39.49178599728819, -84.32028096370412)",OH,Accountable Care Models,2315,
Primary Care First Model Options,Findlay Family Practice,"1725 Western Avenue, Suite A, Findlay, OH (41.02013400803327, -83.66003501399422)",OH,Accountable Care Models,2316,
Primary Care First Model Options,Warren Medical Group,"461 Niles Cortland Road SE, Warren, OH (41.234539989956914, -80.73959697072375)",OH,Accountable Care Models,2317,
Primary Care First Model Options,Findlay Family Practice,"1450 Manor Hill Road, Findlay, OH (41.06019900229768, -83.60660297964075)",OH,Accountable Care Models,2318,
Primary Care First Model Options,Kettering Health Medical Group Primary Care at Miamisburg Leiter Rd,"2115 Leiter Road, Suite 100, Miamisburg, OH (39.63902200555384, -84.25340100389597)",OH,Accountable Care Models,2319,
Primary Care First Model Options,Kettering Health Medical Group Primary Care at Xenia Detroit St Suite 426,"426 N Detroit Street, Xenia, OH (39.690790902679225, -83.93062405471254)",OH,Accountable Care Models,2320,
Primary Care First Model Options,Kettering Health Medical Group Primary Care at New Lebanon,"550 W Main Street, New Lebanon, OH (39.744415008343935, -84.39606200177039)",OH,Accountable Care Models,2321,
Primary Care First Model Options,Kettering Health Medical Group at Springfield Health Center,"3250 Middle Urbana Road, Springfield, OH (39.96845598796776, -83.76539603982371)",OH,Accountable Care Models,2322,
Primary Care First Model Options,Kettering Health Medical Group Primary Care at Beavercreek Darst Rd,"68 Darst Road, Beavercreek, OH (39.69415887710366, -84.08495651748262)",OH,Accountable Care Models,2323,
Primary Care First Model Options,Kettering Health Medical Group Primary Care at Sidney,"1103 Fairington Drive, Suite 100, Sidney, OH (40.268930997824725, -84.17449997001071)",OH,Accountable Care Models,2324,
Primary Care First Model Options,Kettering Health Medical Group Primary Care at Sugarcreek Health Center,"6438 Wilmington Pike, Suite 100, Dayton, OH (39.64188689814969, -84.10963082877436)",OH,Accountable Care Models,2325,
Primary Care First Model Options,Kettering Health Medical Group Primary Care at Springboro Health Center,"825 N Main Street, Suite 140, Springboro, OH (39.57993298283776, -84.2315089815443)",OH,Accountable Care Models,2326,
Primary Care First Model Options,Kettering Health Medical Group Primary Care at Xenia Progress Dr,"50 N Progress Drive, Xenia, OH (39.69047863487643, -83.96327282486637)",OH,Accountable Care Models,2327,
Primary Care First Model Options,Kettering Health Medical Group Primary Care at Tipp City,"70 Weller Drive, Tipp City, OH (39.96614199595811, -84.19047696711053)",OH,Accountable Care Models,2328,
Primary Care First Model Options,Kettering Health Medical Group Primary Care at Walden Ponds South,"4964 Golf Club Lane, Hamilton, OH (39.40626846214542, -84.50619247867292)",OH,Accountable Care Models,2329,
Primary Care First Model Options,Kettering Health Medical Group Primary Care at Troy Stanfield,"700 S Stanfield Road, Suite A, Troy, OH (40.045568994267654, -84.2410569750895)",OH,Accountable Care Models,2330,
Primary Care First Model Options,Kettering Health Medical Group Primary Care at Piqua Kienle,"200 Kienle Drive, Piqua, OH (40.14761598321965, -84.20835699150727)",OH,Accountable Care Models,2331,
Primary Care First Model Options,Kettering Health Medical Group Primary Care at Kettering Health Piqua,"1 Kettering Way, Suite 200, Piqua, OH (40.149930017138786, -84.21710702787018)",OH,Accountable Care Models,2332,
Primary Care First Model Options,Kettering Health Medical Group Primary Care at Beaver View Health Center,"3095 Dayton Xenia Road, Suite 100, Beavercreek, OH (39.72485919004532, -84.0504357330736)",OH,Accountable Care Models,2333,
Primary Care First Model Options,Kettering Health Medical Group Primary Care at Centerville Health Center,"1023 S. Main St, Suite 200, Centerville, OH (39.6088451, -84.164391)",OH,Accountable Care Models,2334,
Primary Care First Model Options,Kettering Health Years Ahead at Centerville,"6661 Clyo Road, Centerville, OH (39.64917999210263, -84.13490000373446)",OH,Accountable Care Models,2335,
Primary Care First Model Options,MAP PCP Mallard Sq,"278 Barks Rd. West, Marion, OH (40.5650235, -83.1286536)",OH,Accountable Care Models,2336,
Primary Care First Model Options,Kettering Health Medical Group Primary Care at Cornerstone Health Center Suite 260,"7700 Washington Village Drive, Suite 260, Centerville, OH (39.633068004452184, -84.19165797726794)",OH,Accountable Care Models,2337,
Primary Care First Model Options,Kettering Health Medical Group Primary Care at Englewood Health Center,"1250 W National Road, Suite 400, Englewood, OH (39.87654961886004, -84.31424092465461)",OH,Accountable Care Models,2338,
Primary Care First Model Options,Kettering Health Medical Group Primary Care at Fairborn,"1045 Channingway Drive, Suite A, Fairborn, OH (39.79043333315775, -83.99935457110375)",OH,Accountable Care Models,2339,
Primary Care First Model Options,Kettering Health Medical Group Primary Care at Far Hills Ave,"4441 Far Hills Avenue, Kettering, OH (39.682832998075924, -84.16899196997704)",OH,Accountable Care Models,2340,
Primary Care First Model Options,Kettering Health Medical Group Primary Care at Franklin,"100 Kettering Way, Franklin, OH (39.5619251, -84.27511)",OH,Accountable Care Models,2341,
Primary Care First Model Options,Kettering Health Medical Group Primary Care at Kettering Health Greene Memorial Suite 220,"1157 N Monroe Drive, Suite 220, Xenia, OH (39.70047078547091, -83.92869722281057)",OH,Accountable Care Models,2342,
Primary Care First Model Options,Kettering Health Medical Group Primary Care at Kettering Health Greene Memorial Suite 200,"1157 N Monroe Drive, Suite 200, Xenia, OH (39.70047078547091, -83.92869722281057)",OH,Accountable Care Models,2343,
Primary Care First Model Options,Northern Ohio Family Practice,"257 Benedict Avenue, Bldg C, Norwalk, OH (41.22719601785167, -82.60228602336826)",OH,Accountable Care Models,2344,
Primary Care First Model Options,Kettering Health Medical Group Primary Care at Oxford Health Center,"5095 University Park Blvd., Oxford, OH (39.4901899, -84.7257142)",OH,Accountable Care Models,2345,
Primary Care First Model Options,Mercer Health Medical Group at Coldwater,"830 W Main Street, Suite 3, Coldwater, OH (40.4805279944467, -84.64109000966003)",OH,Accountable Care Models,2346,
Primary Care First Model Options,Kettering Health Medical Group Primary Care at Ross Health Center Suite 100,"2449 Ross Millville Road, Suite 100, Hamilton, OH (39.3562407, -84.645674)",OH,Accountable Care Models,2347,
Primary Care First Model Options,Kettering Health Medical Group Primary Care at Lebanon Health Center,"1470 N Broadway Street, Suite 130, Lebanon, OH (39.45683601752708, -84.20327797727812)",OH,Accountable Care Models,2348,
Primary Care First Model Options,Kettering Health Medical Group Primary Care at Lincoln Park Suite 200,"540 Lincoln Park, Suite 200, Kettering, OH (39.69600800876319, -84.15971596918988)",OH,Accountable Care Models,2349,
Primary Care First Model Options,Mercer Health Medical Group at Celina Pro,"801 Pro Drive, Suite A, Celina, OH (40.55537700678937, -84.55380900043706)",OH,Accountable Care Models,2350,
Primary Care First Model Options,Mercer Health Medical Group at Celina,"909 East Wayne Street, Suite 105, Celina, OH (40.5528677, -84.570353)",OH,Accountable Care Models,2351,
Primary Care First Model Options,Mercer Health Medical Group at Southland,"3920 Southland Road, New Bremen, OH (40.48052204001983, -84.37874601639912)",OH,Accountable Care Models,2352,
Primary Care First Model Options,Carey Medical Center,"930 Sheriden Drive, Carey, OH (40.943201003104065, -83.4000410341658)",OH,Accountable Care Models,2353,
Primary Care First Model Options,Kettering Health Medical Group Primary Care at Lincoln Park Suite 110,"500 Lincoln Park Boulevard, Suite 110, Kettering, OH (39.69627501428886, -84.16020899273465)",OH,Accountable Care Models,2354,
Primary Care First Model Options,Kettering Health Medical Group Primary Care at Miamisburg Byers North,"415 Byers Road, Suite 300, Miamisburg, OH (39.63399001380148, -84.23571602638611)",OH,Accountable Care Models,2355,
Primary Care First Model Options,Kettering Health Medical Group Primary Care at Miamisburg Byers South,"445 Byers Road, Miamisburg, OH (39.63353198470247, -84.23559700336102)",OH,Accountable Care Models,2356,
Primary Care First Model Options,Kettering Health Medical Group Primary Care at Middletown Summit,"1010 Summit Drive, Middletown, OH (39.5241375801637, -84.35198295546888)",OH,Accountable Care Models,2357,
Primary Care First Model Options,Bellbrook Family Practice,"6438 Wilmington Pike, Suite 110, Dayton, OH (39.64188689814969, -84.10963082877436)",OH,Accountable Care Models,2358,
Primary Care First Model Options,Amherst Family Health Center,"5172 Leavitt Road, Lorain, OH (41.4212579892116, -82.2101009647409)",OH,Accountable Care Models,2359,
Primary Care First Model Options,Abode Care Partners,"3733 Park East Dr., Suite 220, Beachwood, OH (41.4589173, -81.4957482)",OH,Accountable Care Models,2360,
Primary Care First Model Options,Carroll Family Healthcare,"635 Locust Street NW, Malvern, OH (40.69182802023917, -81.18870202507297)",OH,Accountable Care Models,2361,
Primary Care First Model Options,Summa Health Medical Group-AES Family Medicine,"388 S Main Street, Suite 207, Akron, OH (41.07473699426032, -81.52401000332274)",OH,Accountable Care Models,2362,
Primary Care First Model Options,"Family Physicians, Inc.","4860 Frank Avenue NW, North Canton, OH (40.85114000404772, -81.44357801482248)",OH,Accountable Care Models,2363,
Primary Care First Model Options,Wright State Physicians Family Medicine,"725 University Boulevard, Fairborn, OH (39.78878218205122, -84.04995033706071)",OH,Accountable Care Models,2364,
Primary Care First Model Options,Eastern Woods Family Practice,"15840 Medical Drive South, Suite B, Findlay, OH (41.0595649951415, -83.57617398890488)",OH,Accountable Care Models,2365,
Primary Care First Model Options,Caughman Health Center,"1800 N Blanchard Street, Suite 116, Findlay, OH (41.06168000076977, -83.64280802367387)",OH,Accountable Care Models,2366,
Primary Care First Model Options,Putnam County Primary Care Leipsic,"901 East Main Street, Leipsic, OH (41.09480100734848, -83.97610099240025)",OH,Accountable Care Models,2367,
Primary Care First Model Options,Holmes Family Medicine,"151 Parkview Drive, Millersburg, OH (40.54434499728697, -81.91058597616413)",OH,Accountable Care Models,2368,
Primary Care First Model Options,Putnam County Primary Care Ottawa,"1740 N Perry Street, Ottawa, OH (41.035242011321344, -84.03310396896354)",OH,Accountable Care Models,2369,
Primary Care First Model Options,Avon Family Health Center,"33100 Cleveland Clinic Boulevard, Avon, OH (41.46854399306167, -81.98170298802745)",OH,Accountable Care Models,2370,
Primary Care First Model Options,Bainbridge Urgent Care,"17747 Chillicothe Road, Suite 100, Bainbridge, OH (41.38656898000585, -81.33860498729096)",OH,Accountable Care Models,2371,
Primary Care First Model Options,Cleveland Clinic Beachcliff Rocky River,"19324 Detroit Road, Rocky River, OH (41.48156347962829, -81.83657858300109)",OH,Accountable Care Models,2372,
Primary Care First Model Options,Beachwood Family Health Center,"26900 Cedar Road, Beachwood, OH (41.500555990031245, -81.48908001440068)",OH,Accountable Care Models,2373,
Primary Care First Model Options,Brunswick Family Health Center,"3574 Center Road, Brunswick, OH (41.23754800354948, -81.81492700326021)",OH,Accountable Care Models,2374,
Primary Care First Model Options,Chagrin Falls Family Health Center,"551 East Washington Street, Chagrin Falls, OH (41.42546256148249, -81.37038610279849)",OH,Accountable Care Models,2375,
Primary Care First Model Options,Chesterland CPCP,"8254 Mayfield Road, Chesterland, OH (41.522916979865585, -81.34697197067877)",OH,Accountable Care Models,2376,
Primary Care First Model Options,Elyria Family Health Center,"303 Chestnut Commons Drive, Elyria, OH (41.34550498861145, -82.06590498893797)",OH,Accountable Care Models,2377,
Primary Care First Model Options,Hillcrest Medical Office Building,"6801 Mayfield Road, Mayfield Heights, OH (41.520778001994245, -81.4335449605405)",OH,Accountable Care Models,2378,
Primary Care First Model Options,Independence Family Health Center,"5001 Rockside Road, Crown Center II, Independence, OH (41.39840900497438, -81.65500003921566)",OH,Accountable Care Models,2379,
Primary Care First Model Options,Lakewood Family Health Center,"14601 Detroit Avenue, Lakewood, OH (41.48492897929853, -81.79736699992668)",OH,Accountable Care Models,2380,
Primary Care First Model Options,Madison MOB,"2999 McMackin Road, Madison, OH (41.795317014583986, -81.09402499212605)",OH,Accountable Care Models,2381,
Primary Care First Model Options,Marymount Medical Office Building,"12000 McCracken Road, Garfiled Hts, OH (41.4212340169685, -81.59928795956041)",OH,Accountable Care Models,2382,
Primary Care First Model Options,Cleveland Clinic Main Campus,"9500 Euclid Avenue, Cleveland, OH (41.502160998760786, -81.62159496993831)",OH,Accountable Care Models,2383,
Primary Care First Model Options,Medina Medical Office Building,"970 East Washington Street, Medina, OH (41.13797501713876, -81.83934499595284)",OH,Accountable Care Models,2384,
Primary Care First Model Options,Mentor Medical Office Building,"7060 Wayside Drive, Mentor, OH (41.67988001912826, -81.2992240401447)",OH,Accountable Care Models,2385,
Primary Care First Model Options,North Olmsted Medical Office Building,"24700 Lorain Road, North Olmsted, OH (41.42644500426317, -81.89649197361268)",OH,Accountable Care Models,2386,
Primary Care First Model Options,Family Medicine - Rockport,"11851 Detroit Avenue, Lakewood, OH (41.48372399689802, -81.77154503845216)",OH,Accountable Care Models,2387,
Primary Care First Model Options,Sheffield Family Health Center,"5334 Meadow Lane Court, Sheffield Village, OH (41.4200429904368, -82.07515701748206)",OH,Accountable Care Models,2388,
Primary Care First Model Options,Solon Family Health Center,"29800 Bainbridge Road, Solon, OH (41.402402017918604, -81.4674340009072)",OH,Accountable Care Models,2389,
Primary Care First Model Options,Stephanie Tubbs Jones Health Center,"13944 Euclid Avenue, East Cleveland, OH (41.52681699559409, -81.5850480280747)",OH,Accountable Care Models,2390,
Primary Care First Model Options,Strongsville Family Health  Center,"16761 South Park Center, Strongsville, OH (41.31178601706017, -81.81755397553442)",OH,Accountable Care Models,2391,
Primary Care First Model Options,"South Russell, CPCP","5192 Chillcothe Road, South Russell, OH (41.432339996766444, -81.33869500893107)",OH,Accountable Care Models,2392,
Primary Care First Model Options,Twinsburg Family Health Center,"8701 Darrow Road, Twinsburg, OH (41.300852997834255, -81.43472597069793)",OH,Accountable Care Models,2393,
Primary Care First Model Options,Family Medicine - Valley City,"6605 Center Road, Valley City, OH (41.23820300737313, -81.92518599421027)",OH,Accountable Care Models,2394,
Primary Care First Model Options,Willoughby Hills Family Health Center,"2550 and 2570 SOM Center Road, Willoughby Hills, OH (41.5979070177292, -81.44184799000706)",OH,Accountable Care Models,2395,
Primary Care First Model Options,"Cleveland Clinic Belden Center, Medical Outpatient Center","4677 Fulton Drive NW, Canton, OH (40.844903993813745, -81.436331021337)",OH,Accountable Care Models,2396,
Primary Care First Model Options,Cleveland Clinic Akron General Family Medicine Bath,"4125 Medina Road, Suite 215, Akron, OH (41.13677799754626, -81.65879100638385)",OH,Accountable Care Models,2397,
Primary Care First Model Options,Cleveland Clinic Akron General Primary Care Green,"1946 Town Park Boulevard, Suite 200, Uniontown, OH (40.94947598918782, -81.46354496547185)",OH,Accountable Care Models,2398,
Primary Care First Model Options,Cleveland Clinic Akron General Primary Care Stow,"4300 Allen Road, Suite 300, Stow, OH (41.18473698440229, -81.4756299934702)",OH,Accountable Care Models,2399,
Primary Care First Model Options,Cleveland Clinic Akron General Primary Care Suburban South,"2818 S Arlington Road, Akron, OH (40.99475699988881, -81.49291398073217)",OH,Accountable Care Models,2400,
Primary Care First Model Options,Cleveland Clinic Akron General Internal Medicine Summit Adult,"3600 W Market Street, Suite 200, Akron, OH (41.1351739946451, -81.62944998668016)",OH,Accountable Care Models,2401,
Primary Care First Model Options,Cleveland Clinic Akron General Primary Care Lodi,"225 Elyria Street, Lodi, OH (41.03592601653, -82.01432602573853)",OH,Accountable Care Models,2402,
Primary Care First Model Options,Cleveland Clinic Akron General Internal Medicine IMCA,"1 Akron General Avenue, 5th Floor ACC, Akron, OH (41.077013980167465, -81.5321179859024)",OH,Accountable Care Models,2403,
Primary Care First Model Options,UPS Central,"205 Hospital Drive, Dover, OH (40.51633498189801, -81.45442503572183)",OH,Accountable Care Models,2404,
Primary Care First Model Options,UPS Newcomerstown,"60881 County Road 9, Newcomerstown, OH (40.26781800681158, -81.6224380217597)",OH,Accountable Care Models,2405,
Primary Care First Model Options,UPS Family Health Center North,"110 Dublin Drive, Suite A, Dover, OH (40.55095999527302, -81.49369098315653)",OH,Accountable Care Models,2406,
Primary Care First Model Options,UPS Alpine Family Medicine,"126 North Broadway, Sugarcreek, OH (40.503940996948614, -81.64061803447112)",OH,Accountable Care Models,2407,
Primary Care First Model Options,Genesis Primary Care Crooksville,"712 China Street, Crooksville, OH (39.776911018312404, -82.09565496169759)",OH,Accountable Care Models,2408,
Primary Care First Model Options,Bluffton Primary Care,"161 Garau Street, Bluffton, OH (40.886907009820874, -83.8969490043339)",OH,Accountable Care Models,2409,
Primary Care First Model Options,Mercer Health Medical Group at St. Henry,"442 Stachler Drive, St. Henry, OH (40.42621200458436, -84.62835999421233)",OH,Accountable Care Models,2410,
Primary Care First Model Options,Genesis Primary Care Zanesville,"1210 Ashland Avenue, Zanesville, OH (39.953529997707136, -82.01181497518523)",OH,Accountable Care Models,2411,
Primary Care First Model Options,Genesis Primary Care Coshocton,"410 Main Street, Ste A, Coshocton, OH (40.2738863, -81.8673157)",OH,Accountable Care Models,2412,
Primary Care First Model Options,Mercer Health Medical Group at Ft. Recovery,"1830 Union City Road, Ft. Recovery, OH (40.405733003470004, -84.78002902342939)",OH,Accountable Care Models,2413,
Primary Care First Model Options,"Mark Akers, MD, Inc.","81 Ashwood, Tiffin, OH (41.11450401186687, -83.20190801434308)",OH,Accountable Care Models,2414,
Primary Care First Model Options,Unity Health Network Kent,"307 W Main Street, Suite B, Kent, OH (41.15405900923258, -81.36070001933756)",OH,Accountable Care Models,2415,
Primary Care First Model Options,Unity Health Network Stow,"4465 Darrow Road, Stow, OH (41.1866740003166, -81.43975997410703)",OH,Accountable Care Models,2416,
Primary Care First Model Options,LHPG Mentor Internal Medicine,"9485 Mentor Avenue, Suite 210, Mentor, OH (41.68240800112599, -81.30163802825922)",OH,Accountable Care Models,2417,
Primary Care First Model Options,LHPG Northcoast Family Practice,"7580 Auburn Road, Suite 202, Concord, OH (41.664462998353386, -81.24499605286096)",OH,Accountable Care Models,2418,
Primary Care First Model Options,LHPG Chardon Family Practice,"510 5th Avenue, Chardon, OH (41.58689600489424, -81.22017196436421)",OH,Accountable Care Models,2419,
Primary Care First Model Options,LHPG Mentor Family Practice,"8655 Market Street, Mentor, OH (41.69323498927673, -81.33110502796765)",OH,Accountable Care Models,2420,
Primary Care First Model Options,LHPG Madison Family Practice,"6270 N Ridge Road, Madison, OH (41.80225400338054, -81.06428298217443)",OH,Accountable Care Models,2421,
Primary Care First Model Options,"Western Medicine, Inc.","7774 Dayton Springfield Road, Fairborn, OH (39.86499099054606, -83.96251300534351)",OH,Accountable Care Models,2422,
Primary Care First Model Options,LHPG Willoughby Internal Medicine,"36100 Euclid Avenue, Suite 240, Willoughby, OH (41.6261029856401, -81.43067298523647)",OH,Accountable Care Models,2423,
Primary Care First Model Options,Ohio State Primary Care New Albany,"240 Market Street, Suite A, New Albany, OH (40.08093999702527, -82.81491998714158)",OH,Accountable Care Models,2424,
Primary Care First Model Options,Mercy Primary Care Aaronwood,"2859 Aaronwood Avenue NW, Suite 3, Massillon, OH (40.822449611882774, -81.49973457547203)",OH,Accountable Care Models,2425,
Primary Care First Model Options,Mercy Primary Care Carrollton,"125 Canton Road NW, Suite A, Carrollton, OH (40.57749898665469, -81.0934219980116)",OH,Accountable Care Models,2426,
Primary Care First Model Options,Mercy Primary Care Jackson,"7337 Caritas Circle NW, Suite 270, Massillon, OH (40.85888098499686, -81.48592397639804)",OH,Accountable Care Models,2427,
Primary Care First Model Options,Mercy Primary Care Lake,"432 King Church Avenue SW, Uniontown, OH (40.960569018945364, -81.36087101016234)",OH,Accountable Care Models,2428,
Primary Care First Model Options,Mercy Primary Care Louisville,"1303 California Avenue, Louisville, OH (40.84927800616683, -81.27867798380493)",OH,Accountable Care Models,2429,
Primary Care First Model Options,Mercy Primary Care Plain,"2638 Easton Street NE, Canton, OH (40.87202301289514, -81.33086899357423)",OH,Accountable Care Models,2430,
Primary Care First Model Options,Mercy Primary Care Portage,"1413 Portage Street NW, North Canton, OH (40.882407017463066, -81.41828796892347)",OH,Accountable Care Models,2431,
Primary Care First Model Options,UPS Dover Internal Medicine,"515 Union Avenue, Suite 187, Dover, OH (40.50905299396675, -81.46318697438724)",OH,Accountable Care Models,2432,
Primary Care First Model Options,Ohio State Family Medicine Outpatient Care Worthington,"160 W Wilson Bridge Road, Suite 100, Worthington, OH (40.10864398912929, -83.02121002367754)",OH,Accountable Care Models,2433,
Primary Care First Model Options,Ohio State Primary Care-Family Medicine at Outpatient Care New Albany,"6100 N. Hamilton Rd., Suite 3C, Westerville, OH (40.0842993, -82.8511677)",OH,Accountable Care Models,2434,
Primary Care First Model Options,TCHMA Mt.Auburn FM 235,"2123 Auburn Avenue, Suite 235, Cincinnati, OH (39.120189994163894, -84.5089469591663)",OH,Accountable Care Models,2435,
Primary Care First Model Options,TCHMA Mt.Auburn IM 334,"2123 Auburn Avenue, Suite 334, Cincinnati, OH (39.120189994163894, -84.5089469591663)",OH,Accountable Care Models,2436,
Primary Care First Model Options,TCHMA Mt.Auburn IM 520,"2123 Auburn Avenue, Suite 520, Cincinnati, OH (39.120189994163894, -84.5089469591663)",OH,Accountable Care Models,2437,
Primary Care First Model Options,TCHMA Norwood IM,"4803 Montgomery Road, Suite 120, Cincinnati, OH (39.16614998093161, -84.45461001454602)",OH,Accountable Care Models,2438,
Primary Care First Model Options,TCHMA Red Bank IM and Pediatrics 200,"4440 Red Bank Expressway, Suite 200, Cincinnati, OH (39.15438484226475, -84.40483121762897)",OH,Accountable Care Models,2439,
Primary Care First Model Options,TCHMA RedBank IM,"4460 Redbank Expressway, Suite 100, Cincinnati, OH (39.1553118, -84.4057508)",OH,Accountable Care Models,2440,
Primary Care First Model Options,TCHMA Rookwood IM,"3805 Edwards Road, Suite 300, Cincinnati, OH (39.148220000391916, -84.44363198450004)",OH,Accountable Care Models,2441,
Primary Care First Model Options,TCHMA Hyde Park FM,"3805 Edwards Road, Suite 350, Cincinnati, OH (39.148220000391916, -84.44363198450004)",OH,Accountable Care Models,2442,
Primary Care First Model Options,TCHMA Hyde Park IM,"3805 Edwards Road, Suite 360, Cincinnati, OH (39.148220000391916, -84.44363198450004)",OH,Accountable Care Models,2443,
Primary Care First Model Options,TCHMA Green Twp IM 2500,"5885 Harrison Avenue, Suite 2500, Cincinnati, OH (39.174571991513744, -84.64388000995102)",OH,Accountable Care Models,2444,
Primary Care First Model Options,TCHMA-Springfield Township,"8989 Winton Road, Suite 100, Cincinnati, OH (39.22995600347872, -84.51050599315693)",OH,Accountable Care Models,2445,
Primary Care First Model Options,Ohio State Primary Care Thomas Rardin,"2231 North High Street, Columbus, OH (40.00775001477811, -83.01010199031332)",OH,Accountable Care Models,2446,
Primary Care First Model Options,Firelands Physician Group Sandusky Family Medicine,"2520 Columbus Ave, Sandusky, OH (41.43193317231083, -82.69738325549946)",OH,Accountable Care Models,2447,
Primary Care First Model Options,Sylvan Lakes Family Physicians,"7640 W Sylvania, Suite K, Sylvania, OH (41.689434005734256, -83.72740598569038)",OH,Accountable Care Models,2448,
Primary Care First Model Options,Firelands Physician Group Kuns Family Medicine,"101 S Washington Street, Castalia, OH (41.39997499594463, -82.80866599772529)",OH,Accountable Care Models,2449,
Primary Care First Model Options,Ohio State Primary Care Dublin,"6700 University Blvd, Suite 3D, Dublin, OH (40.0981148, -83.1712084)",OH,Accountable Care Models,2450,
Primary Care First Model Options,Summa Health Medical Group-Chapel Hill Internal Medicine,"1260 Independence Avenue, Akron, OH (41.109758010650864, -81.46941196241855)",OH,Accountable Care Models,2451,
Primary Care First Model Options,Grandview Yard Internal Medicine and Pediatrics,"895 Yard Street, Grandview Heights, OH (39.97888588290898, -83.0266003580974)",OH,Accountable Care Models,2452,
Primary Care First Model Options,Carepoint Upper Arlington General Internal Medicine,"1800 Zollinger Road, FL 3 West, Columbus, OH (40.01924001147003, -83.06095499687872)",OH,Accountable Care Models,2453,
Primary Care First Model Options,OSU internal Medicine and Pediatrics Hilliard,"3691 Ridge Mill Drive, Hilliard, OH (40.029066996662436, -83.11331900912957)",OH,Accountable Care Models,2454,
Primary Care First Model Options,Outpatient Care East General Internal Medicine,"543 Taylor Avenue, Ste 3176, Columbus, OH (39.978562006716885, -82.96311999809143)",OH,Accountable Care Models,2455,
Primary Care First Model Options,Stoneridge General Internal Medicine,"6700 University Blvd, STE 4C, Dublin, OH (40.098623, -83.1719824)",OH,Accountable Care Models,2456,
Primary Care First Model Options,Ohio State Primary Care in Outpatient Care Gahanna,"920 North Hamilton Road, Suite 300, Gahanna, OH (40.04236798735445, -82.86380299500367)",OH,Accountable Care Models,2457,
Primary Care First Model Options,"C.D. Sears, MD, Inc.","258 Progress Parkway, Tiffin, OH (41.134517758717315, -83.17743617491013)",OH,Accountable Care Models,2458,
Primary Care First Model Options,OSU General Internal Medicine at Martha Morehouse,"2050 Kenny Road, Pavillion Ste 2400, Columbus, OH (40.00130299013168, -83.03153401381873)",OH,Accountable Care Models,2459,
Primary Care First Model Options,Lake Point Medical Group,"15800 Detroit Road, Lakewood, OH (41.48194902693138, -81.8292800032345)",OH,Accountable Care Models,2460,
Primary Care First Model Options,"Signature Meds, LLC","19050 Lorain Road, Fairview Park, OH (41.4533690183672, -81.83113802309667)",OH,Accountable Care Models,2461,
Primary Care First Model Options,Out Patient Care New Albany General Internal Medicine,"6100 N. Hamilton Rd, 4th floor, Westerville, OH (40.0835931, -82.8517343)",OH,Accountable Care Models,2462,
Primary Care First Model Options,TCHMA Anderson Family Medicine,"7545 Beechmont Avenue, Suite C, Cincinnati, OH (39.07193600622563, -84.34852998906213)",OH,Accountable Care Models,2463,
Primary Care First Model Options,Outpatient Care Lewis Center General Internal Medicine,"6515 Pullman Drive, Suite 2200, Lewis Center, OH (40.20131699284599, -83.02618300683153)",OH,Accountable Care Models,2464,
Primary Care First Model Options,Firelands Physician Group Norwalk Family Medicine,"348 Milan Avenue, Suite 2, Norwalk, OH (41.269104988905184, -82.60951197827677)",OH,Accountable Care Models,2465,
Primary Care First Model Options,TCHMA Anderson Primary Care,"7545 Beechmont Avenue, Suite K, Cincinnati, OH (39.07193600622563, -84.34852998906213)",OH,Accountable Care Models,2466,
Primary Care First Model Options,UC Health Primary Care - Montgomery,"9275 Montgomery Road, Suite 200, Cincinnati, OH (39.22437902038189, -84.35627402940591)",OH,Accountable Care Models,2467,
Primary Care First Model Options,UC Health Primary Care Wyoming,"175 W Galbraith Road, Cincinnati, OH (39.21278601009993, -84.4838760162163)",OH,Accountable Care Models,2468,
Primary Care First Model Options,Middletown Family Practice,"5275 State Route 122, Suite 100, Franklin, OH (39.492312003621976, -84.30316000445893)",OH,Accountable Care Models,2469,
Primary Care First Model Options,TCHMA Bullard,"7545 Beechmont Avenue, Suite N, Cincinnati, OH (39.07193600622563, -84.34852998906213)",OH,Accountable Care Models,2470,
Primary Care First Model Options,PPC Paras,"25200 Center Ridge Road, Suite 2300, Westlake, OH (41.4573440102196, -81.89916496253534)",OH,Accountable Care Models,2471,
Primary Care First Model Options,PPC Sehgal Seikel,"25200 Center Ridge Road, Suite 2450, Westlake, OH (41.4573440102196, -81.89916496253534)",OH,Accountable Care Models,2472,
Primary Care First Model Options,Summa Health Medical Group-Medina Primary Care,"3780 Medina Road, Suite 310, Medina, OH (41.13666899089546, -81.82358500632624)",OH,Accountable Care Models,2473,
Primary Care First Model Options,Summa Health Medical Group-Green Internal Medicine,"1835 Franks Parkway, Uniontown, OH (40.958482008873716, -81.46038800545986)",OH,Accountable Care Models,2474,
Primary Care First Model Options,PPC Nouraldin,"25200 Center Ridge Road, Suite 2500, Westlake, OH (41.4573440102196, -81.89916496253534)",OH,Accountable Care Models,2475,
Primary Care First Model Options,Holzer Athens,"2131 East State Street, Athens, OH (39.33316799315307, -82.02867701744134)",OH,Accountable Care Models,2476,
Primary Care First Model Options,Summa Health Medical Group-Cuyahoga Falls Primary Care,"242 Portage Trail Extension West, Cuyahoga Falls, OH (41.1440140107386, -81.51455496508375)",OH,Accountable Care Models,2477,
Primary Care First Model Options,Holzer Main Clinic,"100 Jackson Pike, Gallipolis, OH (38.84669000229178, -82.23747299156966)",OH,Accountable Care Models,2478,
Primary Care First Model Options,Holzer Meigs,"88 East Memorial Drive, Pomerory, OH (39.03894802045028, -82.04555397948509)",OH,Accountable Care Models,2479,
Primary Care First Model Options,Unity Health Network Streetsboro,"9330 Market Square Drive, Suite 100, Streetsboro, OH (41.2456629850183, -81.34697297650715)",OH,Accountable Care Models,2480,
Primary Care First Model Options,Unity Health Network Tallmadge,"116 East Avenue, Tallmadge, OH (41.10080601233096, -81.43634200163015)",OH,Accountable Care Models,2481,
Primary Care First Model Options,Holzer Sycamore,"4th Avenue and Sycamore Street, Gallipolis, OH (38.817680025854, -82.19487993148849)",OH,Accountable Care Models,2482,
Primary Care First Model Options,Unity Health Network Hudson,"231 Seasons Road, Hudson, OH (41.2038084, -81.4913434)",OH,Accountable Care Models,2483,
Primary Care First Model Options,Unity Health Network Twinsburg,"8054 Darrow Road, Bld D Suite 1, Twinsburg, OH (41.28523001041506, -81.44146300919422)",OH,Accountable Care Models,2484,
Primary Care First Model Options,Unity Health Network Graham Road,"739 Graham Road, Suite 1, Cuyahoga Falls, OH (41.1627699859267, -81.48675001295598)",OH,Accountable Care Models,2485,
Primary Care First Model Options,OSU Family Practice at Upper Arlington,"1800 Zollinger Road, 5th Floor, Columbus, OH (40.01924001147003, -83.06095499687872)",OH,Accountable Care Models,2486,
Primary Care First Model Options,UH Westshore Primary Care Avon,"2535 Hale Street, Suite A, Avon, OH (41.45230401374974, -82.03170900327699)",OH,Accountable Care Models,2487,
Primary Care First Model Options,TCHMA Eastgate,"796 Old State Route 74, Suite 101, Cincinnati, OH (39.10616233290043, -84.27507607251546)",OH,Accountable Care Models,2488,
Primary Care First Model Options,UH Tri City Amherst Family Medicine,"101 Cooper Foster Park Road, Amherst, OH (41.41872200249634, -82.22417996368566)",OH,Accountable Care Models,2489,
Primary Care First Model Options,TCHMA Norwood Family Medicine,"4803 Montgomery Road, Suite 114, Cincinnati, OH (39.16614998093161, -84.45461001454602)",OH,Accountable Care Models,2490,
Primary Care First Model Options,TCHMA Forest Hills Internal Medicine,"7545 Beechmont Avenue, Suite A, Cincinnati, OH (39.07193600622563, -84.34852998906213)",OH,Accountable Care Models,2491,
Primary Care First Model Options,TCHMA Kenwood Internal Medicine,"8041 Hosbrook Road, Suite 200, Cincinnati, OH (39.20389100872163, -84.37173998186911)",OH,Accountable Care Models,2492,
Primary Care First Model Options,TCHMA Loveland Family Practice,"1200 Cottonwood Drive, Loveland, OH (39.255434013556425, -84.29554001628213)",OH,Accountable Care Models,2493,
Primary Care First Model Options,TCHMA Mason-Montgomery,"608 Reading Rd, Suite C, Mason, OH (39.354110010598845, -84.31636502235959)",OH,Accountable Care Models,2494,
Primary Care First Model Options,UH Westshore Primary Care Avon Lake,"32730 Walker Road, Building H, Avon Lake, OH (41.49388898233599, -82.01631899085656)",OH,Accountable Care Models,2495,
Primary Care First Model Options,UH Westshore Primary Care North Olmsted,"26127 Lorain Road, Suite 300, North Olmsted, OH (41.41949100020318, -81.91183303571857)",OH,Accountable Care Models,2496,
Primary Care First Model Options,UC Health Primary Care Milford,"300 Chamber Drive, Milford, OH (39.15924400517682, -84.27605100175182)",OH,Accountable Care Models,2497,
Primary Care First Model Options,UH Westshore Primary Care North Ridgeville,"32800 Lorain Road, Suite 2100, North Ridgeville, OH (41.38239001453965, -81.98121197613943)",OH,Accountable Care Models,2498,
Primary Care First Model Options,TCHMA Montgomery FM,"11140 Montgomery Road, Suite 2500, Montgomery, OH (39.26601599867735, -84.33195603281817)",OH,Accountable Care Models,2499,
Primary Care First Model Options,UH Westshore Primary Care Rocky River,"26908 Detroit Rd., Suite 103, Westlake, OH (41.4682618, -81.9208634)",OH,Accountable Care Models,2500,
Primary Care First Model Options,UH Westshore Primary Sheffield,"5323 Meadow Lane Court, Suite A & B, Sheffield, OH (41.42102300255607, -82.0734519707381)",OH,Accountable Care Models,2501,
Primary Care First Model Options,PPC Deeb,"7575 Northcliff Avenue, Suite 102, Brooklyn, OH (41.42452999084466, -81.73998901701532)",OH,Accountable Care Models,2502,
Primary Care First Model Options,UH Ashland Family Practice,"1941 S Baney Road, Suite 200, Ashland, OH (40.84600898010936, -82.34804697444106)",OH,Accountable Care Models,2503,
Primary Care First Model Options,UH Berea Family Medicine,"563 W Bagley Road, Berea, OH (41.37224774619004, -81.87421113682129)",OH,Accountable Care Models,2504,
Primary Care First Model Options,UC Health Primary Care Tri-County,"11590 Century Boulevard, Suite 102, Cincinnati, OH (39.28597699817547, -84.45275702721102)",OH,Accountable Care Models,2505,
Primary Care First Model Options,UH Euclid Internal Medicine,"18599 Lakeshore Boulevard, Suite 400, Euclid, OH (41.59627799484704, -81.5493629973146)",OH,Accountable Care Models,2506,
Primary Care First Model Options,UH MRSA Bainbridge,"8185 E Washington Street, Chagrin Falls, OH (41.416424257750165, -81.3492900103143)",OH,Accountable Care Models,2507,
Primary Care First Model Options,TCHMA Green Township 3500,"5885 Harrison Avenue, Suite 3500, Cincinnati, OH (39.174571991513744, -84.64388000995102)",OH,Accountable Care Models,2508,
Primary Care First Model Options,UC Health Primary Care Burnet,"3120 Burnet Avenue, Suite 406, Cincinnati, OH (39.13579198491564, -84.50057503045564)",OH,Accountable Care Models,2509,
Primary Care First Model Options,UH Elyria Internal Medicine,"125 E Broad Street, Suite 202, Elyria, OH (41.36711600765918, -82.09651796244854)",OH,Accountable Care Models,2510,
Primary Care First Model Options,TCHMA Liberty Way FM,"6939 Cox Road, Suite 360, Liberty Township, OH (39.37465598311957, -84.36165403777811)",OH,Accountable Care Models,2511,
Primary Care First Model Options,UH Medina Physicians Practices,"4001 Carrick Drive, Suite 150, Medina, OH (41.13741799776321, -81.82968996550407)",OH,Accountable Care Models,2512,
Primary Care First Model Options,UC Health Primary Care Clifton,"222 Piedmont Avenue, Suite 8000, Cincinnati, OH (39.13642599207182, -84.50515498616973)",OH,Accountable Care Models,2513,
Primary Care First Model Options,UC Health Primary Care Internal Medicine Hoxworth,"3130 Highland Avenue, Cincinnati, OH (39.13645101205282, -84.50214303308266)",OH,Accountable Care Models,2514,
Primary Care First Model Options,UC Health Primary Care Internal Medicine and Pediatrics Hoxworth,"3130 Highland Avenue, Floor 2, Cincinnati, OH (39.13645101205282, -84.50214303308266)",OH,Accountable Care Models,2515,
Primary Care First Model Options,UH Tri City Grafton Family Medicine,"489 North Main Street, Grafton, OH (41.281857006848725, -82.06427202656133)",OH,Accountable Care Models,2516,
Primary Care First Model Options,TCHMA Wetherington Family Medicine,"7589 Tylers Place Boulevard, West Chester, OH (39.35859101794594, -84.37265101092525)",OH,Accountable Care Models,2517,
Primary Care First Model Options,MAP PCP Lexington,"6 Lexington Boulevard, Delaware, OH (40.30847300324052, -83.09942801627304)",OH,Accountable Care Models,2518,
Primary Care First Model Options,UH Ravenna Primary Care,"6847 N Chestnut Street, Suite 200, Ravenna, OH (41.17607101852823, -81.25100496283314)",OH,Accountable Care Models,2519,
Primary Care First Model Options,MAP PCP Independence,"1130 Independence Avenue, Marion, OH (40.56913799632767, -83.12785096612193)",OH,Accountable Care Models,2520,
Primary Care First Model Options,UH Green Road Primary Care,"1611 S Green Road, Suite 065, South Euclid, OH (41.51570099942185, -81.51816203329626)",OH,Accountable Care Models,2521,
Primary Care First Model Options,MAP PCP Delaware,"1040 Delaware Avenue, Marion, OH (40.57077100061383, -83.12154500890595)",OH,Accountable Care Models,2522,
Primary Care First Model Options,"Broadview Heights Family Medicine, Inc","2001 E Royalton Road, Broadview Heights, OH (41.31443398600186, -81.6710979871783)",OH,Accountable Care Models,2523,
Primary Care First Model Options,MAP PCP MMC,"1050 Delaware Avenue, Marion, OH (40.57020300094513, -83.11928399052438)",OH,Accountable Care Models,2524,
Primary Care First Model Options,MAP PCP Prospect 1,"980 S Prospect Street, Suite 1, Marion, OH (40.57145399999408, -83.13285797980281)",OH,Accountable Care Models,2525,
Primary Care First Model Options,OPG PCP Washington,"75 Washington Boulevard, Suite 103, Kenton, OH (40.64829099022239, -83.59613096508949)",OH,Accountable Care Models,2526,
Primary Care First Model Options,OPG PCP Sandusky,"725 N Sandusky Avenue, Bucyrus, OH (40.81635099873708, -82.97591396746036)",OH,Accountable Care Models,2527,
Primary Care First Model Options,UH Tri City North Ridgeville Family Medicine,"6115 Emerald Street, North Ridgeville, OH (41.39987001260735, -81.99549800809262)",OH,Accountable Care Models,2528,
Primary Care First Model Options,UC Health Primary Care Internal Medicine and Pediatrics West Chester North,"7690 Discovery Drive, Suite 2700, West Chester, OH (39.36107600078037, -84.36696003394526)",OH,Accountable Care Models,2529,
Primary Care First Model Options,UH Tri City Avon Family Medicine,"1480 Center Road, Suite A, Avon, OH (41.46820901030125, -82.02000602242538)",OH,Accountable Care Models,2530,
Primary Care First Model Options,UC Health Primary Care Family Medicine at West Chester South,"7798 Discovery Drive, Unit A, West Chester, OH (39.3607088, -84.3669518)",OH,Accountable Care Models,2531,
Primary Care First Model Options,UC Health Primary Care Midtown,"3590 Lucille Drive, Suite 1400, Cincinnati, OH (39.17116701098678, -84.41529201549258)",OH,Accountable Care Models,2532,
Primary Care First Model Options,UH Tri City Elyria Family Medicine,"1120 East Broad Street, Suite 100, Elyria, OH (41.36401902016439, -82.07431203782293)",OH,Accountable Care Models,2533,
Primary Care First Model Options,OPG HC Primary Care Hospital Dr,"26 Hospital Drive, 1st Floor, Athens, OH (39.328654003016965, -82.11296401085005)",OH,Accountable Care Models,2534,
Primary Care First Model Options,OPG PCP Stringtown,"1325 Stringtown Road, Grove City, OH (39.87566899036787, -83.03348498560185)",OH,Accountable Care Models,2535,
Primary Care First Model Options,UC Health Primary Care Mason,"9313 Mason-Montgomery Road, Mason, OH (39.304574010569866, -84.31520102746562)",OH,Accountable Care Models,2536,
Primary Care First Model Options,UC Health Primary Care Liberty,"6645 Princeton-Glendale Road, Liberty Township, OH (39.387412988295495, -84.45461202620278)",OH,Accountable Care Models,2537,
Primary Care First Model Options,UC Health Primary Care Womens Primary Care,"7675 Wellness Way, Floor 4, West Chester, OH (39.3579206, -84.370335)",OH,Accountable Care Models,2538,
Primary Care First Model Options,UH USHC Physicians,"1611 S Green Road, Suite 260, South Euclid, OH (41.51570099942185, -81.51816203329626)",OH,Accountable Care Models,2539,
Primary Care First Model Options,UC Health Primary Care Trenton,"715 West State Street, Trenton, OH (39.48026301780729, -84.47000002696645)",OH,Accountable Care Models,2540,
Primary Care First Model Options,Cleveland Clinic Akron General Family Medicine South Central,"3529 Fortuna Drive, Akron, OH (40.97500701480314, -81.48838599281775)",OH,Accountable Care Models,2541,
Primary Care First Model Options,UC Health Internal Medicine West Chester South,"7675 Wellness Way, Suite 319, West Chester, OH (39.358081984966105, -84.36792495863881)",OH,Accountable Care Models,2542,
Primary Care First Model Options,OPG PCP Southern St,"9085 Southern Street, Orient, OH (39.80410300186094, -83.03166896245986)",OH,Accountable Care Models,2543,
Primary Care First Model Options,OPG PCP Grandview,"1125 Yard Street, Suite 250, Grandview, OH (39.98341898433091, -83.02858199133938)",OH,Accountable Care Models,2544,
Primary Care First Model Options,OPG PCP IM Cline Ave,"275 Cline Avenue, Mansfield, OH (40.74670999811343, -82.52696699580503)",OH,Accountable Care Models,2545,
Primary Care First Model Options,UH Cleveland Physicians,"1611 S Green Road, Suite 160, South Euclid, OH (41.51570099942185, -81.51816203329626)",OH,Accountable Care Models,2546,
Primary Care First Model Options,UH MRSA Landerbrook,"5850 Landerbrook Drive, Suite 100, Mayfield Heights, OH (41.50320001947841, -81.46900099770585)",OH,Accountable Care Models,2547,
Primary Care First Model Options,UH Sharon Family Physicians,"5133 Ridge Road, Suite 1, Wadsworth, OH (41.13538098574401, -81.73417901701023)",OH,Accountable Care Models,2548,
Primary Care First Model Options,LMHS Family Medicine Main Campus,"1005 Bellefontaine Avenue, Suite 340, Lima, OH (40.73466599953113, -84.08477496545984)",OH,Accountable Care Models,2549,
Primary Care First Model Options,UH Brecksville Internal Medicine,"5901 E Royalton Road, Suite 2200, Broadview Heights, OH (41.31869400447172, -81.64676297532709)",OH,Accountable Care Models,2550,
Primary Care First Model Options,LMHS Wapakoneta Medical Center,"602 W Redskin Trail, Wapakoneta, OH (40.58550300565311, -84.19846720099764)",OH,Accountable Care Models,2551,
Primary Care First Model Options,UH Weinberger and Vizy,"3690 Orange Place, Suite 230, Beachwood, OH (41.45960599252004, -81.48890701191915)",OH,Accountable Care Models,2552,
Primary Care First Model Options,UH Sheffield Primary Care,"5001 Transportation Drive, 300, Sheffield, OH (41.42402498117835, -82.08617201172103)",OH,Accountable Care Models,2553,
Primary Care First Model Options,LMHS Family Medicine West,"375 N Eastown Road, Suite C, Lima, OH (40.743063995960654, -84.16555597640833)",OH,Accountable Care Models,2554,
Primary Care First Model Options,OPG PCP W Main St Berger,"299 W Main Street, Ashville, OH (39.71299301353889, -82.9613909791044)",OH,Accountable Care Models,2555,
Primary Care First Model Options,OPG PCP N Court St,"1180 N Court Street, Circleville, OH (39.620003006244076, -82.93895899455015)",OH,Accountable Care Models,2556,
Primary Care First Model Options,Beachwood Primary Care,"23250 Mercantile Road, Suite 130, Beachwood, OH (41.45804301903493, -81.51323598880006)",OH,Accountable Care Models,2557,
Primary Care First Model Options,LMHS Kenton Medical Center,"1211 East Columbus Street, Kenton, OH (40.65414666117189, -83.58553510988078)",OH,Accountable Care Models,2558,
Primary Care First Model Options,OPG PCP Sharon Rd,"210 Sharon Road, Circleville, OH (39.60959201194794, -82.93661499532713)",OH,Accountable Care Models,2559,
Primary Care First Model Options,OPG PCP Market Exchange,"500 E Main Street, Columbus, OH (39.95802701448929, -82.9862650311488)",OH,Accountable Care Models,2560,
Primary Care First Model Options,UH Streetsboro Primary Care,"9318 State Route 14, 3rd Floor, Streetsboro, OH (41.24083400296087, -81.3478919683713)",OH,Accountable Care Models,2561,
Primary Care First Model Options,OPG PCP Polaris Pkwy,"300 Polaris Parkway, Suite 230, Westerville, OH (40.1473604, -82.9403336)",OH,Accountable Care Models,2562,
Primary Care First Model Options,"Medical Outpatient Center, Stow-Falls","857 Graham Road, Stow, OH (41.164940982668156, -81.4823849692393)",OH,Accountable Care Models,2563,
Primary Care First Model Options,OPG PCP High Street,"41 S High Street, Suite 25, Columbus, OH (39.96109801808424, -83.00097200227947)",OH,Accountable Care Models,2564,
Primary Care First Model Options,OPG PCP Rivers Edge,"7630 Rivers Edge Drive, Columbus, OH (40.12075001379509, -83.03275701731106)",OH,Accountable Care Models,2565,
Primary Care First Model Options,UH Medical Associates of Mid Ohio,"663 E. Main, Suite 100, Ashland, OH (40.8659613, -82.3033474)",OH,Accountable Care Models,2566,
Primary Care First Model Options,UH South Primary Care,"1057 Rockside Road, Parma, OH (41.40490497993534, -81.68600201685261)",OH,Accountable Care Models,2567,
Primary Care First Model Options,Concord Primary Care,"7500 Auburn Drive, Suite 2300, Painesville, OH (41.666953992874795, -81.24638401961252)",OH,Accountable Care Models,2568,
Primary Care First Model Options,UH Ulrich Professional Group,"401 Devon Place, Suite 215, Kent, OH (41.133522005348254, -81.35105697501034)",OH,Accountable Care Models,2569,
Primary Care First Model Options,Summa Health Medical Group-Rittman Family Practice,"25 S Main Street, Suite B, Rittman, OH (40.971801984576416, -81.78191697307952)",OH,Accountable Care Models,2570,
Primary Care First Model Options,UH IMG Cleveland,"3909 Orange Place, Suite 2400, Beachwood, OH (41.453487999482775, -81.48915100912059)",OH,Accountable Care Models,2571,
Primary Care First Model Options,UH Twinsburg Family Medicine,"8819 Commons Boulevard, Suite 100, Twinsburg, OH (41.30883001317682, -81.44618101485361)",OH,Accountable Care Models,2572,
Primary Care First Model Options,Summa Health Medical Group-Tallmadge Family Medicine,"60 North Avenue, Tallmadge, OH (41.10408698260042, -81.4403249982001)",OH,Accountable Care Models,2573,
Primary Care First Model Options,Summa Health Medical Group-Wadsworth Family Practice,"195 Wadsworth Road, Wadsworth, OH (41.028546002241114, -81.75128597847711)",OH,Accountable Care Models,2574,
Primary Care First Model Options,Summa Health Medical Group-Internal Medicine White Pond,"1 Park West Boulevard, Suite 200, Akron, OH (41.10208001970409, -81.59206099882353)",OH,Accountable Care Models,2575,
Primary Care First Model Options,OPG PCP E Broad,"7430 East Broad Street, Blacklick, OH (39.98451181201796, -82.79845264736706)",OH,Accountable Care Models,2576,
Primary Care First Model Options,UH Copley Medical Group,"3800 Embassy Parkway, Suite 230, Fairlawn, OH (41.14287499391608, -81.64655300865255)",OH,Accountable Care Models,2577,
Primary Care First Model Options,OPG PCP Tippett Ct,"100 Tippett Court, Suite 101, Sunbury, OH (40.249227993306334, -82.86753797105864)",OH,Accountable Care Models,2578,
Primary Care First Model Options,OPG PCP Kelnor,"4191 Kelnor Drive, Grove City, OH (39.877419006022365, -83.06751702123671)",OH,Accountable Care Models,2579,
Primary Care First Model Options,OPG PCP W Broad St,"5193 W Broad Street, Columbus, OH (39.951264997921555, -83.13894600753623)",OH,Accountable Care Models,2580,
Primary Care First Model Options,UH Conneaut Primary Care,"167 W Main Road, Suite F, Conneaut, OH (41.93635699429379, -80.58773197261046)",OH,Accountable Care Models,2581,
Primary Care First Model Options,OPG PCP Havens Corner,"504 Havens Corners Road, Suite B, Gahanna, OH (40.01856899821132, -82.86352002195247)",OH,Accountable Care Models,2582,
Primary Care First Model Options,UH Geauga Family Physicians,"13221 Ravenna Road, Suite 8, Chardon, OH (41.508573992880315, -81.19292700718759)",OH,Accountable Care Models,2583,
Primary Care First Model Options,UH Westlake Internal Medicine,"960 Clague Road, Suite 3201, Westlake, OH (41.47379098063047, -81.88443703664673)",OH,Accountable Care Models,2584,
Primary Care First Model Options,OPG PCP Clairedan,"70 Clairedan Drive, Powell, OH (40.16797600321843, -83.07847501853409)",OH,Accountable Care Models,2585,
Primary Care First Model Options,OPG PCP IM Polaris,"300 Polaris Parkway, Suite 230, Westerville, OH (40.1473604, -82.9403336)",OH,Accountable Care Models,2586,
Primary Care First Model Options,OPG PCP N Hamilton,"765 N Hamilton Road, Suite 255, Gahanna, OH (40.03642098514197, -82.86597298591676)",OH,Accountable Care Models,2587,
Primary Care First Model Options,OPG PCP Ohiohealth,"801 Ohiohealth Boulevard, Suite 260, Delaware, OH (40.23493701603027, -83.03401799082478)",OH,Accountable Care Models,2588,
Primary Care First Model Options,Grant Family Medicine Town Street,"290 East Town Street, Columbus, OH (39.96007898820568, -82.99256797087963)",OH,Accountable Care Models,2589,
Primary Care First Model Options,OPG PCP Scioto Darby,"6314 Scioto Darby Road, Hilliard, OH (40.03341900651969, -83.17960896677319)",OH,Accountable Care Models,2590,
Primary Care First Model Options,OPG PCP Galloway,"990 Galloway Road, Galloway, OH (39.930603019860854, -83.15875998845266)",OH,Accountable Care Models,2591,
Primary Care First Model Options,OPG PCP IM W Central,"454 W Central Avenue, Delaware, OH (40.3055289854787, -83.08394102523287)",OH,Accountable Care Models,2592,
Primary Care First Model Options,UH Avon Primary Care,"1997 Healthway Drive, Suite 203, Avon, OH (41.46288998027467, -82.02539198194881)",OH,Accountable Care Models,2593,
Primary Care First Model Options,OPG PCP N Hampton,"4141 N Hampton Drive, Powell, OH (40.14413699048765, -83.09157903450149)",OH,Accountable Care Models,2594,
Primary Care First Model Options,OPG PCP Wexner,"2222 Welcome Place, Columbus, OH (39.9447658, -82.9393699)",OH,Accountable Care Models,2595,
Primary Care First Model Options,OPG PCP Memorial Dr,"168 N Memorial Drive, Lanaster, OH (39.71491528818121, -82.6065862297377)",OH,Accountable Care Models,2596,
Primary Care First Model Options,Riverside Family Practice,"697 Thomas Lane, Columbus, OH (40.03217601218827, -83.0359169948082)",OH,Accountable Care Models,2597,
Primary Care First Model Options,OPG PCP PMC,"1010 Refugee Road, Suite 310, Pickerington, OH (39.91134698032931, -82.78280103708748)",OH,Accountable Care Models,2598,
Primary Care First Model Options,OPG PCP Davidson,"1450 Davidson Drive, Reynoldsburg, OH (39.95426098348307, -82.80440103393254)",OH,Accountable Care Models,2599,
Primary Care First Model Options,Doctors Family Practice,"2030 Stringtown Road, Grove City, OH (39.880275013800826, -83.057350024142)",OH,Accountable Care Models,2600,
Primary Care First Model Options,Macedonia Express and Outpatient Clinic,"8210 Macedonia Commons Boulevard, Suite 40, Macedonia, OH (41.312203016743155, -81.51832698915076)",OH,Accountable Care Models,2601,
Primary Care First Model Options,OPG PCP Hill Rd,"417 Hill Road N, Pickerington, OH (39.89377499087425, -82.76255304122462)",OH,Accountable Care Models,2602,
Primary Care First Model Options,OPG PCP W Central,"551 W Central Avenue, Suite 301, Delaware, OH (40.305729458254525, -83.08802845683526)",OH,Accountable Care Models,2603,
Primary Care First Model Options,TCHP-Primary Care Western Hills 3248,"3248 Westbourne Drive, Cincinnati, OH (39.14481598378384, -84.62909299164502)",OH,Accountable Care Models,2604,
Primary Care First Model Options,OPG PCP Hospital Dr,"6905 Hospital Drive, Suite 200, Dublin, OH (40.10184601419692, -83.16105696519887)",OH,Accountable Care Models,2605,
Primary Care First Model Options,Cleveland Clinic Uniontown Express Care,"1587 Boettler Road, Suite 110, Uniontown, OH (40.9601459842921, -81.47082498365586)",OH,Accountable Care Models,2606,
Primary Care First Model Options,OPG PCP Allseasons,"4343 All Seasons Drive, Hilliard, OH (40.03590000795009, -83.13319903944303)",OH,Accountable Care Models,2607,
Primary Care First Model Options,Westlake Medical Campus Building A,"850 Columbia Road, Westlake, OH (41.47504600299291, -81.90304201184914)",OH,Accountable Care Models,2608,
Primary Care First Model Options,TCHP-Primary Care Western Hills 3260,"3260 Westbourne Drive, Cincinnati, OH (39.14539299399843, -84.62860298558539)",OH,Accountable Care Models,2609,
Primary Care First Model Options,Brecksville Medical Outpatient Center,"8805 Brecksville Road, 2, Brecksville, OH (41.3226899929916, -81.625476964575)",OH,Accountable Care Models,2610,
Primary Care First Model Options,Cleveland Clinic Family Physicians - Lyndhurst,"5187 Mayfield Road, Lyndhurst, OH (41.52034000564382, -81.49268096382389)",OH,Accountable Care Models,2611,
Primary Care First Model Options,UH Geneva Family Medicine,"810B W Main Street, Geneva, OH (41.80050162580528, -80.96139810979025)",OH,Accountable Care Models,2612,
Primary Care First Model Options,UH Western Reserve Physicians,"5778 Darrow Road, Suite 201, Hudson, OH (41.22248601690981, -81.44106797009756)",OH,Accountable Care Models,2613,
Primary Care First Model Options,SSM Health Medical Group- Harrah,"18961 NE 23rd Street, Harrah, OK (35.4934788, -97.1976537)",OK,Accountable Care Models,2614,
Primary Care First Model Options,SSM Health Medical Group- Shawnee Family Healthcare,"3204 Medical Park Drive Shawnee, OK (35.362492, -96.940092)",OK,Accountable Care Models,2615,
Primary Care First Model Options,SSM Health Medical Group- Pauls Valley,"105 N Indian Meridian Road Pauls Valley, OK (34.740902, -97.247734)",OK,Accountable Care Models,2616,
Primary Care First Model Options,SSM Health Medical Group - Healthplex East,"3400 S Douglas Boulevard, Suite 200, Oklahoma City, OK (35.42986299629783, -97.36916898627261)",OK,Accountable Care Models,2617,
Primary Care First Model Options,SSM Health Medical Group - Blanchard,"2002 N Council, Blanchard, OK (35.15582715589506, -97.65312303764279)",OK,Accountable Care Models,2618,
Primary Care First Model Options,AMG St. John Owasso 86th,"13600 E 86th Street N, Suite 100, Owasso, OK (36.277624986263746, -95.82374997242529)",OK,Accountable Care Models,2619,
Primary Care First Model Options,AMG St. John Phillips Clinic,"310 South Keeler, Bartlesville, OK (36.750827006413985, -95.97847403771173)",OK,Accountable Care Models,2620,
Primary Care First Model Options,AMG St. John Bartlesville GMC,"3450 Frank Phillips Boulevard, Suite 400, Bartlesville, OK (36.7507273509756, -95.93836098537118)",OK,Accountable Care Models,2621,
Primary Care First Model Options,AMG St. John Pawhuska,"701 Leahy Avenue, Pawhuska, OK (36.665585020866985, -96.33785702117619)",OK,Accountable Care Models,2622,
Primary Care First Model Options,AMG St. John Bartlesville 501,"3400 Southeast Frank Phillips Boulevard, Suite 501, Bartlesville, OK (36.7507273509756, -95.93842839510138)",OK,Accountable Care Models,2623,
Primary Care First Model Options,AMG St. John Skiatook,"1501 West Rogers Boulevard, Skiatook, OK (36.368167016826646, -96.02039201931115)",OK,Accountable Care Models,2624,
Primary Care First Model Options,AMG St. John Broken Arrow MOB,"800 West Boise Circle, Suite 160, Broken Arrow, OK (36.07761798243858, -95.79978502159928)",OK,Accountable Care Models,2625,
Primary Care First Model Options,AMG St. John Bernsen 200,"1919 South Wheeling Avenue, Suite 200, Tulsa, OK (36.13426300982678, -95.96389204075741)",OK,Accountable Care Models,2626,
Primary Care First Model Options,AMG St. John Jenks,"220 South Elm, Suite 200, Jenks, OK (36.02066198644259, -95.97702497429076)",OK,Accountable Care Models,2627,
Primary Care First Model Options,AMG St. John Sand Springs,"402 West Morrow Road, Sand Springs, OK (36.13321502047275, -96.11705799406258)",OK,Accountable Care Models,2628,
Primary Care First Model Options,AMG St. John Owasso MOB,"12455 East 100th Street North, Suite 350, Owasso, OK (36.299620986124324, -95.83411302223527)",OK,Accountable Care Models,2629,
Primary Care First Model Options,AMG St. John Bernsen 402,"1919 South Wheeling Avenue, Suite 402, Tulsa, OK (36.13426300982678, -95.96389204075741)",OK,Accountable Care Models,2630,
Primary Care First Model Options,AMG St. John South Harvard,"4720 South Harvard, Suite 100, Tulsa, OK (36.094801009676786, -95.94087198187637)",OK,Accountable Care Models,2631,
Primary Care First Model Options,AMG St. John South Memorial,"8115 South Memorial, Tulsa, OK (36.04571101071579, -95.88534799212839)",OK,Accountable Care Models,2632,
Primary Care First Model Options,AMG St. John Sapulpa,"1021 E Bryan, Sapulpa, OK (35.99377799592622, -96.09973402512247)",OK,Accountable Care Models,2633,
Primary Care First Model Options,AMG St. John Claremore,"1910 South Falcon Avenue, Claremore, OK (36.289167998493255, -95.62931395863616)",OK,Accountable Care Models,2634,
Primary Care First Model Options,"Frank Evans, DO, PC","1921 West 6th Avenue, Suite A, Stillwater, OK (36.1154401, -97.0849897)",OK,Accountable Care Models,2635,
Primary Care First Model Options,"Garrick Shreck, DO, PC","1921 West 6th Avenue, Suite A, Stillwater, OK (36.1154401, -97.0849897)",OK,Accountable Care Models,2636,
Primary Care First Model Options,"Corby Smithton, DO, PC","1921 West 6th Avenue, Suite A, Stillwater, OK (36.1154401, -97.0849897)",OK,Accountable Care Models,2637,
Primary Care First Model Options,SSM Health Medical Group - Midtown Medical Associates,"608 NW 9th Street, Suite 4000, Oklahoma City, OK (35.47692700544229, -97.52355903271751)",OK,Accountable Care Models,2638,
Primary Care First Model Options,SSM Health Medical Group - Healthplex North,"13401 N Western Avenue, Suite 200, Oklahoma City, OK (35.605319992455335, -97.53286101740453)",OK,Accountable Care Models,2639,
Primary Care First Model Options,SSM Health Medical Group - Healthplex Mustang,"201 S Sara Road, Suite 200, Mustang, OK (35.39085299027657, -97.70798998778126)",OK,Accountable Care Models,2640,
Primary Care First Model Options,SSM Health Medical Group - Shawnee Family Medicine Clinic,"3214 Kethley, Shawnee, OK (35.36319095943529, -96.93870962522539)",OK,Accountable Care Models,2641,
Primary Care First Model Options,SSM Health Medical Group - Healthplex South,"13500 S Tulsa Drive, Suite 200, Oklahoma City, OK (35.331046015644006, -97.59108196831825)",OK,Accountable Care Models,2642,
Primary Care First Model Options,SSM Health Medical Group - Family Medicine Center Midtown,"1110 N. Lee, Suite 300, Oklahoma City, OK (35.4796935, -97.5260354)",OK,Accountable Care Models,2643,
Primary Care First Model Options,SSM Health Medical Group - McLoud,"704 S 8th Street, McLoud, OK (35.42540902058846, -97.09635999849829)",OK,Accountable Care Models,2644,
Primary Care First Model Options,SSM Health Medical Group - Family Medicine North,"13401 N Western Ave, Suite 302, Oklahoma City, OK (35.6054993, -97.5354579)",OK,Accountable Care Models,2645,
Primary Care First Model Options,SSM Health Medical Group - Metro Medical Associates,"100 W Main Street, Suite 200, Oklahoma City, OK (35.46710098416875, -97.51579898293866)",OK,Accountable Care Models,2646,
Primary Care First Model Options,SSM Health Medical Group - Northwest Family Care,"7221 W Hefner Road, Oklahoma City, OK (35.58053897953617, -97.64184998238545)",OK,Accountable Care Models,2647,
Primary Care First Model Options,SSM Health Medical Group - Chandler,"114 N Highway 18, Chandler, OK (35.710658009960625, -96.88384899724454)",OK,Accountable Care Models,2648,
Primary Care First Model Options,SSM Health Medical Group - El Reno,"3345 Territory Ln, El Reno, OK (35.5040811, -97.9384532)",OK,Accountable Care Models,2649,
Primary Care First Model Options,Lakeside Family Medicine,"714 Highway 70 E, Kingston, OK (33.998664009384186, -96.70510499584726)",OK,Accountable Care Models,2650,
Primary Care First Model Options,SSM Health Medical Group - Tecumseh,"418 E Walnut Street, Tecumseh, OK (35.260406981809254, -96.93178099437235)",OK,Accountable Care Models,2651,
Primary Care First Model Options,SSM Health Medical Group - Shawnee Internal Medicine,"3315 Kethley, Shawnee, OK (35.36194474264392, -96.9388764724263)",OK,Accountable Care Models,2652,
Primary Care First Model Options,SSM Health Medical Group - Shawnee Harrison,"4651 N Harrison, Shawnee, OK (35.378395321162536, -96.91198472692847)",OK,Accountable Care Models,2653,
Primary Care First Model Options,SSM Health Medical Group - Midwest City Primary Care,"1800 S Douglas Boulevard, Midwest City, OK (35.44721802018918, -97.36991195817008)",OK,Accountable Care Models,2654,
Primary Care First Model Options,SSM Health Medical Group - Shawnee Kickapoo,"3700 N Kickapoo, Suite 124, Shawnee, OK (35.36730399139566, -96.93080802305174)",OK,Accountable Care Models,2655,
Primary Care First Model Options,SSM Health Medical Group - Moore,"828 SW 4th Street, Moore, OK (35.3340768, -97.5046826)",OK,Accountable Care Models,2656,
Primary Care First Model Options,Hillsboro Clinic,"356 SE 9th Avenue Hillsboro, OR (45.519183, -122.975601)",OR,Accountable Care Models,2657,
Primary Care First Model Options,Legacy Medical Group Raleigh Hills,"8329 SW Beaverton Hillsdale Highway Portland, OR (45.486244, -122.762023)",OR,Accountable Care Models,2658,
Primary Care First Model Options,"OHSU Health Primary Care Clinic, South Hillsboro","7529 SE Tualatin Valley Highway Hillsboro, OR (45.497668, -122.904019)",OR,Accountable Care Models,2659,
Primary Care First Model Options,"OHSU Health Primary Care Clinic, Forest Grove","1825 Maple Street Forest Grove, OR (45.518021, -123.091228)",OR,Accountable Care Models,2660,
Primary Care First Model Options,OHSU Primary Care at Beaverton,"15700 SW Greystone Court Beaverton, OR (45.514465, -122.837919)",OR,Accountable Care Models,2661,
Primary Care First Model Options,OHSU Center for Women's Health,"808 SW Campus Drive Portland, OR (45.499077, -122.684755)",OR,Accountable Care Models,2662,
Primary Care First Model Options,River Road Medical Group,"890 River Road Eugene, OR (44.0764, -123.119948)",OR,Accountable Care Models,2663,
Primary Care First Model Options,Valley Med at the ten,"10 Coburg Rd, STE 201, Eugene, OR (44.0602298, -123.0855172)",OR,Accountable Care Models,2664,
Primary Care First Model Options,"Hillsboro Medical Center Primary Care Clinic, Orenco Station","6355 NE Cornell Road, Suite 100, Hillsboro, OR (45.534416002004605, -122.91475396739074)",OR,Accountable Care Models,2665,
Primary Care First Model Options,"White Oak Medical Clinic, LLC","340 Medical loop, Roseburg, OR (43.23990198468786, -123.3681059644409)",OR,Accountable Care Models,2666,
Primary Care First Model Options,OHSU Primary Care at Gabriel Park,"4411 S Vermont Street, Portland, OR (45.475858609863465, -122.67742030317049)",OR,Accountable Care Models,2667,
Primary Care First Model Options,Hillsboro Internal Medicine,"364 SE 8th Avenue, Suite 301, Hillsboro, OR (45.51902699541256, -122.97702698175657)",OR,Accountable Care Models,2668,
Primary Care First Model Options,OHSU Primary Care at Marquam Hill,"3270 SW Pavilion Loop, Suite 350, Portland, OR (45.50009071245867, -122.68558230386004)",OR,Accountable Care Models,2669,
Primary Care First Model Options,Physicians Medical Center,"2435 NE Cumulus Avenue, Suite A, McMinnville, OR (45.20173901934257, -123.17016497401994)",OR,Accountable Care Models,2670,
Primary Care First Model Options,Mountainview a part of AllCare Medical Group,"741 NE 6th Street, Grants Pass, OR (42.444712003900065, -123.32333402862928)",OR,Accountable Care Models,2671,
Primary Care First Model Options,OHSU Primary Care at South Waterfront,"3303 SW Bond Avenue, Portland, OR (45.499083358264436, -122.6708458347782)",OR,Accountable Care Models,2672,
Primary Care First Model Options,Northwest Primary Care - Sellwood,"6327 SE Milwaukie Avenue, Portland, OR (45.47697301743412, -122.6494529855668)",OR,Accountable Care Models,2673,
Primary Care First Model Options,Mountain View Medical Center - Forest Grove,"1909 Mountain View Lane, Suite 200, Forest Grove, OR (45.5190937, -123.0768886)",OR,Accountable Care Models,2674,
Primary Care First Model Options,Mountain View Medical Center,"4660 NE Belknap Ct., Suite 119, Hillsboro, OR (45.5303932, -122.9372689)",OR,Accountable Care Models,2675,
Primary Care First Model Options,"Grants Pass Clinic, LLP","495 SW Ramsey Avenue, Grants Pass, OR (42.42050498371037, -123.34015399373143)",OR,Accountable Care Models,2676,
Primary Care First Model Options,Redwood Family Practice,"1619 NW Hawthorne Ave, Suite 204, Grants Pass, OR (42.4577734, -123.329248)",OR,Accountable Care Models,2677,
Primary Care First Model Options,The Corvallis Clinic Asbury Building,"3680 NW Samaritan Drive, Corvallis, OR (44.60206501865855, -123.25496502372201)",OR,Accountable Care Models,2678,
Primary Care First Model Options,Northwest Primary Care - OC,"1511 Division Street, Suite 102, Oregon City, OR (45.357082004359484, -122.58873297022132)",OR,Accountable Care Models,2679,
Primary Care First Model Options,Northwest Primary Care - MFP,"3033 SE Monroe Street, Milwaukie, OR (45.445557015689815, -122.63105403754443)",OR,Accountable Care Models,2680,
Primary Care First Model Options,Broadway Medical Clinic,"4212 NE Broadway, Portland, OR (45.53487801250762, -122.62000601860694)",OR,Accountable Care Models,2681,
Primary Care First Model Options,The Corvallis Clinic at North Albany,"633 North Albany Road, Albany, OR (44.64319099422693, -123.1127999830585)",OR,Accountable Care Models,2682,
Primary Care First Model Options,The Corvallis Clinic Philomath Family Medicine,"500 Main St, Philomath, OR (44.5404046, -123.4001116)",OR,Accountable Care Models,2683,
Primary Care First Model Options,The Corvallis Clinic at Waverly Drive Albany,"1705 Waverly Drive SE, Albany, OR (44.62493001233085, -123.07188104049857)",OR,Accountable Care Models,2684,
Primary Care First Model Options,"Bay Clinic, LLP","1750 Thompson Road, Coos Bay, OR (43.38664698106547, -124.23455603617921)",OR,Accountable Care Models,2685,
Primary Care First Model Options,Rogue River Family Practice Clinic,"509 E Main Street, Rogue River, OR (42.432949008621705, -123.16358702404591)",OR,Accountable Care Models,2686,
Primary Care First Model Options,Northwest Primary Care - Happy Valley,"16144 SE Happy Valley Town Center, Bldg H Suite 101, Happy Valley, OR (45.427597991855635, -122.4976070143737)",OR,Accountable Care Models,2687,
Primary Care First Model Options,Legacy Medical Group-Emanuel,"2800 N Vancouver Avenue, Suite 230, Portland, OR (45.5434309903269, -122.66776702490998)",OR,Accountable Care Models,2688,
Primary Care First Model Options,"Angela Jones, MD, PC","1813 W Harvard Avenue, Suite 427, Roseburg, OR (43.212845997518315, -123.37086201802401)",OR,Accountable Care Models,2689,
Primary Care First Model Options,Legacy Medical Group-Good Samaritan,"1200 NW 23rd Avenue, Portland, OR (45.53146200977798, -122.69835502034908)",OR,Accountable Care Models,2690,
Primary Care First Model Options,Legacy Medical Group-Bridgeport,"18010 SW McEwan Rad, Lake Oswego, OR (45.392346012123085, -122.74769299791552)",OR,Accountable Care Models,2691,
Primary Care First Model Options,Legacy Medical Group-Broadway,"1600 NE Broadway, Portland, OR (45.53497276453266, -122.64937814682592)",OR,Accountable Care Models,2692,
Primary Care First Model Options,Legacy Medical Group-Canby,"1433 SE 1st Avenue, Canby, OR (45.26770698617571, -122.67735399430495)",OR,Accountable Care Models,2693,
Primary Care First Model Options,Legacy Medical Group-Cornell,"1960 NW 167th Place, Suite 100, Beaverton, OR (45.533903993449115, -122.84787803089614)",OR,Accountable Care Models,2694,
Primary Care First Model Options,Legacy Medical Group-Lake Oswego,"412 A Avenue, Suite 200, Lake Oswego, OR (45.419585982067304, -122.6683850226311)",OR,Accountable Care Models,2695,
Primary Care First Model Options,Legacy Medical Group-Mount Hood,"24988 SE Street Ark Street, Gresham, OR (45.50622000000004, -122.43530999999996)",OR,Accountable Care Models,2696,
Primary Care First Model Options,Legacy Medical Group-Northeast,"300 N Graham Street, Suite 200, Portland, OR (45.54258701649616, -122.66989099917463)",OR,Accountable Care Models,2697,
Primary Care First Model Options,Legacy Medical Group-Northwest,"1130 NW 22nd Avenue, Suite 220, Portland, OR (45.53106198344895, -122.69617497115217)",OR,Accountable Care Models,2698,
Primary Care First Model Options,Legacy Medical Group-Tualatin,"19875 SW 65th Avenue, Suite 100, Tualatin, OR (45.37632299837486, -122.74472999514302)",OR,Accountable Care Models,2699,
Primary Care First Model Options,Legacy Medical Group-Westside Internal Medicine,"2725 SW Cedar Hills Boulevard, Suite 250, Beaverton, OR (45.50034499051998, -122.80927098487004)",OR,Accountable Care Models,2700,
Primary Care First Model Options,J. Edwin Wood Clinic,"700 Spruce Street, Ste 304 Philadelphia, PA (39.945597, -75.153629)",PA,Accountable Care Models,2701,
Primary Care First Model Options,Frankford Avenue Family Practice,"8846 Frankford Avenue Philadelphia, PA (40.049809, -75.011139)",PA,Accountable Care Models,2702,
Primary Care First Model Options,Penn Family Medicine Pennsylvania Hospital,"700 Spruce Street Philadelphia, PA (39.945597, -75.153629)",PA,Accountable Care Models,2703,
Primary Care First Model Options,CHMG Family Medicine Broomall,"30 Lawrence Road, Ste 100, Broomall, PA (39.9753812, -75.3419316)",PA,Accountable Care Models,2704,
Primary Care First Model Options,CHMG Primary Care Eddystone,"1553 Chester Pike, Suite 101, Crum Lynne, PA (39.8665, -75.3455213)",PA,Accountable Care Models,2705,
Primary Care First Model Options,Plymouth Meeting Family Medicine,"4070 Butler Pike, Suite 200, Plymouth Meeting, PA (40.1061049, -75.2770835)",PA,Accountable Care Models,2706,
Primary Care First Model Options,Einstein Northern Division Medical Associates,"1300 W Tabor Rd, Paley Building First Floor, Philadelphia, PA (40.0367257, -75.145371)",PA,Accountable Care Models,2707,
Primary Care First Model Options,Einstein Geriatric Associates,"9880 Bustleton Avenue, Suite 214 Philadelphia, PA (40.095704, -75.030587)",PA,Accountable Care Models,2708,
Primary Care First Model Options,Pinnacle Physicians Group at Ashton Family Medicine & Wellness,"2981 Grant Avenue Philadelphia, PA (40.072624, -75.013799)",PA,Accountable Care Models,2709,
Primary Care First Model Options,Pinnacle Physicians Group /Division Dr. Murray Brand Associates,"7524 Frankford Avenue, Philadelphia, PA (40.03910801375244, -75.0352589856066)",PA,Accountable Care Models,2710,
Primary Care First Model Options,Woodhaven Family Medicine,"1336 Bristol Pike, Suite 103, Bensalem, PA (40.073869987425326, -74.96637097325473)",PA,Accountable Care Models,2711,
Primary Care First Model Options,CHMG Primary Care Media,"200 E State Street, Suite 100, Media, PA (39.9170100036622, -75.38516396441737)",PA,Accountable Care Models,2712,
Primary Care First Model Options,Oxford Circle Family Medicine,"5363 Oxford Avenue, Philadelphia, PA (40.02920999193063, -75.08489502364998)",PA,Accountable Care Models,2713,
Primary Care First Model Options,CHMG Primary Care Brinton Lake,"300 Evergreen Drive, Suite 310, Glen Mills, PA (39.88721300842576, -75.53155801050903)",PA,Accountable Care Models,2714,
Primary Care First Model Options,CHMG Primary Care Milmont Park,"818 MacDade Boulevard, Milmont Park, PA (39.88146373536719, -75.33879627532367)",PA,Accountable Care Models,2715,
Primary Care First Model Options,CHMG Primary Care Concordville,"145 Brinton Lake Road, Glen Mills, PA (39.8822100180584, -75.53450299218973)",PA,Accountable Care Models,2716,
Primary Care First Model Options,CHMG Internal Medicine Broomall,"30 Lawrence Road, Suite 500, Broomall, PA (39.9753849, -75.3417325)",PA,Accountable Care Models,2717,
Primary Care First Model Options,CHMG Primary Care Crozer,"1 Medical Center Boulevard, ACP Suite 532, Upland, PA (39.856015983901926, -75.36816898517691)",PA,Accountable Care Models,2718,
Primary Care First Model Options,CHMG Primary Care Glen Mills,"300 Evergreen Drive, Suite 150, Glen Mills, PA (39.88721300842576, -75.53155801050903)",PA,Accountable Care Models,2719,
Primary Care First Model Options,CHMG Geriatric Medicine Springfield,"100 West Sproul Road, Suite 221, Springfield, PA (39.92141699880426, -75.35052600100195)",PA,Accountable Care Models,2720,
Primary Care First Model Options,Anns Choice Medical Center,"1000 Anns Choice Way, Warminster, PA (40.200290423091246, -75.06983440985219)",PA,Accountable Care Models,2721,
Primary Care First Model Options,Maris Grove Medical Center,"100 Maris Grove Way, Glen Mills, PA (39.8789389803442, -75.52956697322874)",PA,Accountable Care Models,2722,
Primary Care First Model Options,CHMG Primary Care Springfield,"100 West Sproul Road, Healthplex Pavilion II Suite 120, Springfield, PA (39.92141699880426, -75.35052600100195)",PA,Accountable Care Models,2723,
Primary Care First Model Options,CHMG Center for Family Health Springfield,"1260 East Woodland Avenue, Springfield, PA (39.90897498554969, -75.33022402568265)",PA,Accountable Care Models,2724,
Primary Care First Model Options,CHMG Primary Care Havertown,"403 West Chester Pike, Havertown, PA (39.97035686154242, -75.30317163103075)",PA,Accountable Care Models,2725,
Primary Care First Model Options,Village at Newtown Medical Center,"11 Friends Lane, Suite 101, Newtown, PA (40.22809801168185, -74.91537103192665)",PA,Accountable Care Models,2726,
Primary Care First Model Options,Penn Medicine at Radnor Internal Medicine,"145 King of Prussia Road, Suite 205S, Radnor, PA (40.04001401366668, -75.35429701924059)",PA,Accountable Care Models,2727,
Primary Care First Model Options,Family Practice of Upper Dublin,"1244 Ft Washington Avenue, Suite E-2, Ft. Washington, PA (40.153636997637165, -75.19711797833308)",PA,Accountable Care Models,2728,
Primary Care First Model Options,Edward S Cooper General Internal Medicine,"3701 Market Street, 6th Floor, Philadelphia, PA (39.956849985735886, -75.19604903422112)",PA,Accountable Care Models,2729,
Primary Care First Model Options,Penn Center for Primary Care,"51 N 39th Street, MAB Suite 102, Philadelphia, PA (39.95886700691602, -75.19879796318654)",PA,Accountable Care Models,2730,
Primary Care First Model Options,Penn Family Care,"3737 Market Street, 9th Floor, Philadelphia, PA (39.95666513529211, -75.19733288547741)",PA,Accountable Care Models,2731,
Primary Care First Model Options,Penn Internal Medicine University City,"3701 Market Street, 7th Floor, Philadelphia, PA (39.956849985735886, -75.19604903422112)",PA,Accountable Care Models,2732,
Primary Care First Model Options,Ninth Street Internal Medicine Associates,"805 Locust Street, Philadelphia, PA (39.94710687833058, -75.15524366254941)",PA,Accountable Care Models,2733,
Primary Care First Model Options,Green and Seidner Family Practice Associates,"826 N Broad Street, Lansdale, PA (40.248340014483944, -75.27750302817556)",PA,Accountable Care Models,2734,
Primary Care First Model Options,Holland Medical Associates,"23 Bustleton Pike, Suite 200, Feasterville, PA (40.13549197937152, -75.00726401573385)",PA,Accountable Care Models,2735,
Primary Care First Model Options,"BuxMont Medical Associates, PC","847 Easton Road, Suite 2500, Warrington, PA (40.237650992459464, -75.13514503610094)",PA,Accountable Care Models,2736,
Primary Care First Model Options,Pedicino Primary Care Associates,"1650 Huntingdon Pike, Suite 315, Meadowbrook, PA (40.08455682348278, -75.09352904072163)",PA,Accountable Care Models,2737,
Primary Care First Model Options,Morrell Park Family Practice,"10101 Academy Road, Philadelphia, PA (40.079025989435166, -74.99753296142329)",PA,Accountable Care Models,2738,
Primary Care First Model Options,Holland Medical Associates,"910 2nd Street Pike, Richboro, PA (40.21163549767868, -75.0109546134585)",PA,Accountable Care Models,2739,
Primary Care First Model Options,James W Flanagan Family Practice,"201 Veterans Way, Warminster, PA (40.19681201325582, -75.0778539735255)",PA,Accountable Care Models,2740,
Primary Care First Model Options,Doylestown Health Primary Care Richboro,"95 Almshouse Road, Suite 202, Richboro, PA (40.21671500998397, -75.01388102537668)",PA,Accountable Care Models,2741,
Primary Care First Model Options,Tohickon Internal Medicine,"1456 Ferry Road, 400, Doylestown, PA (40.34002898276785, -75.15427295824246)",PA,Accountable Care Models,2742,
Primary Care First Model Options,Grand View Health Primary Care Hatfield,"2701 Cowpath Road, Hatfield, PA (40.282562989873156, -75.3036979843414)",PA,Accountable Care Models,2743,
Primary Care First Model Options,Grand View Health Primary Care Souderton,"3456 Bethlehem Pike, Floor 1, Souderton, PA (40.3157210025544, -75.3048140347492)",PA,Accountable Care Models,2744,
Primary Care First Model Options,Ritner Medical Associates,"1701 W Ritner Street, Philadelphia, PA (39.921449017674405, -75.17542795984792)",PA,Accountable Care Models,2745,
Primary Care First Model Options,"TriValley Primary Care, Lower Salford Office","682 Main Street, Harleysville, PA (40.287047757962384, -75.39765947709333)",PA,Accountable Care Models,2746,
Primary Care First Model Options,Kuhar Medical,"164 W Main Street, Silverdale, PA (40.34406201929974, -75.27458696406083)",PA,Accountable Care Models,2747,
Primary Care First Model Options,Central Bucks Family Practice,"252 West Swamp Road, Suite 41, Doylestown, PA (40.331852017125044, -75.13821499195798)",PA,Accountable Care Models,2748,
Primary Care First Model Options,"TriValley Primary Care, Pennridge Office","1105 Bethlehem Pike, Unite B3, Sellersville, PA (40.37632501235993, -75.31295495820835)",PA,Accountable Care Models,2749,
Primary Care First Model Options,"TriValley Primary Care, Upper Perkiomen Office","420 Pottstown Avenue, Pennsburg, PA (40.393899374999734, -75.50134602686927)",PA,Accountable Care Models,2750,
Primary Care First Model Options,"TriValley Primary Care, Franconia Office","211 Telford Pike, Telford, PA (40.31761431361193, -75.34436347151167)",PA,Accountable Care Models,2751,
Primary Care First Model Options,"TriValley Primary Care, Lansdale Office","1101 South Broad Street, Lansdale, PA (40.22581800828959, -75.29814002816478)",PA,Accountable Care Models,2752,
Primary Care First Model Options,"TriValley Primary Care, Western Bucks Office","5 Quakers Way, Quakertown, PA (40.4234590103959, -75.346022991159)",PA,Accountable Care Models,2753,
Primary Care First Model Options,"TriValley Primary Care, Indian Valley Office","777 Route 113, Souderton, PA (40.319789167924846, -75.30553340716641)",PA,Accountable Care Models,2754,
Primary Care First Model Options,"TriValley Primary Care, North Willow Grove Office","2701 Blair Mill Road, Suite 20, Willow Grove, PA (40.16499497935408, -75.13225696754282)",PA,Accountable Care Models,2755,
Primary Care First Model Options,Plumsteadville Family Practice,"PO Box 866, 5612 Easton Road, Plumsteadville, PA (40.37595998047664, -75.14636396204418)",PA,Accountable Care Models,2756,
Primary Care First Model Options,Chalfont Family Practice,"65 E Butler Avenue, Suite 201, New Britain, PA (40.30089898980265, -75.18177398256108)",PA,Accountable Care Models,2757,
Primary Care First Model Options,Doylestown Health Internal Medicine Farm Lane,"310 Farm Lane, Doylestown, PA (40.311312041625435, -75.11179306362561)",PA,Accountable Care Models,2758,
Primary Care First Model Options,LMG Family Practice,"1019 S Broad Street, Lansdale, PA (40.2273199717889, -75.29749367603905)",PA,Accountable Care Models,2759,
Primary Care First Model Options,Doylestown Health Internal Medicine Fountainville,"1456 Ferry Road, Suite 600, Fountainville, PA (40.34090401154984, -75.154049999618)",PA,Accountable Care Models,2760,
Primary Care First Model Options,Grand View Health Primary Care Quakertown,"99 North West End Boulevard, Suite 106, Quakertown, PA (40.44457246534708, -75.35880980745127)",PA,Accountable Care Models,2761,
Primary Care First Model Options,"Grand View Health Primary Care Chalfont, MD, PC","700 Horizon Circle, Suite 103, Chalfont, PA (40.25874300406255, -75.21469097361653)",PA,Accountable Care Models,2762,
Primary Care First Model Options,Grand View Health Primary Care Lederach,"658 Harleysville Pike, Suite 120, Harleysville, PA (40.26294200227733, -75.40519000748414)",PA,Accountable Care Models,2763,
Primary Care First Model Options,Grand View Health Primary Care Harleysville,"176 Main Street, Harleysville, PA (40.261888983781404, -75.36965098947736)",PA,Accountable Care Models,2764,
Primary Care First Model Options,Doylestown Health Primary Care Memorial Drive,"14 B Memorial Drive, Suite B, Doylestown, PA (40.3059104, -75.1454117)",PA,Accountable Care Models,2765,
Primary Care First Model Options,Doylestown Health Primary Care Buckingham,"4897 York Road, Buckingham, PA (40.32830999248117, -75.05483701594865)",PA,Accountable Care Models,2766,
Primary Care First Model Options,"Christine Meyer, MD and Associates 676","676 W Lincoln Highway, Exton, PA (40.02181557188202, -75.66275100035494)",PA,Accountable Care Models,2767,
Primary Care First Model Options,Street Road Medical Associates,"2938 Knights Road, Bensalem, PA (40.104680983398424, -74.95159895855542)",PA,Accountable Care Models,2768,
Primary Care First Model Options,"Robert A Davis Family Practice, PC","145 N Main Street, Suite 200, Dublin, PA (40.3741366, -75.208682)",PA,Accountable Care Models,2769,
Primary Care First Model Options,Burstein Medical Associates,"1718 Welsh Road, Suite A, Philadelphia, PA (40.08466600444385, -75.03910502187865)",PA,Accountable Care Models,2770,
Primary Care First Model Options,Pinnacle Physicians Group Stoltz and Hahn Division,"339 E Street Road, Feasterville Trevose, PA (40.14525535749361, -74.99300871425937)",PA,Accountable Care Models,2771,
Primary Care First Model Options,New Britain Family Practice,"952 Town Center, New Britain, PA (40.29796700007188, -75.1905749808953)",PA,Accountable Care Models,2772,
Primary Care First Model Options,"Radnor Family Practice, LLC","372 W Lancaster Avenue, Wayne, PA (40.0439450005274, -75.39798903064708)",PA,Accountable Care Models,2773,
Primary Care First Model Options,"Kenneth Sternberger, MD, PC","821 Huntingdon Pike, Suite 203, Huntingdon Valley, PA (40.089485012036505, -75.09283100957649)",PA,Accountable Care Models,2774,
Primary Care First Model Options,"Temple Physicians, Inc. - Temple NorthEast Internal Medicine","9892 Bustleton Avenue, Philadelphia, PA (40.0977259, -75.0334129)",PA,Accountable Care Models,2775,
Primary Care First Model Options,Wayland Medical Associates,"160 Wayland Avenue, Providence, RI (41.828430016445196, -71.3886400085821)",RI,Accountable Care Models,2776,
Primary Care First Model Options,"Medical Associates of RI, Inc.","1180 Hope Street, Bristol, RI (41.69528801073102, -71.27878896485957)",RI,Accountable Care Models,2777,
Primary Care First Model Options,Brown Medicine - Geriatrics,"375 Wampanoag Trail, Suite 102, East Providence, RI (41.79430598942298, -71.3499769714428)",RI,Accountable Care Models,2778,
Primary Care First Model Options,Anchor Medical Associates - Providence,"180 Corliss Street, Suite B, Providence, RI (41.842202735257565, -71.4119829757535)",RI,Accountable Care Models,2779,
Primary Care First Model Options,"David M Steigman, MD","235 Plain Street, Suite 306, Providence, RI (41.80908898441544, -71.41110996315773)",RI,Accountable Care Models,2780,
Primary Care First Model Options,Brown Health Medical Group Metacom Primary Care,"639 Metacom Avenue, Warren, RI (41.71559799076783, -71.26854401606533)",RI,Accountable Care Models,2781,
Primary Care First Model Options,Brown Health Medical Group Women's Medicine Collaborative,"146 West River Street, Suite 11D, Providence, RI (41.84375599112536, -71.4148079750197)",RI,Accountable Care Models,2782,
Primary Care First Model Options,Brown Medicine Internal Medicine - East Providence,"375 Wampanoag Trail, Suite 301, East Providence, RI (41.79430598942298, -71.3499769714428)",RI,Accountable Care Models,2783,
Primary Care First Model Options,Brown Medicine Internal Medicine - East Greenwich,"1454 South County Trail, East Greenwich, RI (41.65679101909362, -71.4962270164379)",RI,Accountable Care Models,2784,
Primary Care First Model Options,Brown Medicine Primary Care - East Providence,"375 Wampanoag Trail, Suite 201, East Providence, RI (41.79430598942298, -71.3499769714428)",RI,Accountable Care Models,2785,
Primary Care First Model Options,Brown Medicine Primary Care - Providence,"909 North Main Street, Providence, RI (41.845458984303036, -71.40551303113136)",RI,Accountable Care Models,2786,
Primary Care First Model Options,Brown Medicine Primary Care - Warwick,"43 Jefferson Boulevard, Warwick, RI (41.75190500065307, -71.43550197195053)",RI,Accountable Care Models,2787,
Primary Care First Model Options,Brown Health Medical Group Cranston Primary Care,"1500 Pontiac Avenue, Cranston, RI (41.741928985222216, -71.45843896617109)",RI,Accountable Care Models,2788,
Primary Care First Model Options,Brown Health Medical Group Newport County Primary Care,"850 Aquidneck Avenue, Middletown, RI (41.5113441, -71.2854518)",RI,Accountable Care Models,2789,
Primary Care First Model Options,"University Internal Medicine, Inc.","407 East Avenue, Suite 110, Pawtucket, RI (41.868005, -71.3904281)",RI,Accountable Care Models,2790,
Primary Care First Model Options,Brown Health Medical Group East Providence Family Medicine,"1445 Wampanoag Trail, Suite 205, East Providence, RI (41.77519198124074, -71.32793700850007)",RI,Accountable Care Models,2791,
Primary Care First Model Options,Brown Health Medical Group East Greenwich Primary Care,"598  South County Trail, Suite 201, East Greenwich, RI (41.634363627487716, -71.49380097499102)",RI,Accountable Care Models,2792,
Primary Care First Model Options,Brown Health Medical Group Narragansett Family Medicine,"360 Kingstown Road, Suite 200, Narragansett, RI (41.43351199637797, -71.48113498067536)",RI,Accountable Care Models,2793,
Primary Care First Model Options,Brown Health Medical Group Newport Primary Care,"850 Aquidneck Avenue, Middletown, RI (41.51085701375774, -71.28285896558448)",RI,Accountable Care Models,2794,
Primary Care First Model Options,Brown Health Medical Group East Providence Internal Medicine,"450 Veterans Memorial Parkway, Building 6, East Providence, RI (41.80701999543561, -71.38392300875108)",RI,Accountable Care Models,2795,
Primary Care First Model Options,Brown Health Medical Group Garden City Primary Care,"75 Sockanosset Cross Road, Suite 100, Cranston, RI (41.75416400737788, -71.45416796740804)",RI,Accountable Care Models,2796,
Primary Care First Model Options,Brown Health Medical Group Greenville Internal Medicine,"41 Sanderson Road, Suite 201, Smithfield, RI (41.865055999655766, -71.53297302850194)",RI,Accountable Care Models,2797,
Primary Care First Model Options,Brown Health Medical Group Hillside Family Medicine,"727 East Avenue, Pawtucket, RI (41.85804600448256, -71.39190501132603)",RI,Accountable Care Models,2798,
Primary Care First Model Options,Brown Health Medical Group Lincoln Primary Care,"6 Blackstone Valley Place, Suite 701, Lincoln, RI (41.93635598846541, -71.45582599167518)",RI,Accountable Care Models,2799,
Primary Care First Model Options,Brown Health Medical Group Wakefield Primary Care,"59 South County Commons Way, H3 second floor, Wakefield, RI (41.45613098119205, -71.47109698107052)",RI,Accountable Care Models,2800,
Primary Care First Model Options,"Womens Internal Medicine, Inc.","1672 South County Trail, Suite 303, East Greenwich, RI (41.65130200407063, -71.49564397125302)",RI,Accountable Care Models,2801,
Primary Care First Model Options,Brown Health Medical Group Warren Avenue Primary Care,"900 Warren Avenue, Suite 400, East Providence, RI (41.80857098279921, -71.34685102447256)",RI,Accountable Care Models,2802,
Primary Care First Model Options,Brown Health Medical Group Providence Edgewood Primary Care,"78 Baker Street, Suite 400, Providence, RI (41.79318901700583, -71.40013897391043)",RI,Accountable Care Models,2803,
Primary Care First Model Options,Anchor Medical Associates - Lincoln,"1 Commerce Street, Suite 200, Lincoln, RI (41.93751202055137, -71.45469502147971)",RI,Accountable Care Models,2804,
Primary Care First Model Options,Anchor Medical Associates - Warwick,"400 Bald Hill Road, Suite 520, Warwick, RI (41.72689298248238, -71.479251986127)",RI,Accountable Care Models,2805,
Primary Care First Model Options,Brown Health Medical Group Jamestown Primary Care,"20 Southwest Avenue, Jamestown, RI (41.49523000302503, -71.3758250006362)",RI,Accountable Care Models,2806,
Primary Care First Model Options,Brown Health Medical Group Tiverton Primary Care,"711 Main Road, Tiverton, RI (41.65508400260242, -71.19620802402319)",RI,Accountable Care Models,2807,
Primary Care First Model Options,Saint Thomas Medical Partners Hendersonville,"114 Saundersville Road Hendersonville, TN (36.326516, -86.593361)",TN,Accountable Care Models,2808,
Primary Care First Model Options,Saint Thomas Medical Partners New Salem,"2723 New Salem Highway Murfreesboro, TN (35.810444, -86.460556)",TN,Accountable Care Models,2809,
Primary Care First Model Options,St.Thomas Medical Group,"4230 Harding Pike, Ste 400 Nashville, TN (36.127648, -86.843689)",TN,Accountable Care Models,2810,
Primary Care First Model Options,"America's Family Doctors, PLLC","515 Stonecrest Parkway Smyrna, TN (35.976775, -86.562479)",TN,Accountable Care Models,2811,
Primary Care First Model Options,"America's Family Doctors, PLLC","5073 Columbia Pike Spring Hill, TN (35.766904, -86.919051)",TN,Accountable Care Models,2812,
Primary Care First Model Options,Gallatin Family Practice,"608 Commons Drive, Ste A Gallatin, TN (36.378494, -86.457435)",TN,Accountable Care Models,2813,
Primary Care First Model Options,Helton Family Medicine,"1034 N Highland Avenue Murfreesboro, TN (35.856884, -86.382043)",TN,Accountable Care Models,2814,
Primary Care First Model Options,Saint Thomas Medical Partners Mt. Juliet,"108 Providence Trail Mount Juliet, TN (36.167621, -86.503396)",TN,Accountable Care Models,2815,
Primary Care First Model Options,CovenantCare Practices Sango Office,"1000 Highway 76, Clarksville, TN (36.52312595472442, -87.2306346740127)",TN,Accountable Care Models,2816,
Primary Care First Model Options,CovenantCare Practices Hillcrest Office,"236 Uffelman Drive, Clarksville, TN (36.5171163, -87.3113277)",TN,Accountable Care Models,2817,
Primary Care First Model Options,CovenantCare Practices Erin Office,"21 Roby Drive, Erin, TN (36.31554899100007, -87.70815302045465)",TN,Accountable Care Models,2818,
Primary Care First Model Options,For Your Family Health,"1511 Donelson Parkway, Dover, TN (36.47943699102822, -87.88913599582814)",TN,Accountable Care Models,2819,
Primary Care First Model Options,"Primary Care Clinic, LLC","125 Cool Springs Boulevard, Suite 230, Franklin, TN (35.942230003859024, -86.83953899277353)",TN,Accountable Care Models,2820,
Primary Care First Model Options,Ascension Medical Group Saint Thomas Brentwood,"791 Old Hickory Boulevard, Brentwood, TN (36.03995599599553, -86.77970301675596)",TN,Accountable Care Models,2821,
Primary Care First Model Options,Ascension Medical Group Saint Thomas Franklin,"3301 Aspen Grove Drive, Suite 100, Franklin, TN (35.944052983980654, -86.82782796529486)",TN,Accountable Care Models,2822,
Primary Care First Model Options,Academic Internal Medicine,"979 East Third Street, Suite B-601, Chattanooga, TN (35.048191987466154, -85.2898939909832)",TN,Accountable Care Models,2823,
Primary Care First Model Options,Ascension Medical Group Saint Thomas Midtown,"300 20th Avenue North, Floors 7 8 9, Nashville, TN (36.15454201873138, -86.80149697084049)",TN,Accountable Care Models,2824,
Primary Care First Model Options,Family Medicine West,"220 Fort Sanders West Boulevard, Bldg 2 Suite 200, Knoxville, TN (35.899009739085734, -84.12160310010411)",TN,Accountable Care Models,2825,
Primary Care First Model Options,University of Tennessee Family Practice,"1100 East Third Street, Chattanooga, TN (35.046043999048905, -85.28810202390333)",TN,Accountable Care Models,2826,
Primary Care First Model Options,Erlanger East Brainerd Internal Medicine,"1720 Gunbarrel Road, Suite 110, Chattanooga, TN (35.02138900804398, -85.15914501862561)",TN,Accountable Care Models,2827,
Primary Care First Model Options,Ascension Medical Group Saint Thomas Lenox Village,"6130 Nolensville Pike, Nashville, TN (36.02330798563702, -86.71185603677847)",TN,Accountable Care Models,2828,
Primary Care First Model Options,Ascension Medical Group Saint Thomas Family Health Center West,"5201 Charlotte Pike, Nashville, TN (36.151522019017264, -86.85019901341302)",TN,Accountable Care Models,2829,
Primary Care First Model Options,Ascension Medical Group Saint Thomas UT Internal Medicine Center,"300 20TH Avenue North, Suite 601, Nashville, TN (36.15454201873138, -86.80149697084049)",TN,Accountable Care Models,2830,
Primary Care First Model Options,"Erickson Health Medical Group of Virginia, PC","21170 Ashby Ponds Boulevard Ashburn, VA (39.030356, -77.455523)",VA,Accountable Care Models,2831,
Primary Care First Model Options,"Erickson Health Medical Group of Virginia, PC","7440 Spring Village Drive Springfield, VA (38.767734, -77.202232)",VA,Accountable Care Models,2832,
Primary Care First Model Options,Primary Health Group Johnston Willis,"1471 Johnston Willis Drive Richmond, VA (37.509031, -77.594825)",VA,Accountable Care Models,2833,
Primary Care First Model Options,PHG Ironbridge,"12254 Branders Creek Drive Chester, VA (37.351031, -77.485696)",VA,Accountable Care Models,2834,
Primary Care First Model Options,LewisGale Physicians - Family Medicine Of Blacksburg,"1645 N Main St Blacksburg, VA (37.252649, -80.410963)",VA,Accountable Care Models,2835,
Primary Care First Model Options,Dublin Family Medicine,"4550 Lee Hwy, Ste B Dublin, VA (37.09833, -80.726752)",VA,Accountable Care Models,2836,
Primary Care First Model Options,"James River Internists, LLC","13440 Tredegar Lake Pkwy, Bldg 2 Midlothian, VA (37.458012, -77.651007)",VA,Accountable Care Models,2837,
Primary Care First Model Options,"Lewis-Gale Physicians, LLC","4615 Huntridge Road Roanoke, VA (37.321443, -79.873979)",VA,Accountable Care Models,2838,
Primary Care First Model Options,Retreat Internal Medicine,"110 North Robinson Street, Suite 400, Richmond, VA (37.553274, -77.4749218)",VA,Accountable Care Models,2839,
Primary Care First Model Options,Primary Health Group Chippenham,"500 Hioaks Rd, Ste B Richmond, VA (37.510032, -77.525038)",VA,Accountable Care Models,2840,
Primary Care First Model Options,Memorial Medical Center,"8200 Meadowbridge Road, MOB IV Suite 306, Mechanicsville, VA (37.6289531, -77.3867843)",VA,Accountable Care Models,2841,
Primary Care First Model Options,Patterson Avenue Family Practice,"9600 Patterson Avenue Richmond, VA (37.596137, -77.591745)",VA,Accountable Care Models,2842,
Primary Care First Model Options,Amelia Medical Associates,"885 Kempsville Road, Suite 320 Norkolk, VA (36.853421, -76.19327)",VA,Accountable Care Models,2843,
Primary Care First Model Options,Harbour View Family Practice,"5818-D Harbour View Boulevard, Suite 250 Suffolk, VA (36.869099, -76.443413)",VA,Accountable Care Models,2844,
Primary Care First Model Options,Oyster Point Family Practice,"704 Thimble shoals Boulevard Newport News, VA (37.085052, -76.47466)",VA,Accountable Care Models,2845,
Primary Care First Model Options,Bon Secours Western Branch Primary Care,"2613 Taylor Road, Suite 201, Chesapeake, VA (36.831012, -76.4155736)",VA,Accountable Care Models,2846,
Primary Care First Model Options,West End Internal Medicine,"7001 Forest Avenue Richmond, VA (37.602823, -77.525791)",VA,Accountable Care Models,2847,
Primary Care First Model Options,Ironbridge Family Practice,"11601 Ironbridge Road, Suite 117, Chester, VA (37.355805997436775, -77.49523801612446)",VA,Accountable Care Models,2848,
Primary Care First Model Options,Sentara Primary Care,"760 Town Center, Waynesboro, VA (38.05727498515381, -78.94377698141327)",VA,Accountable Care Models,2849,
Primary Care First Model Options,Lakeside Family Medicine,"124 Hollywood Avenue, Hot Springs, AR (34.4875011, -93.0400543)",AR,Accountable Care Models,2850,
Primary Care First Model Options,Glenwood Family Medicine,"248 HWY 70 E, Glenwood, AR (35.7921198, -88.6438507)",AR,Accountable Care Models,2851,
Primary Care First Model Options,MemorialCare Medical Group - Cypress,"4755 Katella Ave, Suite 102, Cypress, CA (33.8032973, -118.0526129)",CA,Accountable Care Models,2852,
Primary Care First Model Options,TUKHS- Corbin Park,"6501 W. 135th Street, Overland Park, KS (38.8822406, -94.6641306)",KS,Accountable Care Models,2853,
Primary Care First Model Options,Beaumont Primary Care- Livonia,"39000 W. Seven Mile Rd, Suite 4300, Livonia, MI (42.4281878, -83.4307476)",MI,Accountable Care Models,2854,
Primary Care First Model Options,Primary Care Partners,"4424 South 86th Street, Lincoln, NE (40.76832, -96.6055726)",NE,Accountable Care Models,2855,
Primary Care First Model Options,"EHPN - Harvey R. Gross, MD, PC","370 Grand Ave, Suite 102, Englewood, NJ (40.8810931, -73.9818076)",NJ,Accountable Care Models,2856,
Primary Care First Model Options,EHPN - Leonia Medical Associates,"25 Rockwood Place, Suite 120, Englewood, NJ (40.8796136, -73.9856842)",NJ,Accountable Care Models,2857,
Primary Care First Model Options,Brown Medicine Internal Medicine - Smithfield,"900 Douglas Pike, Suite A1, Smithfield, RI (41.909036, -71.518627)",RI,Accountable Care Models,2858,
Primary Care First Model Options,Brown Health Medical Group Warwick Primary Care,"501 Centerville Rd, Suite 101, Warwick, RI (41.6980224, -71.4801021)",RI,Accountable Care Models,2859,
Primary Care First Model Options,Washington Regional Plaza Internal Medicine,"3 East Appleby Road, Suite 302, Fayetteville, AR (36.1073159, -94.1599332)",AR,Accountable Care Models,2860,
Primary Care First Model Options,AMG Primary Care at Toms River,"1 RT 37 West, Suite 6, Toms River, NJ (39.9620141, -74.2063833)",NJ,Accountable Care Models,2861,
Primary Care First Model Options,Center for Healthy Aging,"33 South 9th Street, Suite 301, Philadelphia, PA (39.9503309, -75.1578438)",PA,Accountable Care Models,2862,
Primary Care First Model Options,UCHealth Primary Care - Elk Lakes,"2819 35th Avenue, Greeley, CO (40.3900306, -104.7381142)",CO,Accountable Care Models,2863,
Primary Care First Model Options,Sanford Horace Clinic,"7951 Jacks Way, Suite 128, Horace, ND (46.7708141, -96.9051946)",ND,Accountable Care Models,2864,
Primary Care First Model Options,Primary Care Partners,"1240 Aries Drive, Lincoln, NE (40.7366194, -96.7059617)",NE,Accountable Care Models,2865,
Primary Care First Model Options,Hunterdon Family Medicine at Hawk Pointe,"6 Clubhouse Drive, Suite 102, Washington, NJ (40.7409116, -74.9787659)",NJ,Accountable Care Models,2866,
Primary Care First Model Options,Hunterdon Medical Associate at Long Valley,"62 East Mill Road, Long Valley, NJ (40.7846867, -74.7733308)",NJ,Accountable Care Models,2867,
Primary Care First Model Options,UC Health Primary Care Freeman Center,"3120 Burnet Ave, Suite 401, Cincinnati, OH (39.1358614, -84.5030592)",OH,Accountable Care Models,2868,
Guiding an Improved Dementia Experience (GUIDE) Model,Acorn Medical Home PLLC,"1650 Texas Avenue Ste G, Bridge City, TX (30.031247, -93.83496)",TX,Accountable Care Models,2869,
Guiding an Improved Dementia Experience (GUIDE) Model,Adam C Perry MD PA,"1050 6th St S, Naples, FL (26.135328, -81.798507)",FL,Accountable Care Models,2870,
Guiding an Improved Dementia Experience (GUIDE) Model,ADVOCATE HEALTH AND HOSPITALS CORPORATION,"2025 WINDSOR DRIVE, Oak Brook, IL (41.849788, -87.925116)",IL,Accountable Care Models,2871,
Guiding an Improved Dementia Experience (GUIDE) Model,"Aging & In-Home Services of Northeast Indiana, Inc.","8101 W. Jefferson Blvd., Fort Wayne, IN (41.032656, -85.249457)",IN,Accountable Care Models,2872,
Guiding an Improved Dementia Experience (GUIDE) Model,Alice Peck Day Memorial Hospital,"10 Alice Peck Day Drive, Lebanon, NH (43.64085, -72.264053)",NH,Accountable Care Models,2873,
Guiding an Improved Dementia Experience (GUIDE) Model,"Alivia Care Solutions, Inc","4266 Sunbeam Road, Jacksonville, FL (30.204494, -81.605489)",FL,Accountable Care Models,2874,
Guiding an Improved Dementia Experience (GUIDE) Model,ALLEGHENY CLINIC,"120 Fifth Avenue, Suite 2900, Pittsburgh, PA (40.441907, -80.003435)",PA,Accountable Care Models,2875,
Guiding an Improved Dementia Experience (GUIDE) Model,Amazing Medical Associates Inc,"434 W Ascension Way, Suite #225, Murray, UT (40.656269, -111.903551)",UT,Accountable Care Models,2876,
Guiding an Improved Dementia Experience (GUIDE) Model,"Androscoggin Home Health Services, Inc.","15 Strawberry Avenue, Lewiston, ME (44.116241, -70.206741)",ME,Accountable Care Models,2877,
Guiding an Improved Dementia Experience (GUIDE) Model,Appalachian Hospice. LLC,"1346 Pat Haralson Dr, Blairsville, GA (34.883157, -83.976991)",GA,Accountable Care Models,2878,
Guiding an Improved Dementia Experience (GUIDE) Model,"Arcy Healthcare, LLC","700 Parker SQ STE 105, Flower Mound, TX (33.039297, -97.052079)",TX,Accountable Care Models,2879,
Guiding an Improved Dementia Experience (GUIDE) Model,"ARH Tug Valley Health Services, Inc.","2260 Executive Drive, Lexington, KY (38.044149, -84.42787)",KY,Accountable Care Models,2880,
Guiding an Improved Dementia Experience (GUIDE) Model,Arizona Supportive Care,"1510 East Flower Street, Phoenix, AZ (33.485887, -112.048947)",AZ,Accountable Care Models,2881,
Guiding an Improved Dementia Experience (GUIDE) Model,Arkansas Palliative Care Limited Liability Company,"14 Parkstone Circle, North Little Rock, AR (34.799942, -92.221413)",AR,Accountable Care Models,2882,
Guiding an Improved Dementia Experience (GUIDE) Model,"Arun Gupta, MD, PC","1094 N Monroe Street, Monroe, MI (41.930615, -83.389662)",MI,Accountable Care Models,2883,
Guiding an Improved Dementia Experience (GUIDE) Model,Atlantic Medical Group,"100 Madison Avenue, Morristown, NJ (40.789037, -74.465135)",NJ,Accountable Care Models,2884,
Guiding an Improved Dementia Experience (GUIDE) Model,"ATP Partners, PLLC","10175 Fortune Parkway, Suite 302, Jacksonville, FL (30.185935, -81.548897)",FL,Accountable Care Models,2885,
Guiding an Improved Dementia Experience (GUIDE) Model,"AURORA MEDICAL GROUP, INC","3000 W MONTANA ST, Milwaukee, WI (42.994328, -87.9523)",WI,Accountable Care Models,2886,
Guiding an Improved Dementia Experience (GUIDE) Model,"Austin Geriatric Specialists, PLLC","1108 Lavaca St #110-320, Austin, TX (30.27418, -97.743485)",TX,Accountable Care Models,2887,
Guiding an Improved Dementia Experience (GUIDE) Model,"Author Health Professionals, P.C.","47 High Street, #7, Medford, MA (42.418766, -71.111085)",MA,Accountable Care Models,2888,
Guiding an Improved Dementia Experience (GUIDE) Model,AuthoraCare Collective,"2500 Summit Ave, Greensboro, NC (36.107118, -79.764285)",NC,Accountable Care Models,2889,
Guiding an Improved Dementia Experience (GUIDE) Model,"Avail Health, A Professional Nursing Corporation","3122 Sugarberry Ct, Walnut Creek, CA (37.93378, -122.018674)",CA,Accountable Care Models,2890,
Guiding an Improved Dementia Experience (GUIDE) Model,Avalon Physician Services,"21800 Haggerty Rd Ste 113, Northville, MI (42.450007, -83.433067)",MI,Accountable Care Models,2891,
Guiding an Improved Dementia Experience (GUIDE) Model,Avenir Ventures LLC,"3854 American Way, Suite A, Baton Rouge, LA (30.416077, -91.054566)",LA,Accountable Care Models,2892,
Guiding an Improved Dementia Experience (GUIDE) Model,"Avocare Health Services, Inc.","6 Parklane Boulevard, Suite 525, Dearborn, MI (42.324478, -83.206663)",MI,Accountable Care Models,2893,
Guiding an Improved Dementia Experience (GUIDE) Model,"Avow Care Services, Inc.","1205 Whippoorwill Lane, Naples, FL (26.207534, -81.744348)",FL,Accountable Care Models,2894,
Guiding an Improved Dementia Experience (GUIDE) Model,Balance Health Plan,"21081 S. Western Av, Suite 250, Torrance, CA (33.838977, -118.309375)",CA,Accountable Care Models,2895,
Guiding an Improved Dementia Experience (GUIDE) Model,Banner Alzheimer's Institute,"901 E. Willetta St 3rd Floor, Phoenix, AZ (33.463109, -112.062002)",AZ,Accountable Care Models,2896,
Guiding an Improved Dementia Experience (GUIDE) Model,"Baptist AgeWell Physicians, Inc.","841 Prudential Drive, Jacksonville, FL (30.316635, -81.663306)",FL,Accountable Care Models,2897,
Guiding an Improved Dementia Experience (GUIDE) Model,Bay Aging,"PO Box 610, Urbanna, VA (37.635564, -76.591805)",VA,Accountable Care Models,2898,
Guiding an Improved Dementia Experience (GUIDE) Model,Bay Health Solutions,"5306 Old Virginia Street, Urbanna, VA (37.636549, -76.585008)",VA,Accountable Care Models,2899,
Guiding an Improved Dementia Experience (GUIDE) Model,"Baystate Medical Center, INc.","759 Chestnut St., Springfield, MA (42.121886, -72.602983)",MA,Accountable Care Models,2900,
Guiding an Improved Dementia Experience (GUIDE) Model,Betty C Ketchum Foundation,"987 East Main Street, Center Conway, NH (43.98625, -71.08145)",NH,Accountable Care Models,2901,
Guiding an Improved Dementia Experience (GUIDE) Model,"Bluestone Physician Services Florida, LLC","10150 Highland Manor Drive, Suite 240, Tampa, FL (27.983989, -82.332667)",FL,Accountable Care Models,2902,
Guiding an Improved Dementia Experience (GUIDE) Model,Bluestone Physician Services PA,"270 Main St N, Suite 300, Stillwater, MN (45.058252, -92.806997)",MN,Accountable Care Models,2903,
Guiding an Improved Dementia Experience (GUIDE) Model,Bluestone Physician Services Wisconsin S.C.,"342 N Water Street, Suite 600, Milwaukee, WI (43.034694, -87.908327)",WI,Accountable Care Models,2904,
Guiding an Improved Dementia Experience (GUIDE) Model,"Bocacare, Inc.","800 Meadows Road, Boca Raton, FL (26.358492, -80.103499)",FL,Accountable Care Models,2905,
Guiding an Improved Dementia Experience (GUIDE) Model,Brain Health Medical P.C.,"222 Broadway #2135, New York, NY (40.719277, -74.006475)",NY,Accountable Care Models,2906,
Guiding an Improved Dementia Experience (GUIDE) Model,Broadlawns Medical Center,"1801 Hickman Road, Des Moines, IA (41.616499, -93.642318)",IA,Accountable Care Models,2907,
Guiding an Improved Dementia Experience (GUIDE) Model,Brown Medicine - Geriatrics,"375 Wampanoag Trail Suite 102, East Providence, RI (41.794151, -71.350174)",RI,Accountable Care Models,2908,
Guiding an Improved Dementia Experience (GUIDE) Model,Burnet Hospice Care Inc,"18000 Studebaker Road, #110, Cerritos, CA (33.868469, -118.096894)",CA,Accountable Care Models,2909,
Guiding an Improved Dementia Experience (GUIDE) Model,Care ALLY NC PLLC,"271 Blackthorn Rd, Colbert, GA (33.98065, -83.144267)",GA,Accountable Care Models,2910,
Guiding an Improved Dementia Experience (GUIDE) Model,"Care Associates, LLC","3941 Houma Blvd, Metairie, LA (30.011736, -90.180736)",LA,Accountable Care Models,2911,
Guiding an Improved Dementia Experience (GUIDE) Model,Care Connect Medical P.C.,"7 Skyline Dr., Ste 250, Hawthorne, NY (41.090471, -73.813168)",NY,Accountable Care Models,2912,
Guiding an Improved Dementia Experience (GUIDE) Model,Care Dimensions LLC,"3401 W. Sunflower Ave, Santa Ana, CA (33.696143, -117.914327)",CA,Accountable Care Models,2913,
Guiding an Improved Dementia Experience (GUIDE) Model,"Care Dimensions, Inc.","75 Sylvan Street, Suite B-102, Danvers, MA (42.556899, -70.944714)",MA,Accountable Care Models,2914,
Guiding an Improved Dementia Experience (GUIDE) Model,Care Guide Partners Inc.,"6200 Dutchmans Lane, Louisville, KY (38.230655, -85.63811)",KY,Accountable Care Models,2915,
Guiding an Improved Dementia Experience (GUIDE) Model,Care Medical Practice PLLC,"888 7th Ave, 16th Floor, New York, NY (40.765127, -73.980608)",NY,Accountable Care Models,2916,
Guiding an Improved Dementia Experience (GUIDE) Model,Care Neurodegenerative Medical of New York PC,"191 Utter Ave, Staten Island, NY (40.61843, -74.120866)",NY,Accountable Care Models,2917,
Guiding an Improved Dementia Experience (GUIDE) Model,"CareAtHome Medical Practice (KY), P.S.C.","2333 Alexandria Drive, Suite 509, Lexington, KY (38.01873, -84.551224)",KY,Accountable Care Models,2918,
Guiding an Improved Dementia Experience (GUIDE) Model,"CareAtHome Medical Practice (MA), P.C.","75 Arlington Street, Suite 500, Boston, MA (42.350691, -71.070359)",MA,Accountable Care Models,2919,
Guiding an Improved Dementia Experience (GUIDE) Model,"CareAtHome Medical Practice NJ, P.C.","28 Valley Road, Montclair, NJ (40.815994, -74.221466)",NJ,Accountable Care Models,2920,
Guiding an Improved Dementia Experience (GUIDE) Model,"CareAtHome Medical Practice PA, P.C.","CareAtHome Medical Practice PA, P.C., Philadelphia, PA (40.001811, -75.11787)",PA,Accountable Care Models,2921,
Guiding an Improved Dementia Experience (GUIDE) Model,"CareAtHome Medical Practice, PC","169 Madison Ave, Suite 2817, New York, NY (40.746948, -73.983443)",NY,Accountable Care Models,2922,
Guiding an Improved Dementia Experience (GUIDE) Model,CareConnectMD Connecticut PC,"1266 E Main St., Stamford, CT (41.060219, -73.509716)",CT,Accountable Care Models,2923,
Guiding an Improved Dementia Experience (GUIDE) Model,CareConnectMD Florida PA,"10151 Deerwood Park Blvd., Ste 250, Jacksonville, FL (30.241368, -81.549113)",FL,Accountable Care Models,2924,
Guiding an Improved Dementia Experience (GUIDE) Model,CareConnectMD Georgia PC,"1230 Peachtree St. NE, 19th, Atlanta, GA (33.787965, -84.385841)",GA,Accountable Care Models,2925,
Guiding an Improved Dementia Experience (GUIDE) Model,CareConnectMD Michigan PC,"3200 Greenfield Rd., Ste 300, Dearborn, MI (42.30498, -83.185428)",MI,Accountable Care Models,2926,
Guiding an Improved Dementia Experience (GUIDE) Model,CareConnectMD North Carolina PC,"555 S Magnum St., Ste 100, Durham, NC (35.9907517316785, -78.9025965604706)",NC,Accountable Care Models,2927,
Guiding an Improved Dementia Experience (GUIDE) Model,CareConnectMD Ohio LLC,"20 S 3rd St., Ste. 210, Columbus, OH (39.962047, -82.99761)",OH,Accountable Care Models,2928,
Guiding an Improved Dementia Experience (GUIDE) Model,CareConnectMD South Carolina PC,"1240 Winnowing Way, Unit 102, Mt. Pleasant, SC (32.847273, -79.820563)",SC,Accountable Care Models,2929,
Guiding an Improved Dementia Experience (GUIDE) Model,CareConnectMD Tennessee PC,"6000 Poplar Ave., Ste 250, Memphis, TN (35.103097, -89.861459)",TN,Accountable Care Models,2930,
Guiding an Improved Dementia Experience (GUIDE) Model,CareConnectMD Texas PA,"7600 Chevy Chase Dr., Ste 300, Austin, TX (30.341, -97.704491)",TX,Accountable Care Models,2931,
Guiding an Improved Dementia Experience (GUIDE) Model,Careline Palliative Care PLLC,"801 Rosehill, Jackson, MI (42.275457, -84.388231)",MI,Accountable Care Models,2932,
Guiding an Improved Dementia Experience (GUIDE) Model,Careline PIN100 LLC,"600 E Carmel Drive Suite 144, Carmel, IN (39.963605, -86.115337)",IN,Accountable Care Models,2933,
Guiding an Improved Dementia Experience (GUIDE) Model,Careline POH100 LLC,"3550 Briarfield Blvd Suite 300, Maumee, OH (41.575849, -83.694633)",OH,Accountable Care Models,2934,
Guiding an Improved Dementia Experience (GUIDE) Model,CareND Provider Group of Kansas PA,"12022 Blue Valley Parkway Suite 514, PMB 514, Overland Park, KS (38.910053, -94.673219)",KS,Accountable Care Models,2935,
Guiding an Improved Dementia Experience (GUIDE) Model,CareND Provider Group of New Jersey PC,"101 Eisenhower Parkway, Suite 300, #3146, Roseland, NJ (40.827807, -74.320974)",NJ,Accountable Care Models,2936,
Guiding an Improved Dementia Experience (GUIDE) Model,CareND Provider Group PA,"3752 N Sheffield Unit 3S, Chicago, IL (41.950656, -87.654784)",IL,Accountable Care Models,2937,
Guiding an Improved Dementia Experience (GUIDE) Model,"CaringAtHome, LLC","251 Little Falls Drive, Wilmington, DE (39.76117, -75.623022)",DE,Accountable Care Models,2938,
Guiding an Improved Dementia Experience (GUIDE) Model,"Carolina Caring, Inc","3975 Robinson Road, Newton, NC (35.643876, -81.289759)",NC,Accountable Care Models,2939,
Guiding an Improved Dementia Experience (GUIDE) Model,"CAROLINAS PHYSICIANS NETWORK, INC.","1111 METROPOLITAN AVENUE STE 600, Charlotte, NC (35.21244, -80.835393)",NC,Accountable Care Models,2940,
Guiding an Improved Dementia Experience (GUIDE) Model,"Cedar Valley Hospice, Inc.","900 Tower Park Drive, Waterloo, IA (42.457206, -92.373879)",IA,Accountable Care Models,2941,
Guiding an Improved Dementia Experience (GUIDE) Model,Cedars Sinai,"8700 Beverly BLVD, Los Angeles, CA (34.076549, -118.380017)",CA,Accountable Care Models,2942,
Guiding an Improved Dementia Experience (GUIDE) Model,Center for Comprehensive Palliative Care,"1528 SW 1st Ave., Ocala, FL (29.173518, -82.138022)",FL,Accountable Care Models,2943,
Guiding an Improved Dementia Experience (GUIDE) Model,Centre HomeCare Inc,"2437 Commercial Blvd Suite 280, State College, PA (40.826109, -77.810419)",PA,Accountable Care Models,2944,
Guiding an Improved Dementia Experience (GUIDE) Model,"Ceresti Health, Inc.","2888 Loker Ave E, Suite 100, Carlsbad, CA (33.130686, -117.247601)",CA,Accountable Care Models,2945,
Guiding an Improved Dementia Experience (GUIDE) Model,CFH Centers for Family Health,"147 Brent Street, Ventura, CA (34.274594, -119.258136)",CA,Accountable Care Models,2946,
Guiding an Improved Dementia Experience (GUIDE) Model,"CH MSSP Services MI, PLLC","5750 Johnston St, Suite 205, Lafayette, LA (30.174328, -92.079778)",LA,Accountable Care Models,2947,
Guiding an Improved Dementia Experience (GUIDE) Model,"CH Specialty Services CA, P.C.","5750 Johnston St, Suite 205, Lafayette, LA (30.174328, -92.079778)",LA,Accountable Care Models,2948,
Guiding an Improved Dementia Experience (GUIDE) Model,"CH Specialty Services KS, LLC","5750 Johnston St, Suite 205, Lafayette, LA, (30.174328, -92.079778)",LA,Accountable Care Models,2949,
Guiding an Improved Dementia Experience (GUIDE) Model,Chinese American Service League,"2141 S Tan Court, Chicago, IL (41.854465, -87.635427)",IL,Accountable Care Models,2950,
Guiding an Improved Dementia Experience (GUIDE) Model,"Christiana Care Health Services, Inc.","P.O. Box 1668, Wilmington, DE (39.727113, -75.547844)",DE,Accountable Care Models,2951,
Guiding an Improved Dementia Experience (GUIDE) Model,City and County of San Francisco,"1001 Potrero Ave, San Francisco, CA (37.755383, -122.40539)",CA,Accountable Care Models,2952,
Guiding an Improved Dementia Experience (GUIDE) Model,Clinical Care Consultants LLC,"7652 Sawmill Rd Suite 321, Dublin, OH (40.122091, -83.088522)",OH,Accountable Care Models,2953,
Guiding an Improved Dementia Experience (GUIDE) Model,"Cognitive Health Centers, LLC","950 S. Tamiami Trail, Suite 210, Sarasota, FL (27.326262, -82.530194)",FL,Accountable Care Models,2954,
Guiding an Improved Dementia Experience (GUIDE) Model,Collabria Care,"414 S Jefferson St, Napa, CA (38.284112, -122.293248)",CA,Accountable Care Models,2955,
Guiding an Improved Dementia Experience (GUIDE) Model,COLLIN LIU MD INC.,"11120 E OCEAN AIR DR STE B101-88, San Diego, CA (32.920871, -117.217281)",CA,Accountable Care Models,2956,
Guiding an Improved Dementia Experience (GUIDE) Model,Columbia University,"710 W. 168th St, New York, NY (40.842283, -73.943064)",NY,Accountable Care Models,2957,
Guiding an Improved Dementia Experience (GUIDE) Model,Community Nursing Service of Clinton County,"124 Woodward Avenue, Lock Haven, PA (41.145148, -77.422967)",PA,Accountable Care Models,2958,
Guiding an Improved Dementia Experience (GUIDE) Model,County of Riverside,"26520 Cactus Ave, Moreno Valley, CA (33.91202, -117.19588)",CA,Accountable Care Models,2959,
Guiding an Improved Dementia Experience (GUIDE) Model,Crystal Run Healthcare Physicians Llp,"155 Crystal Run Rd, Middletown, NY (41.452334, -74.357041)",NY,Accountable Care Models,2960,
Guiding an Improved Dementia Experience (GUIDE) Model,"Curana Health Medical Group, PLLC","5750 Johnston St, Suite 205, Lafayette, LA (30.174328, -92.079778)",LA,Accountable Care Models,2961,
Guiding an Improved Dementia Experience (GUIDE) Model,"Curana Health of Alabama, LLC","5750 Johnston St, Suite 205, Lafayette, LA (30.174328, -92.079778)",LA,Accountable Care Models,2962,
Guiding an Improved Dementia Experience (GUIDE) Model,"Curana Health of Arizona, LLC","5750 Johnston St, Suite 205, Lafayette, LA (30.174328, -92.079778)",LA,Accountable Care Models,2963,
Guiding an Improved Dementia Experience (GUIDE) Model,"Curana Health of Arkansas, LLC","5750 Johnston St, Suite 205, Lafayette, LA (30.174328, -92.079778)",LA,Accountable Care Models,2964,
Guiding an Improved Dementia Experience (GUIDE) Model,"Curana Health of Florida, LLC","5750 Johnston St, Suite 205, Lafayette, LA (30.174328, -92.079778)",LA,Accountable Care Models,2965,
Guiding an Improved Dementia Experience (GUIDE) Model,"Curana Health of Georgia, LLC","5750 Johnston St, Suite 205, Lafayette, LA (30.174328, -92.079778)",LA,Accountable Care Models,2966,
Guiding an Improved Dementia Experience (GUIDE) Model,"Curana Health of Illinois, P.C.","5750 Johnston St, Suite 205, Lafayette, LA (30.174328, -92.079778)",LA,Accountable Care Models,2967,
Guiding an Improved Dementia Experience (GUIDE) Model,"Curana Health of Indiana, LLC","5750 Johnston St, Suite 205, Lafayette, LA (30.174328, -92.079778)",LA,Accountable Care Models,2968,
Guiding an Improved Dementia Experience (GUIDE) Model,"Curana Health of Iowa, PLLC","5750 Johnston St, Suite 205, Lafayette, LA (30.174328, -92.079778)",LA,Accountable Care Models,2969,
Guiding an Improved Dementia Experience (GUIDE) Model,"Curana Health of Kentucky, LLC","5750 Johnston St, Suite 205, Lafayette, LA (30.174328, -92.079778)",LA,Accountable Care Models,2970,
Guiding an Improved Dementia Experience (GUIDE) Model,"Curana Health of Louisiana, LLC","5750 Johnston St, Suite 205, Lafayette, LA (30.174328, -92.079778)",LA,Accountable Care Models,2971,
Guiding an Improved Dementia Experience (GUIDE) Model,"Curana Health of Massachusetts, LLC","5750 Johnston St, Suite 205, Lafayette, LA (30.174328, -92.079778)",LA,Accountable Care Models,2972,
Guiding an Improved Dementia Experience (GUIDE) Model,"Curana Health of Minnesota, PLLC","5750 Johnston St, Suite 205, Lafayette, LA (30.174328, -92.079778)",LA,Accountable Care Models,2973,
Guiding an Improved Dementia Experience (GUIDE) Model,"Curana Health of Mississippi, LLC","5750 Johnston St, Suite 205, Lafayette, LA (30.174328, -92.079778)",LA,Accountable Care Models,2974,
Guiding an Improved Dementia Experience (GUIDE) Model,"Curana Health of Missouri-Kansas, LLC","5750 Johnston St, Suite 205, Lafayette, LA (30.174328, -92.079778)",LA,Accountable Care Models,2975,
Guiding an Improved Dementia Experience (GUIDE) Model,"Curana Health of Nevada (Requeijo-Gamboa), PLLC","5750 Johnston St, Suite 205, Lafayette, LA (30.174328, -92.079778)",LA,Accountable Care Models,2976,
Guiding an Improved Dementia Experience (GUIDE) Model,"Curana Health of New Mexico, LLC","5750 Johnston St, Suite 205, Lafayette, LA (30.174328, -92.079778)",LA,Accountable Care Models,2977,
Guiding an Improved Dementia Experience (GUIDE) Model,"Curana Health of North Carolina, PLLC","5750 Johnston St, Suite 205, Lafayette, LA (30.174328, -92.079778)",LA,Accountable Care Models,2978,
Guiding an Improved Dementia Experience (GUIDE) Model,"Curana Health of Ohio, LLC","5750 Johnston St, Suite 205, Lafayette, LA (30.174328, -92.079778)",LA,Accountable Care Models,2979,
Guiding an Improved Dementia Experience (GUIDE) Model,Curana Health of Pennsylvania P.C.,"5750 Johnston St, Suite 205, Lafayette, LA (30.174328, -92.079778)",LA,Accountable Care Models,2980,
Guiding an Improved Dementia Experience (GUIDE) Model,"Curana Health of South Carolina, P.C.","5750 Johnston St, Suite 205, Lafayette, LA (30.174328, -92.079778)",LA,Accountable Care Models,2981,
Guiding an Improved Dementia Experience (GUIDE) Model,"Curana Health of Tennessee, LLC","5750 Johnston St, Suite 205, Lafayette, LA (30.174328, -92.079778)",LA,Accountable Care Models,2982,
Guiding an Improved Dementia Experience (GUIDE) Model,"Curana Health of Virginia, LLC","5750 Johnston St, Suite 205, Lafayette, LA (30.174328, -92.079778)",LA,Accountable Care Models,2983,
Guiding an Improved Dementia Experience (GUIDE) Model,"Curana Health of West Virginia, LLC","5750 Johnston St, Suite 205, Lafayette, LA (30.174328, -92.079778)",LA,Accountable Care Models,2984,
Guiding an Improved Dementia Experience (GUIDE) Model,"Curana Health of Wisconsin, Inc.","5750 Johnston St, Suite 205, Lafayette, LA (30.174328, -92.079778)",LA,Accountable Care Models,2985,
Guiding an Improved Dementia Experience (GUIDE) Model,Delaware Hospice Inc,"630 Churchmans Road, Suite 200, Newark, DE (39.687281, -75.633608)",DE,Accountable Care Models,2986,
Guiding an Improved Dementia Experience (GUIDE) Model,Dementia Care FL PLLC,"7335 Winding Lake Circle, Oviedo, FL (28.643045, -81.251535)",FL,Accountable Care Models,2987,
Guiding an Improved Dementia Experience (GUIDE) Model,Dementia Care Texas PLLC,"23 Wood Manor Place, The Woodlands, TX (30.189987, -95.4697)",TX,Accountable Care Models,2988,
Guiding an Improved Dementia Experience (GUIDE) Model,"Dent Neurologic Group, LLP","3980 Sheridan Dr., Amherst, NY (42.979706, -78.787203)",NY,Accountable Care Models,2989,
Guiding an Improved Dementia Experience (GUIDE) Model,Determined Medical Inc.,"3415 S Sepulveda Blvd Suite 1000, Los Angeles, CA (34.02055, -118.42347)",CA,Accountable Care Models,2990,
Guiding an Improved Dementia Experience (GUIDE) Model,Dzung Trinh MD Inc,"1090 E Kelso Ave, Fresno, CA (36.864519, -119.764251)",CA,Accountable Care Models,2991,
Guiding an Improved Dementia Experience (GUIDE) Model,"Elizabeth Ferluga, M.D., P.C.","548 Market St #47606, San Francisco, CA (37.790057, -122.400783)",CA,Accountable Care Models,2992,
Guiding an Improved Dementia Experience (GUIDE) Model,"Empire State Medical Treatment, PLLC","912 3rd St NE, Washington, DC (38.901748, -77.002283)",DC,Accountable Care Models,2993,
Guiding an Improved Dementia Experience (GUIDE) Model,"EmpowerMe Medical Group, P.C.","1335 Strassner Dr, Brentwood, MO (38.62301356058568, -90.33903466037862)",MO,Accountable Care Models,2994,
Guiding an Improved Dementia Experience (GUIDE) Model,Erlanger Health,"975 East Third Street, Chattanooga, TN (35.048719, -85.290431)",TN,Accountable Care Models,2995,
Guiding an Improved Dementia Experience (GUIDE) Model,"EVMS Academic Physicians and Surgeons Health Services Foundation, Inc.","4111 Monarch Way, Suite 500, Norfolk, VA (36.88245, -76.300524)",VA,Accountable Care Models,2996,
Guiding an Improved Dementia Experience (GUIDE) Model,"Excel Medical Center, LLC","7515 Stenton Ave, Phildelphia, PA (40.061097, -75.167842)",PA,Accountable Care Models,2997,
Guiding an Improved Dementia Experience (GUIDE) Model,Faculty Physicians And Surgeons of LLUSM,"11175 Campus St. Room 11120, Loma Linda, CA (34.050698, -117.265557)",CA,Accountable Care Models,2998,
Guiding an Improved Dementia Experience (GUIDE) Model,FIVE STAR HOME HEALTH CARE LLC,"14900 Bogle Dr Ste 310, Chantilly, VA (38.894828, -77.461452)",VA,Accountable Care Models,2999,
Guiding an Improved Dementia Experience (GUIDE) Model,"FLORIDA HOSPITAL MEDICAL GROUP, INC.","2600 Westhall Lane, 4th Floor, Maitland, FL (28.63656, -81.39576)",FL,Accountable Care Models,3000,
Guiding an Improved Dementia Experience (GUIDE) Model,GamePlan Medical,"1 Big Barn Road, Cranbury, NJ (40.31772, -74.515542)",NJ,Accountable Care Models,3001,
Guiding an Improved Dementia Experience (GUIDE) Model,Gilchrist Hospice Care Inc,"11311 MCCORMICK RD, STE 350, Hunt Valley, MD (39.492926, -76.657082)",MD,Accountable Care Models,3002,
Guiding an Improved Dementia Experience (GUIDE) Model,"GN Medical Associates, Inc.","3090 Bristol St., Ste. 200, Costa Mesa, CA (33.684965, -117.884609)",CA,Accountable Care Models,3003,
Guiding an Improved Dementia Experience (GUIDE) Model,"Grab Healthcare, LLC","406 W South Jordan Parkway, Salt Lake City, UT (40.55965, -111.90463)",UT,Accountable Care Models,3004,
Guiding an Improved Dementia Experience (GUIDE) Model,Grady Health System,"80 Jesse Hill , Jr. Drive, SE, Atlanta, GA (33.751682, -84.381986)",GA,Accountable Care Models,3005,
Guiding an Improved Dementia Experience (GUIDE) Model,"Guide Medical Group, Inc.","901 N Glebe Road, Suite 500, Arlington, VA (38.88159, -77.115253)",VA,Accountable Care Models,3006,
Guiding an Improved Dementia Experience (GUIDE) Model,GUIDEWAY HEALTH PLLC,"20 Anchorage Pointe, Louisville, KY (38.263469, -85.527954)",KY,Accountable Care Models,3007,
Guiding an Improved Dementia Experience (GUIDE) Model,"Harmonic Health Medical Group, P.A.","115 North Calhoun St., Ste 4, Tallahassee, FL (30.442945, -84.279356)",FL,Accountable Care Models,3008,
Guiding an Improved Dementia Experience (GUIDE) Model,"Harmonic Medical Group of Arizona, P.C.","8825 N. 23rd Ave. Ste. 100, Phoenix, AZ (33.565301, -112.107656)",AZ,Accountable Care Models,3009,
Guiding an Improved Dementia Experience (GUIDE) Model,"Harmonic Medical Group of Delaware, P.A.","108 Lakeland Ave., Dover, DE (39.129526, -75.516816)",DE,Accountable Care Models,3010,
Guiding an Improved Dementia Experience (GUIDE) Model,Harmonic Medical Group of Illinois S.C.,"1315 W. Lawrence Ave., Springfield, IL (39.794305, -89.67527)",IL,Accountable Care Models,3011,
Guiding an Improved Dementia Experience (GUIDE) Model,"Harmonic Medical Group of Indiana, P.C.","150 W. Market Street Suite 400, Indianapolis, IN (39.768986, -86.16137)",IN,Accountable Care Models,3012,
Guiding an Improved Dementia Experience (GUIDE) Model,Harmonic Medical Group of Iowa P.C.,"119 S Main Street, St. Charles, MO (38.780707, -90.481963)",MO,Accountable Care Models,3013,
Guiding an Improved Dementia Experience (GUIDE) Model,"Harmonic Medical Group of Kentucky, P.S.C.","828 Lane Allen Rd. Ste. 219, Lexington, KY (38.02936, -84.541301)",KY,Accountable Care Models,3014,
Guiding an Improved Dementia Experience (GUIDE) Model,"Harmonic Medical Group of Louisiana, Professional Corporation","8550 United Plz. Bldg. II, Ste. 305, Baton Rouge, LA (30.4118, -91.096797)",LA,Accountable Care Models,3015,
Guiding an Improved Dementia Experience (GUIDE) Model,"Harmonic Medical Group of Massachusetts, P.C.","1157 Tucker Road, Dartmouth, MA (41.62720982445894, -70.97931636026689)",MA,Accountable Care Models,3016,
Guiding an Improved Dementia Experience (GUIDE) Model,"Harmonic Medical Group of Michigan, P.C","186 N. Main St. 2nd Floor, Ste. 1, Plymouth, MI (42.37392, -83.46558)",MI,Accountable Care Models,3017,
Guiding an Improved Dementia Experience (GUIDE) Model,"Harmonic Medical Group of Minnesota, P.C.","1605 30th Ave. So. Ste. A, Moorhead, MN (46.843718, -96.753694)",MN,Accountable Care Models,3018,
Guiding an Improved Dementia Experience (GUIDE) Model,"Harmonic Medical Group of Missouri, P.C.","222 E. Dunklin St. Ste. 102, Jefferson City, MO (38.571312, -92.175087)",MO,Accountable Care Models,3019,
Guiding an Improved Dementia Experience (GUIDE) Model,"Harmonic Medical Group of Nevada - Mohseni, P.C.","716 N. Carson St., #B, Carson City, NV (39.168332, -119.767425)",NV,Accountable Care Models,3020,
Guiding an Improved Dementia Experience (GUIDE) Model,"Harmonic Medical Group of New Jersey, P.C.","316 Berrhill Dr., Williamstown, NJ (39.356109, -74.571112)",NJ,Accountable Care Models,3021,
Guiding an Improved Dementia Experience (GUIDE) Model,"Harmonic Medical Group of North Carolina, P.C.","176 Mine Lake Ct. Ste. 100, Raleigh, NC (35.876412, -78.643105)",NC,Accountable Care Models,3022,
Guiding an Improved Dementia Experience (GUIDE) Model,"Harmonic Medical Group of Northern California, P.C.","455 Capitol Mall Complex Ste. 217, Sacramento, CA (38.579355, -121.501895)",CA,Accountable Care Models,3023,
Guiding an Improved Dementia Experience (GUIDE) Model,Harmonic Medical Group of South California PC,"455 Capitol Mall Complex Suite 217, St. Charles, MO (38.810598, -90.529323)",MO,Accountable Care Models,3024,
Guiding an Improved Dementia Experience (GUIDE) Model,"Harmonic Medical Group of Tennessee, P.C.","992 Davidson Dr., Ste. B, Nashville, TN (36.12842, -86.90253)",TN,Accountable Care Models,3025,
Guiding an Improved Dementia Experience (GUIDE) Model,"Harmonic Medical Group of Texas, P.C.","1501 S. Mopac Expy., Ste. 220, Austin, TX (30.261484, -97.791187)",TX,Accountable Care Models,3026,
Guiding an Improved Dementia Experience (GUIDE) Model,Harmony at Home Provider Services LLC,"1504 Santa Rosa Rd Suite 114, Henrico, VA (37.602526, -77.548911)",VA,Accountable Care Models,3027,
Guiding an Improved Dementia Experience (GUIDE) Model,"Healing Hands Healthcare, llc","901 Indiana Ave, Ste 665, Wichita Falls, TX (33.911743, -98.490106)",TX,Accountable Care Models,3028,
Guiding an Improved Dementia Experience (GUIDE) Model,Heart to Heart Social Adult Services LLC,"209 Empire Boulevard, Brooklyn, NY (40.663813, -73.954929)",NY,Accountable Care Models,3029,
Guiding an Improved Dementia Experience (GUIDE) Model,HEARTS FOR DEMENTIA LLC,"9375 E. Shea Blvd STE 100, Scottsdale, AZ (33.580944, -111.878841)",AZ,Accountable Care Models,3030,
Guiding an Improved Dementia Experience (GUIDE) Model,HEBREW REHABILITATION CENTER,"1200 Centre Street, Roslindale, MA (42.29669, -71.130735)",MA,Accountable Care Models,3031,
Guiding an Improved Dementia Experience (GUIDE) Model,HMH Hospitals Corporation,"343 Thornall Street, Edison, NJ (40.560631, -74.335713)",NJ,Accountable Care Models,3032,
Guiding an Improved Dementia Experience (GUIDE) Model,HOMAHA Senior Care,"4908 Cass St, Omaha, NE (41.263378, -95.988669)",NE,Accountable Care Models,3033,
Guiding an Improved Dementia Experience (GUIDE) Model,"Homedica of Louisiana, LLC","10615 Jefferson Highway, Baton Rouge, LA (30.408945, -91.065017)",LA,Accountable Care Models,3034,
Guiding an Improved Dementia Experience (GUIDE) Model,Honest Home Health Care Services Inc,"4221 Wilshire Blvd Ste 170-16, Los Angeles, CA (34.06194, -118.32113)",CA,Accountable Care Models,3035,
Guiding an Improved Dementia Experience (GUIDE) Model,HopeWest,"3090 North 12th Street, Grand Junction, CO (39.09543, -108.55069)",CO,Accountable Care Models,3036,
Guiding an Improved Dementia Experience (GUIDE) Model,Hospice & Palliative Care Charlotte Region,"7845 Little Ave, Charlotte, NC (35.090359, -80.85138)",NC,Accountable Care Models,3037,
Guiding an Improved Dementia Experience (GUIDE) Model,Hospice & Palliative CareCenter,"101 Hospice Lane, Winston Salem, NC (36.062298, -80.293245)",NC,Accountable Care Models,3038,
Guiding an Improved Dementia Experience (GUIDE) Model,Hospice of the Chesapeake,"90 Ritchie Highway, Pasadena, MD (39.104224, -76.571293)",MD,Accountable Care Models,3039,
Guiding an Improved Dementia Experience (GUIDE) Model,Hospice of the Good Shepherd Inc.,"160 Wells Ave, Newton, MA (42.293476, -71.197858)",MA,Accountable Care Models,3040,
Guiding an Improved Dementia Experience (GUIDE) Model,"Hospice of the Piedmont, Inc.","1801 Westchester Drive, High Point, NC (35.942837, -80.032913)",NC,Accountable Care Models,3041,
Guiding an Improved Dementia Experience (GUIDE) Model,"Hospice of the Valley, Inc.","240 Johnston Street SE, Decatur, AL (34.603151, -86.98353)",AL,Accountable Care Models,3042,
Guiding an Improved Dementia Experience (GUIDE) Model,Hospice of Wake County,"250 Hospice Circle, Raleigh, NC (35.807332, -78.741573)",NC,Accountable Care Models,3043,
Guiding an Improved Dementia Experience (GUIDE) Model,HottoCare,"18 Bartol Street, #1325, San Francisco, CA (37.797909, -122.403312)",CA,Accountable Care Models,3044,
Guiding an Improved Dementia Experience (GUIDE) Model,HOUSE CALL DR. REGALADO PLLC,"1811 S. Rainbow Blvd. Ste 108, Las Vegas, NV (36.150932, -115.243928)",NV,Accountable Care Models,3045,
Guiding an Improved Dementia Experience (GUIDE) Model,House Call Medical Services of New York,"1371 Seabury Avenue, Bronx, NY (40.83716, -73.842729)",NY,Accountable Care Models,3046,
Guiding an Improved Dementia Experience (GUIDE) Model,"House Calls of New Mexico, LLC","2300 Warrenville Road, Suite 100, Downers Grove, IL (41.808804, -88.042057)",IL,Accountable Care Models,3047,
Guiding an Improved Dementia Experience (GUIDE) Model,HPA Medical Management LLC,"2300 Warrenville Road, Suite 100, Downers Grove, IL (41.808804, -88.042057)",IL,Accountable Care Models,3048,
Guiding an Improved Dementia Experience (GUIDE) Model,HUMANGOOD PENNSYLVANIA,"2000 Joshua Road, Lafayette Hills, PA (41.793674, -78.67975)",PA,Accountable Care Models,3049,
Guiding an Improved Dementia Experience (GUIDE) Model,HUMANGOOD SOCAL,"1900 Huntington Drive, Duarte, CA (34.139225, -117.963936)",CA,Accountable Care Models,3050,
Guiding an Improved Dementia Experience (GUIDE) Model,Icahn School of Medicine at Mount Sinai,"PO Box 28082, New York, NY (40.750422, -73.996328)",NY,Accountable Care Models,3051,
Guiding an Improved Dementia Experience (GUIDE) Model,"IHC Health Services, Inc","36 South State Street, Salt Lake City, UT (40.76842, -111.88861)",UT,Accountable Care Models,3052,
Guiding an Improved Dementia Experience (GUIDE) Model,Impactful Care LLC,"923 Haddonfield Road Suite 228, Cherry Hill, NJ (39.925004, -75.034915)",NJ,Accountable Care Models,3053,
Guiding an Improved Dementia Experience (GUIDE) Model,"Independent Care Medical, PLLC","33 Arch Street, FL 17, Boston, MA (42.356209, -71.058041)",MA,Accountable Care Models,3054,
Guiding an Improved Dementia Experience (GUIDE) Model,"Indiana University Healthcare Associates, Inc.","340 West 10th Street, FS5100, Indianapolis, IN (39.781566, -86.165173)",IN,Accountable Care Models,3055,
Guiding an Improved Dementia Experience (GUIDE) Model,InHome Connect of Fort Worth LLC,"7240 Chase Oaks Blvd, Plano, TX (33.072491, -96.691533)",TX,Accountable Care Models,3056,
Guiding an Improved Dementia Experience (GUIDE) Model,InHome Connect of Southwest Indiana LLC,"610 E Walnut St, Ste A, Evansville, IN (37.974363, -87.555741)",IN,Accountable Care Models,3057,
Guiding an Improved Dementia Experience (GUIDE) Model,Internal Medicine & Primary Care,"3411 Silverside Rd STE 102, Wilmington, DE (39.811115, -75.541112)",DE,Accountable Care Models,3058,
Guiding an Improved Dementia Experience (GUIDE) Model,Iona Senior Services,"4125 Albemarle Street NW, Washington, DC (38.948185, -77.081659)",DC,Accountable Care Models,3059,
Guiding an Improved Dementia Experience (GUIDE) Model,Isaac Health Florida Professional Association,"4530 S. Orange Blossom Trail #768, Orlando, FL (28.497388, -81.398713)",FL,Accountable Care Models,3060,
Guiding an Improved Dementia Experience (GUIDE) Model,Isaac Health PC,"1920 Hillhurst Ave #1195, Los Angeles, CA (34.10605, -118.28727)",CA,Accountable Care Models,3061,
Guiding an Improved Dementia Experience (GUIDE) Model,Isaac Health PC,"239 Old Bergen Rd #1010, Jersey City, NJ (40.697889, -74.092887)",NJ,Accountable Care Models,3062,
Guiding an Improved Dementia Experience (GUIDE) Model,"J.M. Geiss, D.O., APC","2592 N. Santiago Blvd, Orange, CA (33.831827, -117.834049)",CA,Accountable Care Models,3063,
Guiding an Improved Dementia Experience (GUIDE) Model,"Jewish Family Service Association of Cleveland, Ohio","29125 Chagrin Blvd, Pepper Pike, OH (41.462812, -81.473052)",OH,Accountable Care Models,3064,
Guiding an Improved Dementia Experience (GUIDE) Model,John Muir Physician Network,"1450 Treat Blvd., Walnut Creek, CA (37.926054, -122.052208)",CA,Accountable Care Models,3065,
Guiding an Improved Dementia Experience (GUIDE) Model,Johns Hopkins University School of Medicine,"3910 Keswick Road, Baltimore, MD (39.336402, -76.628632)",MD,Accountable Care Models,3066,
Guiding an Improved Dementia Experience (GUIDE) Model,"JVS Health, LLC","25 Romana Drive, Hampton Bays, NY (40.857247, -72.542746)",NY,Accountable Care Models,3067,
Guiding an Improved Dementia Experience (GUIDE) Model,"Kanawha Hospice Care, Inc.","1606 Kanawha Ave. W, Charleston, WV (38.357293, -81.74828)",WV,Accountable Care Models,3068,
Guiding an Improved Dementia Experience (GUIDE) Model,KNIGHT NEUROLOGY LLC,"211 Coral Sands Dr., Suite B, Rockledge, FL (28.340004, -80.726321)",FL,Accountable Care Models,3069,
Guiding an Improved Dementia Experience (GUIDE) Model,KNWM,"2209 Jefferson St. Ste 201, Alexandria, MN (45.86697, -95.37236)",MN,Accountable Care Models,3070,
Guiding an Improved Dementia Experience (GUIDE) Model,"LifeCare for Seniors, LLC","6 Office Park Circle, Suite 216, Mountain Brook, AL (33.479081, -86.769042)",AL,Accountable Care Models,3071,
Guiding an Improved Dementia Experience (GUIDE) Model,"Lifespark Medical Group, PA","5320 W 23rd St Suite #130, St Louis Park, MN (44.959982, -93.34951)",MN,Accountable Care Models,3072,
Guiding an Improved Dementia Experience (GUIDE) Model,"Lifetime Redesign OT, PLLC","80 State Street, Albany, NY (42.649381, -73.752488)",NY,Accountable Care Models,3073,
Guiding an Improved Dementia Experience (GUIDE) Model,Long term Care & Rehab Consultants,"4919 Charlestown Road, New Albany, IN (38.361788, -85.783543)",IN,Accountable Care Models,3074,
Guiding an Improved Dementia Experience (GUIDE) Model,Lowbush Company,"1388 Niles Rd, Summerland Key, FL (24.675771, -81.444617)",FL,Accountable Care Models,3075,
Guiding an Improved Dementia Experience (GUIDE) Model,Lower Cape Fear Hospice Incorporated,"1414 Physicians Drive, Wilmington, NC (34.197583, -77.92849)",NC,Accountable Care Models,3076,
Guiding an Improved Dementia Experience (GUIDE) Model,"LSU Health Sciences Center, Shreveport","1501 Kings Highway, Shreveport, LA (32.481587, -93.760423)",LA,Accountable Care Models,3077,
Guiding an Improved Dementia Experience (GUIDE) Model,Lutheran Senior Services,"1150 Hanley Industrial Drive, St Louis, MO (38.624463, -90.339093)",MO,Accountable Care Models,3078,
Guiding an Improved Dementia Experience (GUIDE) Model,"Lynda Lopez-Freyre, FNP-C Professional Nursing Corporation","424 Beryl Cove Way, Seal Beach, CA (33.742202, -118.095105)",CA,Accountable Care Models,3079,
Guiding an Improved Dementia Experience (GUIDE) Model,MaineHealth,"110 Free St., Portland, ME (43.654686, -70.260833)",ME,Accountable Care Models,3080,
Guiding an Improved Dementia Experience (GUIDE) Model,"Maple Valley Movement Neurology, PLLC","22620 SE 216th PL, STE E, Maple Valley, WA (47.409087, -122.039231)",WA,Accountable Care Models,3081,
Guiding an Improved Dementia Experience (GUIDE) Model,McLean Hospital Corporation,"115 Mill Street, Belmont, MA (42.390741, -71.191038)",MA,Accountable Care Models,3082,
Guiding an Improved Dementia Experience (GUIDE) Model,MCV Associated Physicians,"830 E. Main St, Richmond, VA (37.538454, -77.436436)",VA,Accountable Care Models,3083,
Guiding an Improved Dementia Experience (GUIDE) Model,MEDBETTER HEALTH PA,"3100 RAY FERRERO JR BLVD, Davie, FL (26.079403, -80.242494)",FL,Accountable Care Models,3084,
Guiding an Improved Dementia Experience (GUIDE) Model,"Medical Associates of Erie, Inc.","1 LECOM Place, Erie, PA (42.12466776485997, -80.11530316024776)",PA,Accountable Care Models,3085,
Guiding an Improved Dementia Experience (GUIDE) Model,MedStar Total Elder Care,"Medstar Health, 10980 Grantchester Way 6th floor, Columbia, MD (39.211117, -76.866369)",MD,Accountable Care Models,3086,
Guiding an Improved Dementia Experience (GUIDE) Model,Memory Care Home Solutions,"4389 West Pine Boulevard, St. Louis, MO (38.640568, -90.254099)",MO,Accountable Care Models,3087,
Guiding an Improved Dementia Experience (GUIDE) Model,"MemoryCare, Inc.","100 Far Horizons Lane, Asheville, NC (35.505246, -82.515777)",NC,Accountable Care Models,3088,
Guiding an Improved Dementia Experience (GUIDE) Model,"Meridian Health Partners, PLLC","4835 LBJ Freeway, Suite 900, Dallas, TX (32.928725, -96.8246)",TX,Accountable Care Models,3089,
Guiding an Improved Dementia Experience (GUIDE) Model,"Meritan, Inc","345 Adams Avenue, Memphis, TN (35.14578, -90.043539)",TN,Accountable Care Models,3090,
Guiding an Improved Dementia Experience (GUIDE) Model,"Miami Jewish Health Systems, Inc","5200 NE 2 AVE, Miami, FL (25.824317, -80.19208)",FL,Accountable Care Models,3091,
Guiding an Improved Dementia Experience (GUIDE) Model,Mid-Ohio Neurology,"1916 Tamarack Rd, Newark, OH (40.040087, -82.464542)",OH,Accountable Care Models,3092,
Guiding an Improved Dementia Experience (GUIDE) Model,Minneapolis Clinic of Neurology Ltd.,"4225 Golden Valley Road, Golden Valley, MN (44.999004, -93.332436)",MN,Accountable Care Models,3093,
Guiding an Improved Dementia Experience (GUIDE) Model,Mobile Medical Operating Company,"4195 Southwest High Meadow Ave, Palm City, FL (27.152636, -80.297019)",FL,Accountable Care Models,3094,
Guiding an Improved Dementia Experience (GUIDE) Model,Mobile Physician Services,"6804 Cecelia Drive, New Port Richey, FL (28.231403, -82.702141)",FL,Accountable Care Models,3095,
Guiding an Improved Dementia Experience (GUIDE) Model,"Montana Stillwater Health, PLLC","2875 Tina Avenue Suite 102 A/B, Missoula, MT (46.891961, -114.041376)",MT,Accountable Care Models,3096,
Guiding an Improved Dementia Experience (GUIDE) Model,Montefiore Medical Center,"111 E 210th Street, Bronx, NY (40.879864, -73.879895)",NY,Accountable Care Models,3097,
Guiding an Improved Dementia Experience (GUIDE) Model,"My Choice Operating Company, LLC","4655 Salisbury Road Suite 110, Jacksonville, FL (30.250683, -81.58787)",FL,Accountable Care Models,3098,
Guiding an Improved Dementia Experience (GUIDE) Model,My Memory Care LLC,"7000 Spyglass Ct Ste 501, Melbourne, FL (28.237956728047802, -80.71249966070823)",FL,Accountable Care Models,3099,
Guiding an Improved Dementia Experience (GUIDE) Model,"Neuroglee Care, PLLC","33 Arch Street, FL 17, Boston, MA (42.356209, -71.058041)",MA,Accountable Care Models,3100,
Guiding an Improved Dementia Experience (GUIDE) Model,NEUROLOGY CONSULTANTS OF DALLAS PA,"8390 Lyndon B Johnson Freeway, Suite 1000, Dallas, TX (32.92406, -96.760916)",TX,Accountable Care Models,3101,
Guiding an Improved Dementia Experience (GUIDE) Model,NeuroPsych Center of Greater Cincinnati,"4015 Executive Park Drive, Suite 320, Cincinnati, OH (39.286843, -84.395387)",OH,Accountable Care Models,3102,
Guiding an Improved Dementia Experience (GUIDE) Model,"NEUROSCIENCE CONSULTANTS, LLP","9960 NW 116 WAY SUITE 13, Medley, FL (25.874954107980916, -80.35977922706134)",FL,Accountable Care Models,3103,
Guiding an Improved Dementia Experience (GUIDE) Model,Nevada Palliative Care,"6330 S Jones Blvd, Las Vegas, NV (36.073865, -115.223706)",NV,Accountable Care Models,3104,
Guiding an Improved Dementia Experience (GUIDE) Model,"North County Neurology Associates, A Medical Group","6010 Hidden Valley Road #200, Carlsbad, CA (33.122924, -117.30494)",CA,Accountable Care Models,3105,
Guiding an Improved Dementia Experience (GUIDE) Model,Northwell Health,"410 Lakeville Road, Suite 200, New Hyde Park, NY (40.757238, -73.706151)",NY,Accountable Care Models,3106,
Guiding an Improved Dementia Experience (GUIDE) Model,Northwest Center for Cognitive and Neurological Health,"1600 NW Kingston Ave, Bend, OR (44.059183, -121.335463)",OR,Accountable Care Models,3107,
Guiding an Improved Dementia Experience (GUIDE) Model,Northwest Neurological PPLC,"1520 W 3rd Avenue, Spokane, WA (47.653782, -117.435074)",WA,Accountable Care Models,3108,
Guiding an Improved Dementia Experience (GUIDE) Model,Nursing South Corporation,"9380 Sunset Dr., Ste B-222, Miami, FL (25.703717, -80.298888)",FL,Accountable Care Models,3109,
Guiding an Improved Dementia Experience (GUIDE) Model,NYC-Metro Physician Services PC,"271-11 76th Ave, New Hyde Park, NY (40.755153, -73.707374)",NY,Accountable Care Models,3110,
Guiding an Improved Dementia Experience (GUIDE) Model,Oakwood Creative Care,"247 N Macdonald, Mesa, AZ (33.420927, -111.83372)",AZ,Accountable Care Models,3111,
Guiding an Improved Dementia Experience (GUIDE) Model,Ochsner Clinic Foundation OBA Ochsner Medical Center,"1516 JEFFERSON HWY, New Orleans, LA (29.960993, -90.144393)",LA,Accountable Care Models,3112,
Guiding an Improved Dementia Experience (GUIDE) Model,Oregon Health & Science University,"3181 SW Sam Jackson Park Rd, Portland, OR (45.49916, -122.685873)",OR,Accountable Care Models,3113,
Guiding an Improved Dementia Experience (GUIDE) Model,"OU Health Physicians, Inc","1000 NE 13th St., Suite 1G, Oklahoma City, OK (35.482145, -97.494534)",OK,Accountable Care Models,3114,
Guiding an Improved Dementia Experience (GUIDE) Model,"Palliative Care Center of the Bluegrass, Inc.","1733 Harrodsburg Road, Lexington, KY (38.031199, -84.529655)",KY,Accountable Care Models,3115,
Guiding an Improved Dementia Experience (GUIDE) Model,Palm Beach Elder Care,"8953 Cypress Grove Ln, Royal Palm Beach, FL (26.662819, -80.188988)",FL,Accountable Care Models,3116,
Guiding an Improved Dementia Experience (GUIDE) Model,"Pathways Clinical Partners, LLC","1031 W Magnolia St, Leesburg, FL (28.810213, -81.881973)",FL,Accountable Care Models,3117,
Guiding an Improved Dementia Experience (GUIDE) Model,Physician Housecalls LLC,"12600 West Colfax Avenue Suite B-200, Lakewood, CO (39.739042, -105.140432)",CO,Accountable Care Models,3118,
Guiding an Improved Dementia Experience (GUIDE) Model,"PocketRN Care Group, Inc., a Professional Corporation","617 W. Olive Avenue, Monrovia, CA (34.145072, -118.011867)",CA,Accountable Care Models,3119,
Guiding an Improved Dementia Experience (GUIDE) Model,Preferred Choice Home Healthcare,"20270 Middlebelt Rd., Suite 5, Livonia, MI (42.437131, -83.335659)",MI,Accountable Care Models,3120,
Guiding an Improved Dementia Experience (GUIDE) Model,Premier Medical Associates PC,"4 Allegheny Center, Pittsburgh, PA (40.453141, -80.004157)",PA,Accountable Care Models,3121,
Guiding an Improved Dementia Experience (GUIDE) Model,"Primary Care of Central Florida, Inc","12301 Lake Underhill Road STE 215, Orlando, FL (28.548232, -81.202758)",FL,Accountable Care Models,3122,
Guiding an Improved Dementia Experience (GUIDE) Model,"R and A Hospice, Inc.","3 E 3rd Ave STE 322, San Mateo, CA (37.563377, -122.325742)",CA,Accountable Care Models,3123,
Guiding an Improved Dementia Experience (GUIDE) Model,RBA Behavioral Wellness LLC,"260 Christopher Lane Ste 3F, Staten Island, NY (40.612879, -74.156836)",NY,Accountable Care Models,3124,
Guiding an Improved Dementia Experience (GUIDE) Model,Regents of the University of,"101 The City Drive S, Orange, CA (33.788045, -117.88921)",CA,Accountable Care Models,3125,
Guiding an Improved Dementia Experience (GUIDE) Model,"Region IV Area Agency on Aging, Inc.","2900 Lakeview Avenue, St Joseph, MI (42.083185, -86.49054)",MI,Accountable Care Models,3126,
Guiding an Improved Dementia Experience (GUIDE) Model,Rehabilitation and Prevention Associates,"1 Big Barn Road, Cranbury, NJ (40.31772, -74.515542)",NJ,Accountable Care Models,3127,
Guiding an Improved Dementia Experience (GUIDE) Model,Reliance Community Care Partners,"2100 Raybrook Street SE, Grand Rapids, MI (42.92436, -85.587523)",MI,Accountable Care Models,3128,
Guiding an Improved Dementia Experience (GUIDE) Model,Remo Medical Group of California PC,"1908 Thomes Ave STE 12123 , Cheyenne, WY (41.134395, -104.8208)",WY,Accountable Care Models,3129,
Guiding an Improved Dementia Experience (GUIDE) Model,"Remo Medical Group P.A., Florida","1908 Thomes Ave STE 12123 , Cheyenne, WY (41.134395, -104.8208)",WY,Accountable Care Models,3130,
Guiding an Improved Dementia Experience (GUIDE) Model,Remote Medical PC,"6619 13th Ave, Brooklyn, NY (40.624948, -74.002374)",NY,Accountable Care Models,3131,
Guiding an Improved Dementia Experience (GUIDE) Model,"RIIID MEDICAL GROUP IRVINE, INC.","16100 Sand Canyon Avenue, Suite 240, Irvine, CA (33.662973, -117.771712)",CA,Accountable Care Models,3132,
Guiding an Improved Dementia Experience (GUIDE) Model,"Rippl Care PC of California, Inc","2825 Eastlake Ave E, Suite 230, Seattle, WA (47.646417, -122.325815)",WA,Accountable Care Models,3133,
Guiding an Improved Dementia Experience (GUIDE) Model,"Rippl Care PC of Washington, Inc","2825 Eastlake Ave E, Suite 230, Seattle, WA (47.646417, -122.325815)",WA,Accountable Care Models,3134,
Guiding an Improved Dementia Experience (GUIDE) Model,"Riverside Physician Services, Inc","608 Denbigh Blvd Ste 800, Newport News, VA (37.138592, -76.517906)",VA,Accountable Care Models,3135,
Guiding an Improved Dementia Experience (GUIDE) Model,"RMED, LLC","4948 Southpoint Blvd. Suite 100, Jacksonville, FL (30.255988, -81.590311)",FL,Accountable Care Models,3136,
Guiding an Improved Dementia Experience (GUIDE) Model,"Rockbridge Area Hospice, Inc.","315 Myers Street, Lexington, VA (37.783462, -79.44965)",VA,Accountable Care Models,3137,
Guiding an Improved Dementia Experience (GUIDE) Model,Rush University Medical Center Rush University Internists,"1700 W Van Buren 5th Floor, Chicago, IL (41.876578, -87.669836)",IL,Accountable Care Models,3138,
Guiding an Improved Dementia Experience (GUIDE) Model,Sage Health at Home LLC,"1635 Old 41 Hwy NW, #112-216, Kennewsaw, GA (33.993843, -84.599298)",GA,Accountable Care Models,3139,
Guiding an Improved Dementia Experience (GUIDE) Model,SAH Telemedicine California PC,"2108 N Street STE N, Sacramento, CA (38.571581, -121.480184)",CA,Accountable Care Models,3140,
Guiding an Improved Dementia Experience (GUIDE) Model,SAH Telemedicine PC,"565 Plandome Road Unit 169, Manhasset, NY (40.800061, -73.701727)",NY,Accountable Care Models,3141,
Guiding an Improved Dementia Experience (GUIDE) Model,Samaritan HomeVisit Physicians,"3906 Church Rd., Mt. Laurel, NJ (39.926119, -74.963927)",NJ,Accountable Care Models,3142,
Guiding an Improved Dementia Experience (GUIDE) Model,Sangre de Cristo Hospice and Palliative Care,"1920 Valley Drive, Pueblo, CO (38.310734, -104.632619)",CO,Accountable Care Models,3143,
Guiding an Improved Dementia Experience (GUIDE) Model,Savannah Neurology Specialists,"6602 Waters Ave Bldg C, Savannah, GA (32.010375, -81.098128)",GA,Accountable Care Models,3144,
Guiding an Improved Dementia Experience (GUIDE) Model,"Scandia Medical Group, PLLC","3 Pine Drive, Hanover, NH (43.709821, -72.267734)",NH,Accountable Care Models,3145,
Guiding an Improved Dementia Experience (GUIDE) Model,Seasons Medical Group of Texas,"17855 N. Dallas Pkwy, Suite 200, Dallas, TX (32.993248, -96.83043)",TX,Accountable Care Models,3146,
Guiding an Improved Dementia Experience (GUIDE) Model,"Senior Doc AZ Medical, PC","14631 N Cave Creek Rd, Suite 104, Phoenix, AZ (33.619808, -112.030162)",AZ,Accountable Care Models,3147,
Guiding an Improved Dementia Experience (GUIDE) Model,"Senior Doc ID Medical, PC","4301 Garrity Blvd. Suite 103, Nampa, ID (43.593791, -116.518049)",ID,Accountable Care Models,3148,
Guiding an Improved Dementia Experience (GUIDE) Model,Senior Respources of West Michigan,"560 Seminole Rd, Muskegon, MI (43.187381, -86.256591)",MI,Accountable Care Models,3149,
Guiding an Improved Dementia Experience (GUIDE) Model,SENTARA MEDICAL GROUP,"863 GLENROCK RD SUITE 100, Norfolk, VA (36.851655, -76.202722)",VA,Accountable Care Models,3150,
Guiding an Improved Dementia Experience (GUIDE) Model,Shanti Hospice LLC,"501 W Ray Rd, #6, Chandler, AZ (33.320264, -111.848719)",AZ,Accountable Care Models,3151,
Guiding an Improved Dementia Experience (GUIDE) Model,SHC Medical Partners LLC,"805 N. Whittington Pkwy, Louisville, KY (38.257485, -85.583447)",KY,Accountable Care Models,3152,
Guiding an Improved Dementia Experience (GUIDE) Model,Sherman Oaks Hospice Care,"1855 W Katella Ave, Orange, CA (33.806574, -117.872283)",CA,Accountable Care Models,3153,
Guiding an Improved Dementia Experience (GUIDE) Model,Sheth MD PA,"5375 Coit Rd STE 130, Frisco, TX (33.121788, -96.768872)",TX,Accountable Care Models,3154,
Guiding an Improved Dementia Experience (GUIDE) Model,Sid Peterson Memorial Hospital,"551 Hill Country Dr, Kerrville, TX (30.043795, -99.152235)",TX,Accountable Care Models,3155,
Guiding an Improved Dementia Experience (GUIDE) Model,"Southcoast Health System, Inc.","101 Page St., New Bedford, MA (41.626619, -70.938258)",MA,Accountable Care Models,3156,
Guiding an Improved Dementia Experience (GUIDE) Model,St Vincent Medical Education and Research Institute Inc,"4 Allegheny Center, 7th Floor, Pittsburgh, PA (40.453141, -80.004157)",PA,Accountable Care Models,3157,
Guiding an Improved Dementia Experience (GUIDE) Model,"St. Luke's Physician Group, Inc.","801 Ostrum St., Bethlehem, PA (40.609595, -75.393476)",PA,Accountable Care Models,3158,
Guiding an Improved Dementia Experience (GUIDE) Model,STEWARD CENTER FOR PALLIATIVE CARE,"1352 EISENHOWER DRIVE, Savannah, GA (32.005083, -81.092113)",GA,Accountable Care Models,3159,
Guiding an Improved Dementia Experience (GUIDE) Model,Stonehill Franciscan Services,"3485 Windsor Avenue, Dubuque, IA (42.532045, -90.670715)",IA,Accountable Care Models,3160,
Guiding an Improved Dementia Experience (GUIDE) Model,Straub Clinic and Hospital,"55 Merchant St., Honolulu, HI (21.309114, -157.86357)",HI,Accountable Care Models,3161,
Guiding an Improved Dementia Experience (GUIDE) Model,"Stuart H. Isaacson, MD PA","951 NW 13th Street, Suite 5-E, Boca Raton, FL (26.361871, -80.106109)",FL,Accountable Care Models,3162,
Guiding an Improved Dementia Experience (GUIDE) Model,"Suburban Geriatrics, Inc.","2901 Jolly Road, Plymouth Meeting, PA (40.124954, -75.292405)",PA,Accountable Care Models,3163,
Guiding an Improved Dementia Experience (GUIDE) Model,Terence Cardinal Cooke Health Care Center,"1249 Fifth Avenue, New York, NY (40.793806, -73.951119)",NY,Accountable Care Models,3164,
Guiding an Improved Dementia Experience (GUIDE) Model,"The Brain and Memory Health Group, PLLC","4742 42nd Ave. SW #406, Seattle, WA (47.560216, -122.384421)",WA,Accountable Care Models,3165,
Guiding an Improved Dementia Experience (GUIDE) Model,"The Christian and Missionary Alliance Foundation, Inc","13880 Shell Point Plaza, Fort Myers, FL (26.49391, -81.980799)",FL,Accountable Care Models,3166,
Guiding an Improved Dementia Experience (GUIDE) Model,"The Church Home of The Protestant Episcopal Church in The City of Rochester, Inc.","505 Mt. Hope Ave, Rochester, NY (43.140299, -77.614458)",NY,Accountable Care Models,3167,
Guiding an Improved Dementia Experience (GUIDE) Model,"The Connecticut Hospice, INC.","100 DOUBLE BEACH ROAD, Branford, CT (41.256005, -72.832358)",CT,Accountable Care Models,3168,
Guiding an Improved Dementia Experience (GUIDE) Model,The Council on Aging of Martin County,"900 SE Salerno Road, Stuart, FL (27.12727, -80.241424)",FL,Accountable Care Models,3169,
Guiding an Improved Dementia Experience (GUIDE) Model,The Emory Clinic,"1365 Clifton Road NE, Atlanta, GA (33.792538, -84.320511)",GA,Accountable Care Models,3170,
Guiding an Improved Dementia Experience (GUIDE) Model,The Health and Hospital Corporation of Marion County,"720 Eskenazi Ave., Indianapolis, IN (39.777188, -86.184366)",IN,Accountable Care Models,3171,
Guiding an Improved Dementia Experience (GUIDE) Model,"The Holding Group, LLC","2590 Welton Street Ste 200, Denver, CO (39.753513, -104.979438)",CO,Accountable Care Models,3172,
Guiding an Improved Dementia Experience (GUIDE) Model,"The Reed Group, LLC","309 Artisan Lane, Nashville, TN (36.119004, -86.777686)",TN,Accountable Care Models,3173,
Guiding an Improved Dementia Experience (GUIDE) Model,The Trustees of the University of Pennsylvania,"3451 Walnut Street, Philadelphia, PA (39.953041, -75.192664)",PA,Accountable Care Models,3174,
Guiding an Improved Dementia Experience (GUIDE) Model,The University of Chicago Medical Center,"5841 S. Maryland Avenue, Chicago, IL (41.788785, -87.604807)",IL,Accountable Care Models,3175,
Guiding an Improved Dementia Experience (GUIDE) Model,"The Virtual Primary-Care Connection, LLC","363 N. Sam Houston Pkwy E. Suite 1100, c/o L. Tew., Houston, TX (29.94178, -95.397323)",TX,Accountable Care Models,3176,
Guiding an Improved Dementia Experience (GUIDE) Model,Theoria Medical PLLC,"41800 W 11 Mile Rd Ste 109, Novi, MI (42.481878, -83.460097)",MI,Accountable Care Models,3177,
Guiding an Improved Dementia Experience (GUIDE) Model,"TMIN Services, Inc.","800 District Avenue, Suite 520, Burlington, MA (42.482016, -71.206923)",MA,Accountable Care Models,3178,
Guiding an Improved Dementia Experience (GUIDE) Model,Total Care Medical PLLC,"1650 Texas Ave Ste G, Bridge City, TX (30.031247, -93.83496)",TX,Accountable Care Models,3179,
Guiding an Improved Dementia Experience (GUIDE) Model,Troupe Health Medical Group PA,"85 5th Ave, New York, NY (40.737352, -73.992432)",NY,Accountable Care Models,3180,
Guiding an Improved Dementia Experience (GUIDE) Model,TRU Community Care,"2594 TrailRidge Drive East, Lafayette, CO (40.011195, -105.128536)",CO,Accountable Care Models,3181,
Guiding an Improved Dementia Experience (GUIDE) Model,UCLA Health,"10945 Le Conte Ave., Ste 1401, Los Angeles, CA (34.06381, -118.44693)",CA,Accountable Care Models,3182,
Guiding an Improved Dementia Experience (GUIDE) Model,"United Church Homes, Inc.","170 E. Center Street, Marion, OH (40.588862, -83.126905)",OH,Accountable Care Models,3183,
Guiding an Improved Dementia Experience (GUIDE) Model,University Medical Associates of the Medical University of South Carolina,"171 Ashley Avenue, Charleston, SC (32.785177, -79.94774)",SC,Accountable Care Models,3184,
Guiding an Improved Dementia Experience (GUIDE) Model,University of California San Francisco Medical Center,"505 Parnassus Ave Box #0810, San Francisco, CA (37.762911, -122.458226)",CA,Accountable Care Models,3185,
Guiding an Improved Dementia Experience (GUIDE) Model,University of Connecticut Health Center,"PO Box 1440, Hartford, CT (41.791776, -72.718832)",CT,Accountable Care Models,3186,
Guiding an Improved Dementia Experience (GUIDE) Model,University of Louisville Physicians,"300 E. Market St. Suite 400, Louisville, KY (38.253781, -85.747667)",KY,Accountable Care Models,3187,
Guiding an Improved Dementia Experience (GUIDE) Model,University of North Texas Health Science Center at Fort Worth,"3500 Camp Bowie Blvd, Fort Worth, TX (32.749438, -97.368996)",TX,Accountable Care Models,3188,
Guiding an Improved Dementia Experience (GUIDE) Model,University of Pittsburgh Physicians,"600 GRANT STREET 58TH FL CORP TA, Pittsburgh, PA (40.441363, -79.994856)",PA,Accountable Care Models,3189,
Guiding an Improved Dementia Experience (GUIDE) Model,University of Rochester,"601 Elmwood Ave, Rochester, NY (43.122824, -77.623585)",NY,Accountable Care Models,3190,
Guiding an Improved Dementia Experience (GUIDE) Model,University of Texas Health Science Center at San Antonio,"8431 Fredericksburg Rd, San Antonio, TX (29.518658, -98.573595)",TX,Accountable Care Models,3191,
Guiding an Improved Dementia Experience (GUIDE) Model,University of Texas Southwestern Medical Center,"5323 Harry Hines Boulevard, Dallas, TX (32.811954, -96.840119)",TX,Accountable Care Models,3192,
Guiding an Improved Dementia Experience (GUIDE) Model,"University of Toledo Physicians, LLC","4510 Dorr St. MS 840, Toledo, OH (41.656291, -83.645836)",OH,Accountable Care Models,3193,
Guiding an Improved Dementia Experience (GUIDE) Model,University of Utah Adult Services,"127 S 500 E STE 600, Salt Lake City, UT (40.766807, -111.876232)",UT,Accountable Care Models,3194,
Guiding an Improved Dementia Experience (GUIDE) Model,"University Physicians, Inc.","13199 East Montview Blvd., Aurora, CO (39.748058, -104.834772)",CO,Accountable Care Models,3195,
Guiding an Improved Dementia Experience (GUIDE) Model,USC Care Medical Group Inc,"1510 San Pablo Street Suite 600, Los Angeles, CA (34.06266, -118.20215)",CA,Accountable Care Models,3196,
Guiding an Improved Dementia Experience (GUIDE) Model,Vahe Akopian MD Inc,"1451 E. Chevy Chase Dr, Suite #201, Glendale, CA (34.152014, -118.234293)",CA,Accountable Care Models,3197,
Guiding an Improved Dementia Experience (GUIDE) Model,"Vesper Medical Care, PLLC","8416 Old McGregor Rd, Woodway, TX (31.498821, -97.213283)",TX,Accountable Care Models,3198,
Guiding an Improved Dementia Experience (GUIDE) Model,"Virginia Health Hospice, LLC","240 Nat Turner Boulevard, Newport News, VA (37.085304, -76.487299)",VA,Accountable Care Models,3199,
Guiding an Improved Dementia Experience (GUIDE) Model,"Virtare Health Physician Services of Utah, PLLC","10890 Thornmint Road, San Diego, CA (33.016793, -117.0987)",CA,Accountable Care Models,3200,
Guiding an Improved Dementia Experience (GUIDE) Model,Virtua Medical Group,"301 Lippincott Dr. Suite 410, Marlton, NJ (39.885362, -74.927813)",NJ,Accountable Care Models,3201,
Guiding an Improved Dementia Experience (GUIDE) Model,Visiting Nurse Association of Central Pennsylvania,"3315 Derry Street, Harrisburg, PA (40.258852, -76.83449)",PA,Accountable Care Models,3202,
Guiding an Improved Dementia Experience (GUIDE) Model,Visiting Practitioners & Palliative care,"15420 Nacogdoches Rd, San Antonio, TX (29.5809, -98.367978)",TX,Accountable Care Models,3203,
Guiding an Improved Dementia Experience (GUIDE) Model,VNA HEALTH SYSTEM,"21 W INDEPENDENCE ST, Shamokin, PA (40.791178, -76.557696)",PA,Accountable Care Models,3204,
Guiding an Improved Dementia Experience (GUIDE) Model,"VPA of Texas, PLLC","4545 Fuller Drive Suite 325, Irving, TX (32.86851585584248, -96.94935951149678)",TX,Accountable Care Models,3205,
Guiding an Improved Dementia Experience (GUIDE) Model,VPA PC,"500 Kirts Blvd, Troy, MI (42.55688, -83.153152)",MI,Accountable Care Models,3206,
Guiding an Improved Dementia Experience (GUIDE) Model,WAKE FOREST UNIVERSITY HEALTH SCIENCES,"MEDICAL CENTER BLVD, Winston Salem, NC (36.089369, -80.271169)",NC,Accountable Care Models,3207,
Guiding an Improved Dementia Experience (GUIDE) Model,Weill Cornell Medical College,"1305 York Avenue, 7th floor, New York, NY (40.765378, -73.955054)",NY,Accountable Care Models,3208,
Guiding an Improved Dementia Experience (GUIDE) Model,"Wellmont Medical Associates, Inc.","2020 Brookside Dr. Suite 20, Kingsport, TN (36.55251, -82.516447)",TN,Accountable Care Models,3209,
Guiding an Improved Dementia Experience (GUIDE) Model,Willamette Valley Hospice,"1015 3rd Street NW, Salem, OR (44.944146, -123.055568)",OR,Accountable Care Models,3210,
Guiding an Improved Dementia Experience (GUIDE) Model,"Wovenly CA, PC","912 3rd St NE, Washington, DC (38.901748, -77.002283)",DC,Accountable Care Models,3211,
Guiding an Improved Dementia Experience (GUIDE) Model,"Wovenly IL, PLLC","913 3rd St NE, Washington, DC (38.901894, -77.001809)",DC,Accountable Care Models,3212,
Guiding an Improved Dementia Experience (GUIDE) Model,"Wovenly NJ, LLC","912 3rd St NE, Washington, DC (38.901748, -77.002283)",DC,Accountable Care Models,3213,
Guiding an Improved Dementia Experience (GUIDE) Model,"Wovenly TX, PLLC","6630 Quaker Avenue, Suite E, Lubbock , TX (33.532463, -101.907695)",TX,Accountable Care Models,3214,
Guiding an Improved Dementia Experience (GUIDE) Model,YA Partners USA LLC,"7848 W. Sahara Avenue, Las Vegas, NV (36.145049, -115.262521)",NV,Accountable Care Models,3215,
Guiding an Improved Dementia Experience (GUIDE) Model,"Yavapai Regional Medical Center Physician Care, LLC","1001 Division Street, Prescott, AZ (34.559665, -112.479313)",AZ,Accountable Care Models,3216,
Guiding an Improved Dementia Experience (GUIDE) Model,Zahed MD Medical corporation,"2141 Orangewood, Orange, CA (33.796462, -117.87578)",CA,Accountable Care Models,3217,
Guiding an Improved Dementia Experience (GUIDE) Model,Zaheer A Khan MD PC,"3007 Memorial Parkway SW, Suite B, Huntsville, AL (34.704091, -86.587241)",AL,Accountable Care Models,3218,
Enhancing Oncology Model,CANCER SPECIALISTS LLC,"2 Shircliff Way Suite 800, Jacksonville, FL (30.307576, -81.688797)",FL,Disease-Specific & Episode-Based Models,3219,False
Enhancing Oncology Model,CANCER SPECIALISTS LLC,"121 Whitehall Drive, St Augustine, FL (29.856383, -81.331052)",FL,Disease-Specific & Episode-Based Models,3220,False
Enhancing Oncology Model,CANCER SPECIALISTS LLC,"5742 Booth Road Suite A, Jacksonville, FL (30.287327, -81.605528)",FL,Disease-Specific & Episode-Based Models,3221,False
Enhancing Oncology Model,CANCER SPECIALISTS LLC,"14546 Old St Augustine Road, Bldg 1  Suite 317, Jacksonville, FL (30.138748, -81.535283)",FL,Disease-Specific & Episode-Based Models,3222,False
Enhancing Oncology Model,CANCER SPECIALISTS LLC,"1375 Roberts Drive Suite 103, Jacksonville Beach, FL (30.273418, -81.399298)",FL,Disease-Specific & Episode-Based Models,3223,False
Enhancing Oncology Model,CANCER SPECIALISTS LLC,"2370 Market Drive, Fleming Island, FL (30.085356, -81.715334)",FL,Disease-Specific & Episode-Based Models,3224,False
Enhancing Oncology Model,CANCER SPECIALISTS LLC,"1658 St Vincent's Way Suite 230, Middleburg, FL (30.109881, -81.832623)",FL,Disease-Specific & Episode-Based Models,3225,False
Enhancing Oncology Model,CANCER SPECIALISTS LLC,"7015 AC Skinner Parkway Building 100, Jacksonville, FL (30.249728, -81.580067)",FL,Disease-Specific & Episode-Based Models,3226,False
Enhancing Oncology Model,CANCER SPECIALISTS LLC,"159 North 3rd Street Suite E, Macclenny, FL (30.285999, -82.119408)",FL,Disease-Specific & Episode-Based Models,3227,False
Enhancing Oncology Model,CANCER SPECIALISTS LLC,"70 Turin Terrace Suite 210, St Augustine, FL (29.959959, -81.492236)",FL,Disease-Specific & Episode-Based Models,3228,False
Enhancing Oncology Model,CANCER SPECIALISTS LLC,"725 Skymarks Drive Suite 10-1, Jacksonville, FL (30.480807, -81.634958)",FL,Disease-Specific & Episode-Based Models,3229,False
Enhancing Oncology Model,CANCER SPECIALISTS LLC,"80 Pinnacles Drive Suite 700, Palm Coast, FL (29.47432, -81.191806)",FL,Disease-Specific & Episode-Based Models,3230,False
Enhancing Oncology Model,Virginia Oncology Associates,"744 N Battlefield Blvd, Suite 200, Chesapeake, VA (36.746807, -76.246262)",VA,Disease-Specific & Episode-Based Models,3231,False
Enhancing Oncology Model,Virginia Oncology Associates,"1051 Loftis Boulevard, Suite 100, Newport News, VA (37.08402, -76.486302)",VA,Disease-Specific & Episode-Based Models,3232,False
Enhancing Oncology Model,Virginia Oncology Associates,"1503 B North Road Street, Elizabeth City, NC (36.335548, -76.234745)",NC,Disease-Specific & Episode-Based Models,3233,False
Enhancing Oncology Model,Virginia Oncology Associates,"3000 Coliseum Drive, Suite 104, Norfolk, VA (37.056620, -76.390110)",VA,Disease-Specific & Episode-Based Models,3234,False
Enhancing Oncology Model,Virginia Oncology Associates,"6251 E Virginia Beach Blvd, Norfolk, VA (36.854307, -76.191275)",VA,Disease-Specific & Episode-Based Models,3235,False
Enhancing Oncology Model,Virginia Oncology Associates,"5838 Harbour View Boulevard, Suite 105, Suffolk, VA (36.870061, -76.440623)",VA,Disease-Specific & Episode-Based Models,3236,False
Enhancing Oncology Model,Virginia Oncology Associates,"2790 Godwin Boulevard, Suite 101, Suffolk, VA (36.772689, -76.58122)",VA,Disease-Specific & Episode-Based Models,3237,False
Enhancing Oncology Model,Virginia Oncology Associates,"1950 Glenn Mitchell Drive, Virginia Beach, VA (36.775997, -76.096864)",VA,Disease-Specific & Episode-Based Models,3238,False
Enhancing Oncology Model,Virginia Oncology Associates,"500 Sentara Circle, Suite 203, Williamsburg, VA (37.337948, -76.740898)",VA,Disease-Specific & Episode-Based Models,3239,False
Enhancing Oncology Model,Torrance Health Association,"3285 Skypark Drive, Torrance, CA (33.809394, -118.344693)",CA,Disease-Specific & Episode-Based Models,3240,False
Enhancing Oncology Model,"Northwest Medical Specialties, PLLC","1624 S. I Street Suite 102, Tacoma, WA (47.246235, -122.447852)",WA,Disease-Specific & Episode-Based Models,3241,False
Enhancing Oncology Model,"Northwest Medical Specialties, PLLC","3920 Capital Mall Dr. Suite 100, Olympia, WA (47.04234, -122.952206)",WA,Disease-Specific & Episode-Based Models,3242,False
Enhancing Oncology Model,"Northwest Medical Specialties, PLLC","10004 204th Ave E., Bonney Lake, WA (47.165505, -122.15705)",WA,Disease-Specific & Episode-Based Models,3243,False
Enhancing Oncology Model,"Northwest Medical Specialties, PLLC","2940 S. Meridian Suite 100, Puyallup, WA (47.162507, -122.293517)",WA,Disease-Specific & Episode-Based Models,3244,False
Enhancing Oncology Model,"Northwest Medical Specialties, PLLC","11511 Canterwood Blvd Suite 45, Gig Harbor, WA (47.363535, -122.612977)",WA,Disease-Specific & Episode-Based Models,3245,False
Enhancing Oncology Model,"Northwest Medical Specialties, PLLC","34509 9th Ave S. Suite 107, Federal Way, WA (47.292808, -122.326051)",WA,Disease-Specific & Episode-Based Models,3246,False
Enhancing Oncology Model,"Shenandoah Oncology, P.C.","400 Campus Blvd, Suite 100, Winchester, VA (39.197429, -78.189535)",VA,Disease-Specific & Episode-Based Models,3247,False
Enhancing Oncology Model,"Northwest Cancer Specialists PC, dba Compass Oncology","12123 SW 69th Ave., Tigard, OR (45.432558, -122.748068)",OR,Disease-Specific & Episode-Based Models,3248,False
Enhancing Oncology Model,"Northwest Cancer Specialists PC, dba Compass Oncology","265 N Broadway, Portland, OR (45.535184, -122.66992)",OR,Disease-Specific & Episode-Based Models,3249,False
Enhancing Oncology Model,"Northwest Cancer Specialists PC, dba Compass Oncology","5050 NE Hoyt St., Ste. 256, Portland, OR (45.526964, -122.61155)",OR,Disease-Specific & Episode-Based Models,3250,False
Enhancing Oncology Model,"Northwest Cancer Specialists PC, dba Compass Oncology","210 SE 136th Ave., VANCOUVER, WA (45.620239, -122.534469)",WA,Disease-Specific & Episode-Based Models,3251,False
Enhancing Oncology Model,West Clinic,"7945 Wolf River Blvd, Germantown, TN (35.110956, -89.798631)",TN,Disease-Specific & Episode-Based Models,3252,False
Enhancing Oncology Model,West Clinic,"1588 Union Avenue, Memphis, TN (35.136284, -90.00881)",TN,Disease-Specific & Episode-Based Models,3253,False
Enhancing Oncology Model,West Clinic,"7668 Airways Boulevard, Southaven, MS (34.972506, -89.989731)",MS,Disease-Specific & Episode-Based Models,3254,False
Enhancing Oncology Model,West Clinic,"2001 State Drive, Corinth, MS (34.904545, -88.544599)",MS,Disease-Specific & Episode-Based Models,3255,False
Enhancing Oncology Model,West Clinic,"240 Grandview Dr, Brighton, TN (35.471754, -89.745569)",TN,Disease-Specific & Episode-Based Models,3256,False
Enhancing Oncology Model,West Clinic,"1290 Kelley Drive, Paris, TN (36.294432, -88.305963)",TN,Disease-Specific & Episode-Based Models,3257,False
Enhancing Oncology Model,"Virginia Cancer Specialists, P.C.","4660 Kenmore Avenue, Suite 1018, Alexandria, VA (38.828211, -77.110358)",VA,Disease-Specific & Episode-Based Models,3258,False
Enhancing Oncology Model,"Virginia Cancer Specialists, P.C.","44035 Riverside Pkwy, Suite 300, Leesburg, VA (39.075166, -77.478425)",VA,Disease-Specific & Episode-Based Models,3259,False
Enhancing Oncology Model,"Virginia Cancer Specialists, P.C.","1860 Town Center Dr, Ste 460, Reston, VA (38.961887, -77.365984)",VA,Disease-Specific & Episode-Based Models,3260,False
Enhancing Oncology Model,"Virginia Cancer Specialists, P.C.","210 West Shirley Ave, Ste 192, Warrenton, VA (38.711472, -77.805673)",VA,Disease-Specific & Episode-Based Models,3261,False
Enhancing Oncology Model,"Virginia Cancer Specialists, P.C.","210 West Shirley Ave, Ste 111, Warrenton, VA (38.711472, -77.805673)",VA,Disease-Specific & Episode-Based Models,3262,False
Enhancing Oncology Model,"Virginia Cancer Specialists, P.C.","227 S Washington St, Ste 100, Alexandria, VA (38.803647, -77.047417)",VA,Disease-Specific & Episode-Based Models,3263,False
Enhancing Oncology Model,"Virginia Cancer Specialists, P.C.","44035 Riverside Pkwy, Ste 310, Leesburg, VA (39.0752497, -77.4810588)",VA,Disease-Specific & Episode-Based Models,3264,False
Enhancing Oncology Model,"Virginia Cancer Specialists, P.C.","8613 Route #29, #101, Fairfax, VA (38.8722135, -77.244753)",VA,Disease-Specific & Episode-Based Models,3265,False
Enhancing Oncology Model,"Virginia Cancer Specialists, P.C.","1100 N Glebe Road, Suite 1600, Arlington, VA (38.8834481, -77.1206189)",VA,Disease-Specific & Episode-Based Models,3266,False
Enhancing Oncology Model,"Virginia Cancer Specialists, P.C.","3700 Joseph Siewick Dr, Ste 408, Fairfax, VA (38.8836716, -77.3840738)",VA,Disease-Specific & Episode-Based Models,3267,False
Enhancing Oncology Model,"Virginia Cancer Specialists, P.C.","9450 Innovation Drive, Manassas, VA (38.7508429, -77.5269901)",VA,Disease-Specific & Episode-Based Models,3268,False
Enhancing Oncology Model,"Virginia Cancer Specialists, P.C.","2280 Opitz Blvd, Ste 130, Woodbridge, VA (38.6349036, -77.285535)",VA,Disease-Specific & Episode-Based Models,3269,False
Enhancing Oncology Model,Texas Oncology,"100 Park Road, Nocona, TX (33.777263, -97.732666)",TX,Disease-Specific & Episode-Based Models,3270,False
Enhancing Oncology Model,Texas Oncology,"100 S. Ave M, Olney, TX (33.37043, -98.765417)",TX,Disease-Specific & Episode-Based Models,3271,False
Enhancing Oncology Model,Texas Oncology,"10425 N. Central Expressway, Dallas, TX (32.888647, -96.770569)",TX,Disease-Specific & Episode-Based Models,3272,False
Enhancing Oncology Model,Texas Oncology,"2021 North MacArthur Blvd., Irving, TX (32.835354, -96.961007)",TX,Disease-Specific & Episode-Based Models,3273,False
Enhancing Oncology Model,Texas Oncology,"21216 Northwest Freeway, Cypress, TX (29.925609, -95.633075)",TX,Disease-Specific & Episode-Based Models,3274,False
Enhancing Oncology Model,Texas Oncology,"1000 S. Coulter, Amarillo, TX (35.204367, -101.922861)",TX,Disease-Specific & Episode-Based Models,3275,False
Enhancing Oncology Model,Texas Oncology,"1025 Birdsong Drive, Baytown, TX (29.765934, -94.976235)",TX,Disease-Specific & Episode-Based Models,3276,False
Enhancing Oncology Model,Texas Oncology,"1904 Pine Street, Abilene, TX (32.471411, -99.731327)",TX,Disease-Specific & Episode-Based Models,3277,False
Enhancing Oncology Model,Texas Oncology,"2001 N. MacArthur, Irving, TX (32.835354, -96.961007)",TX,Disease-Specific & Episode-Based Models,3278,False
Enhancing Oncology Model,Texas Oncology,"1010 North Mill St, Bowie, TX (33.563846, -97.836382)",TX,Disease-Specific & Episode-Based Models,3279,False
Enhancing Oncology Model,Texas Oncology,"1015 E. 32nd Street, Austin, TX (30.28952, -97.724279)",TX,Disease-Specific & Episode-Based Models,3280,False
Enhancing Oncology Model,Texas Oncology,"10970 Shadow Creek Pkwy, Pearland, TX (29.577495, -95.388931)",TX,Disease-Specific & Episode-Based Models,3281,False
Enhancing Oncology Model,Texas Oncology,"1957 Antilley Road, Abilene, TX (32.372506, -99.747189)",TX,Disease-Specific & Episode-Based Models,3282,False
Enhancing Oncology Model,Texas Oncology,"104 Max Starcke Dam Road, marble Falls, TX (30.555211, -98.27247)",TX,Disease-Specific & Episode-Based Models,3283,False
Enhancing Oncology Model,Texas Oncology,"1105 Central Expressway, Allen, TX (33.116103, -96.673106)",TX,Disease-Specific & Episode-Based Models,3284,False
Enhancing Oncology Model,Texas Oncology,"11130 Christus hills, San Antonio, TX (29.464612, -98.697094)",TX,Disease-Specific & Episode-Based Models,3285,False
Enhancing Oncology Model,Texas Oncology,"1441 N. Beckley Ave., Dallas, TX (32.76156, -96.825026)",TX,Disease-Specific & Episode-Based Models,3286,False
Enhancing Oncology Model,Texas Oncology,"1631 Lancaster Drive, Grapevine, TX (32.932277, -97.091588)",TX,Disease-Specific & Episode-Based Models,3287,False
Enhancing Oncology Model,Texas Oncology,"18707 Hardy Oak, San Antonio, TX (29.615543, -98.478258)",TX,Disease-Specific & Episode-Based Models,3288,False
Enhancing Oncology Model,Texas Oncology,"11920 Astoria Blvd, Houston, TX (29.58363, -95.208479)",TX,Disease-Specific & Episode-Based Models,3289,False
Enhancing Oncology Model,Texas Oncology,"1300 North 4th Street, Longview, TX (32.510531, -94.730693)",TX,Disease-Specific & Episode-Based Models,3290,False
Enhancing Oncology Model,Texas Oncology,"1310B Paluxy Road, Granbury, TX (32.432362, -97.803711)",TX,Disease-Specific & Episode-Based Models,3291,False
Enhancing Oncology Model,Texas Oncology,"1425 East Lincoln Road, Idabel, OK (33.8829, -94.791664)",OK,Disease-Specific & Episode-Based Models,3292,False
Enhancing Oncology Model,Texas Oncology,"1200 Brooklyn Ave, San Antonio, TX (29.440281, -98.490345)",TX,Disease-Specific & Episode-Based Models,3293,False
Enhancing Oncology Model,Texas Oncology,"1308 Wonder World Dr., San Marcos, TX (29.851751, -97.947996)",TX,Disease-Specific & Episode-Based Models,3294,False
Enhancing Oncology Model,Texas Oncology,"12221 Renfert Way, Austin, TX (30.411476, -97.703659)",TX,Disease-Specific & Episode-Based Models,3295,False
Enhancing Oncology Model,Texas Oncology,"1228 Church Street, Sulphur Springs, TX (33.155558, -95.598341)",TX,Disease-Specific & Episode-Based Models,3296,False
Enhancing Oncology Model,Texas Oncology,"124 E. Bandera Road, Boerne, TX (29.780579, -98.727503)",TX,Disease-Specific & Episode-Based Models,3297,False
Enhancing Oncology Model,Texas Oncology,"13215 Dotson Road, Houston, TX (29.967883, -95.55389)",TX,Disease-Specific & Episode-Based Models,3298,False
Enhancing Oncology Model,Texas Oncology,"1330 E. 6th Street, Weslaco, TX (26.154253, -97.977321)",TX,Disease-Specific & Episode-Based Models,3299,False
Enhancing Oncology Model,Texas Oncology,"1323 E. Franklin St, Hillsboro, TX (32.011557, -97.099087)",TX,Disease-Specific & Episode-Based Models,3300,False
Enhancing Oncology Model,Texas Oncology,"1339 East Street, Graham, TX (33.090692, -98.583799)",TX,Disease-Specific & Episode-Based Models,3301,False
Enhancing Oncology Model,Texas Oncology,"1350 First Colony Blvd, Sugar Land, TX (29.60263, -95.636601)",TX,Disease-Specific & Episode-Based Models,3302,False
Enhancing Oncology Model,Texas Oncology,"1331 West Grand parkway North, Katy, TX (29.790524, -95.77865)",TX,Disease-Specific & Episode-Based Models,3303,False
Enhancing Oncology Model,Texas Oncology,"1401 Medical parkway, Cedar Park, TX (30.532424, -97.812177)",TX,Disease-Specific & Episode-Based Models,3304,False
Enhancing Oncology Model,Texas Oncology,"1448 East Common Street, New Braunfels, TX (29.722323, -98.099528)",TX,Disease-Specific & Episode-Based Models,3305,False
Enhancing Oncology Model,Texas Oncology,"150 E. Medical Center Blvd, Webster, TX (29.543778, -95.121657)",TX,Disease-Specific & Episode-Based Models,3306,False
Enhancing Oncology Model,Texas Oncology,"150 River North Blvd, Stephenville, TX (32.228752, -98.23264)",TX,Disease-Specific & Episode-Based Models,3307,False
Enhancing Oncology Model,Texas Oncology,"1500 Rivery Blvd., Georgetown, TX (30.649662, -97.687524)",TX,Disease-Specific & Episode-Based Models,3308,False
Enhancing Oncology Model,Texas Oncology,"1600 W. College Street, Grapevine, TX (32.93087, -97.086458)",TX,Disease-Specific & Episode-Based Models,3309,False
Enhancing Oncology Model,Texas Oncology,"1501 West Royal Lane, Irving, TX (32.899477, -96.968642)",TX,Disease-Specific & Episode-Based Models,3310,False
Enhancing Oncology Model,Texas Oncology,"2460 North I-35, Waxahachie, TX (32.429363, -96.858253)",TX,Disease-Specific & Episode-Based Models,3311,False
Enhancing Oncology Model,Texas Oncology,"1608 W. FM 700, Big Spring, TX (32.234888, -101.489739)",TX,Disease-Specific & Episode-Based Models,3312,False
Enhancing Oncology Model,Texas Oncology,"1609 Hospital Parkway, Bedford, TX (32.835534, -97.126186)",TX,Disease-Specific & Episode-Based Models,3313,False
Enhancing Oncology Model,Texas Oncology,"1626 W. Hwy 287 Business, Waxahachie, TX (32.399879, -96.865074)",TX,Disease-Specific & Episode-Based Models,3314,False
Enhancing Oncology Model,Texas Oncology,"1901 South 2nd St., McAllen, TX (26.186082, -98.224069)",TX,Disease-Specific & Episode-Based Models,3315,False
Enhancing Oncology Model,Texas Oncology,"1907 Hwy 97 E, Jourdanton, TX (28.932256, -98.525212)",TX,Disease-Specific & Episode-Based Models,3316,False
Enhancing Oncology Model,Texas Oncology,"191 Walls Drive, Cleburne, TX (32.332746, -97.437158)",TX,Disease-Specific & Episode-Based Models,3317,False
Enhancing Oncology Model,Texas Oncology,"2014 S. Wheeler, Jasper, TX (30.901573, -93.993243)",TX,Disease-Specific & Episode-Based Models,3318,False
Enhancing Oncology Model,Texas Oncology,"1700 W State Highway 6, Waco, TX (31.585853, -97.119643)",TX,Disease-Specific & Episode-Based Models,3319,False
Enhancing Oncology Model,Texas Oncology,"18780 I-20, Canton, TX (32.588064, -95.874279)",TX,Disease-Specific & Episode-Based Models,3320,False
Enhancing Oncology Model,Texas Oncology,"17189 I-45, MOB II, The Woodlands, TX (30.205188, -95.451727)",TX,Disease-Specific & Episode-Based Models,3321,False
Enhancing Oncology Model,Texas Oncology,"18980 W. Memorial Drive, Kingwood, TX (40.274185, -75.020499)",TX,Disease-Specific & Episode-Based Models,3322,False
Enhancing Oncology Model,Texas Oncology,"1901 Grandview, El Paso, TX (31.77797, -106.475734)",TX,Disease-Specific & Episode-Based Models,3323,False
Enhancing Oncology Model,Texas Oncology,"2410 Round Rock Ave., Round Rock, TX (30.50997, -97.714311)",TX,Disease-Specific & Episode-Based Models,3324,False
Enhancing Oncology Model,Texas Oncology,"260 E. Evergreen Street, Sherman, TX (33.64754, -96.609499)",TX,Disease-Specific & Episode-Based Models,3325,False
Enhancing Oncology Model,Texas Oncology,"2705 Prince George Ave., DeSoto, TX (32.644241, -96.88184)",TX,Disease-Specific & Episode-Based Models,3326,False
Enhancing Oncology Model,Texas Oncology,"201 S. Ave. T, Clifton, TX (31.781725, -97.573081)",TX,Disease-Specific & Episode-Based Models,3327,False
Enhancing Oncology Model,Texas Oncology,"515 W. Mayfield Rd., Arlington, TX (32.683823, -97.109615)",TX,Disease-Specific & Episode-Based Models,3328,False
Enhancing Oncology Model,Texas Oncology,"5680 Frisco Square Blvd., Frisco, TX (33.150911, -96.837746)",TX,Disease-Specific & Episode-Based Models,3329,False
Enhancing Oncology Model,Texas Oncology,"2026 South Jackson, Jacksonville, TX (31.938716, -95.247921)",TX,Disease-Specific & Episode-Based Models,3330,False
Enhancing Oncology Model,Texas Oncology,"301 Hospital Drive, Corsicana, TX (32.082806, -96.500796)",TX,Disease-Specific & Episode-Based Models,3331,False
Enhancing Oncology Model,Texas Oncology,"304 S. Daugherty Ave., Eastland, TX (32.399933, -98.821367)",TX,Disease-Specific & Episode-Based Models,3332,False
Enhancing Oncology Model,Texas Oncology,"2101 Mulberry St., Mount Pleasant, TX (33.176869, -94.97367)",TX,Disease-Specific & Episode-Based Models,3333,False
Enhancing Oncology Model,Texas Oncology,"211 Elmhurst Drive, Kyle, TX (29.998901, -97.860474)",TX,Disease-Specific & Episode-Based Models,3334,False
Enhancing Oncology Model,Texas Oncology,"2150 N. Expressway 83, Brownsville, TX (25.9464828, -97.5065615)",TX,Disease-Specific & Episode-Based Models,3335,False
Enhancing Oncology Model,Texas Oncology,"506 Graham Drive, Tomball, TX (30.089384, -95.619971)",TX,Disease-Specific & Episode-Based Models,3336,False
Enhancing Oncology Model,Texas Oncology,"514 S. Bonham, Mexia, TX (31.676141, -96.48015)",TX,Disease-Specific & Episode-Based Models,3337,False
Enhancing Oncology Model,Texas Oncology,"7211 Preston Road, Plano, TX (33.075655, -96.797408)",TX,Disease-Specific & Episode-Based Models,3338,False
Enhancing Oncology Model,Texas Oncology,"2121 Pease, Harlingen, TX (26.174448, -97.67146)",TX,Disease-Specific & Episode-Based Models,3339,False
Enhancing Oncology Model,Texas Oncology,"221 W. Colorado Blvd, Dallas, TX (32.758487, -96.823939)",TX,Disease-Specific & Episode-Based Models,3340,False
Enhancing Oncology Model,Texas Oncology,"2300 Lohmans Spur, Lakeway, TX (30.338364, -97.971434)",TX,Disease-Specific & Episode-Based Models,3341,False
Enhancing Oncology Model,Texas Oncology,"305 Sandy Corner Rd., El Campo, TX (29.219363, -96.291231)",TX,Disease-Specific & Episode-Based Models,3342,False
Enhancing Oncology Model,Texas Oncology,"2130 NE Loop 410, San Antonio, TX (29.51519, -98.427123)",TX,Disease-Specific & Episode-Based Models,3343,False
Enhancing Oncology Model,Texas Oncology,"2501 Jimmy Johnson Blvd., Port Arthur, TX (29.933692, -93.988957)",TX,Disease-Specific & Episode-Based Models,3344,False
Enhancing Oncology Model,Texas Oncology,"310 South Pecos, Coleman, TX (31.828809, -99.425473)",TX,Disease-Specific & Episode-Based Models,3345,False
Enhancing Oncology Model,Texas Oncology,"3535 Victory Group Way, Frisco, TX (33.107718, -96.844378)",TX,Disease-Specific & Episode-Based Models,3346,False
Enhancing Oncology Model,Texas Oncology,"215 Chisholm Trail, Jacksboro, TX (33.230748, -98.166978)",TX,Disease-Specific & Episode-Based Models,3347,False
Enhancing Oncology Model,Texas Oncology,"235 W. Palm Street, Bellville, TX (29.952621, -96.259309)",TX,Disease-Specific & Episode-Based Models,3348,False
Enhancing Oncology Model,Texas Oncology,"252 Matlock Road, Mansfield, TX (32.566088, -97.094558)",TX,Disease-Specific & Episode-Based Models,3349,False
Enhancing Oncology Model,Texas Oncology,"4370 Medical Arts Drive, Flower Mound, TX (33.04491, -97.067756)",TX,Disease-Specific & Episode-Based Models,3350,False
Enhancing Oncology Model,Texas Oncology,"2600 Scripture Street, Denton, TX (33.219827, -97.166654)",TX,Disease-Specific & Episode-Based Models,3351,False
Enhancing Oncology Model,Texas Oncology,"301 Seton Parkway, Round Rock, TX (30.565741, -97.649351)",TX,Disease-Specific & Episode-Based Models,3352,False
Enhancing Oncology Model,Texas Oncology,"3070 College Street, Beaumont, TX (30.071047, -94.119275)",TX,Disease-Specific & Episode-Based Models,3353,False
Enhancing Oncology Model,Texas Oncology,"2800 E. Broad Street, Mansfield, TX (32.568368, -97.094467)",TX,Disease-Specific & Episode-Based Models,3354,False
Enhancing Oncology Model,Texas Oncology,"2821 E. President George Bush Hwy., Richardson, TX (32.99613, -96.66761)",TX,Disease-Specific & Episode-Based Models,3355,False
Enhancing Oncology Model,Texas Oncology,"2829 Babcock Rd., San Antonio, TX (29.513899, -98.590713)",TX,Disease-Specific & Episode-Based Models,3356,False
Enhancing Oncology Model,Texas Oncology,"301 Jenny George Lane, Sweetwater, TX (32.452939, -100.396653)",TX,Disease-Specific & Episode-Based Models,3357,False
Enhancing Oncology Model,Texas Oncology,"3705 West 15th Street, Plano, TX (33.019972, -96.763337)",TX,Disease-Specific & Episode-Based Models,3358,False
Enhancing Oncology Model,Texas Oncology,"3107 Highway 71 East, Bastrop, TX (30.102732, -97.293238)",TX,Disease-Specific & Episode-Based Models,3359,False
Enhancing Oncology Model,Texas Oncology,"3144 Horizon Road, Rockwall, TX (32.885134, -96.46705)",TX,Disease-Specific & Episode-Based Models,3360,False
Enhancing Oncology Model,Texas Oncology,"324 NW Parkway Street, Azle, TX (32.895397, -97.541095)",TX,Disease-Specific & Episode-Based Models,3361,False
Enhancing Oncology Model,Texas Oncology,"3415 S. Loop 256, Palestine, TX (31.73769, -95.634834)",TX,Disease-Specific & Episode-Based Models,3362,False
Enhancing Oncology Model,Texas Oncology,"400 W. Medical Center Blvd., Webster, TX (29.542337, -95.125747)",TX,Disease-Specific & Episode-Based Models,3363,False
Enhancing Oncology Model,Texas Oncology,"4201 Brown Trail, Colleyville, TX (32.873544, -97.16082)",TX,Disease-Specific & Episode-Based Models,3364,False
Enhancing Oncology Model,Texas Oncology,"3270 Joe Battle Blvd., El Paso, TX (31.789365, -106.265103)",TX,Disease-Specific & Episode-Based Models,3365,False
Enhancing Oncology Model,Texas Oncology,"3410 Worth Street, Dallas, TX (32.788241, -96.778682)",TX,Disease-Specific & Episode-Based Models,3366,False
Enhancing Oncology Model,Texas Oncology,"3550 N.E. Loop 286, Paris, TX (33.667713, -95.51316)",TX,Disease-Specific & Episode-Based Models,3367,False
Enhancing Oncology Model,Texas Oncology,"3865 Childress Avenue, Mesquite, TX (32.817268, -96.62762)",TX,Disease-Specific & Episode-Based Models,3368,False
Enhancing Oncology Model,Texas Oncology,"4708 Alliance Blvd., Plano, TX (33.014283, -96.792328)",TX,Disease-Specific & Episode-Based Models,3369,False
Enhancing Oncology Model,Texas Oncology,"3327 Research Plaza, San Antonio, TX (29.344978, -98.437001)",TX,Disease-Specific & Episode-Based Models,3370,False
Enhancing Oncology Model,Texas Oncology,"4101 James Casey Street, Austin, TX (30.226053, -97.773561)",TX,Disease-Specific & Episode-Based Models,3371,False
Enhancing Oncology Model,Texas Oncology,"4215 Joe Ramsey Blvd., Greenville, TX (33.122487, -96.123918)",TX,Disease-Specific & Episode-Based Models,3372,False
Enhancing Oncology Model,Texas Oncology,"3537 S. Interstate 35E, Denton, TX (33.176794, -97.090846)",TX,Disease-Specific & Episode-Based Models,3373,False
Enhancing Oncology Model,Texas Oncology,"3555 West Wheatland Road, Dallas, TX (32.648784, -96.878963)",TX,Disease-Specific & Episode-Based Models,3374,False
Enhancing Oncology Model,Texas Oncology,"4700 N. Galloway Ave., Mesquite, TX (32.828008, -96.626061)",TX,Disease-Specific & Episode-Based Models,3375,False
Enhancing Oncology Model,Texas Oncology,"500 Medical Center Blvd., Conroe, TX (30.285493, -95.468453)",TX,Disease-Specific & Episode-Based Models,3376,False
Enhancing Oncology Model,Texas Oncology,"5125 Texoma Medical Center Dr., Denison, TX (33.708065, -96.585059)",TX,Disease-Specific & Episode-Based Models,3377,False
Enhancing Oncology Model,Texas Oncology,"400 North Brown, Hamilton, TX (31.704894, -98.114066)",TX,Disease-Specific & Episode-Based Models,3378,False
Enhancing Oncology Model,Texas Oncology,"4001 W. 15th Street, Plano, TX (33.019799, -96.76861)",TX,Disease-Specific & Episode-Based Models,3379,False
Enhancing Oncology Model,Texas Oncology,"4510 Medical Center Drive, McKinney, TX (33.15957, -96.638106)",TX,Disease-Specific & Episode-Based Models,3380,False
Enhancing Oncology Model,Texas Oncology,"4301 College Drive, Vernon, TX (34.160799, -99.314962)",TX,Disease-Specific & Episode-Based Models,3381,False
Enhancing Oncology Model,Texas Oncology,"4352 N. Josey Lane, Carrollton, TX (33.02834, -96.883612)",TX,Disease-Specific & Episode-Based Models,3382,False
Enhancing Oncology Model,Texas Oncology,"4450 Sojourn Drive, Addison, TX (32.98201, -96.835277)",TX,Disease-Specific & Episode-Based Models,3383,False
Enhancing Oncology Model,Texas Oncology,"4461 Coit Road, Frisco, TX (33.114499, -96.769724)",TX,Disease-Specific & Episode-Based Models,3384,False
Enhancing Oncology Model,Texas Oncology,"450 W. Medical Center Blvd., Webster, TX (29.541928, -95.126716)",TX,Disease-Specific & Episode-Based Models,3385,False
Enhancing Oncology Model,Texas Oncology,"500 W. 3rd Street, Odessa, TX (31.844829, -102.373053)",TX,Disease-Specific & Episode-Based Models,3386,False
Enhancing Oncology Model,Texas Oncology,"500 W. Main Street, Lewisville, TX (33.044381, -97.004532)",TX,Disease-Specific & Episode-Based Models,3387,False
Enhancing Oncology Model,Texas Oncology,"979 Don Floyd Drive, Midothian, TX (32.4682449, -96.9853202)",TX,Disease-Specific & Episode-Based Models,3388,False
Enhancing Oncology Model,Texas Oncology,"497 10th Street, Floresville, TX (29.158129, -98.171753)",TX,Disease-Specific & Episode-Based Models,3389,False
Enhancing Oncology Model,Texas Oncology,"6130 W. Parker Road, Plano, TX (33.044985, -96.834149)",TX,Disease-Specific & Episode-Based Models,3390,False
Enhancing Oncology Model,Texas Oncology,"6500 Harris Parkway, Fort Worth, TX (32.658198, -97.42078)",TX,Disease-Specific & Episode-Based Models,3391,False
Enhancing Oncology Model,Texas Oncology,"7200 State Highway 161, Irving, TX (32.90404, -96.957099)",TX,Disease-Specific & Episode-Based Models,3392,False
Enhancing Oncology Model,Texas Oncology,"7848 Gateway East, El Paso, TX (31.755707, -106.3551167)",TX,Disease-Specific & Episode-Based Models,3393,False
Enhancing Oncology Model,Texas Oncology,"500 South Henderson Street, Fort Worth, TX (32.739614, -97.338238)",TX,Disease-Specific & Episode-Based Models,3394,False
Enhancing Oncology Model,Texas Oncology,"501 W. Medical Center Blvd., Webster, TX (29.539554, -95.127249)",TX,Disease-Specific & Episode-Based Models,3395,False
Enhancing Oncology Model,Texas Oncology,"506 S. State Hwy 37, Mt. Vernon, TX (33.188916, -95.225211)",TX,Disease-Specific & Episode-Based Models,3396,False
Enhancing Oncology Model,Texas Oncology,"506 W. Windcrest Street, Fredericksburg, TX (30.264146, -98.88442)",TX,Disease-Specific & Episode-Based Models,3397,False
Enhancing Oncology Model,Texas Oncology,"5206 Research Drive, San Antonio, TX (29.540299, -98.587149)",TX,Disease-Specific & Episode-Based Models,3398,False
Enhancing Oncology Model,Texas Oncology,"5236 W. University Dr., McKinney, TX (33.221073, -96.681604)",TX,Disease-Specific & Episode-Based Models,3399,False
Enhancing Oncology Model,Texas Oncology,"5400 Kell West Blvd., Wichita Falls, TX (33.872143, -98.587365)",TX,Disease-Specific & Episode-Based Models,3400,False
Enhancing Oncology Model,Texas Oncology,"610 31st Street, Hondo, TX (29.335985, -99.135328)",TX,Disease-Specific & Episode-Based Models,3401,False
Enhancing Oncology Model,Texas Oncology,"8160 Walnut Hill Lane, Dallas, TX (32.879541, -96.761274)",TX,Disease-Specific & Episode-Based Models,3402,False
Enhancing Oncology Model,Texas Oncology,"5858 W. Main Street, Frisco, TX (33.153536, -96.836859)",TX,Disease-Specific & Episode-Based Models,3403,False
Enhancing Oncology Model,Texas Oncology,"5920 W. Parker Road, Plano, TX (33.044703, -96.824136)",TX,Disease-Specific & Episode-Based Models,3404,False
Enhancing Oncology Model,Texas Oncology,"6204 Balcones Drive, Austin, TX (30.344843, -97.752742)",TX,Disease-Specific & Episode-Based Models,3405,False
Enhancing Oncology Model,Texas Oncology,"6300 W. Parker Road, Plano, TX (33.044986, -96.837195)",TX,Disease-Specific & Episode-Based Models,3406,False
Enhancing Oncology Model,Texas Oncology,"6520 Horizon Circle, Waco, TX (31.484515, -97.174161)",TX,Disease-Specific & Episode-Based Models,3407,False
Enhancing Oncology Model,Texas Oncology,"694 Hill Country Drive, Kerville, TX (30.043054, -99.150796)",TX,Disease-Specific & Episode-Based Models,3408,False
Enhancing Oncology Model,Texas Oncology,"6957 W. Plano Parkway, Plano, TX (33.016124, -96.777)",TX,Disease-Specific & Episode-Based Models,3409,False
Enhancing Oncology Model,Texas Oncology,"815 S. Washington Ave., Marshall, TX (32.537729, -94.367943)",TX,Disease-Specific & Episode-Based Models,3410,False
Enhancing Oncology Model,Texas Oncology,"6807 Emmett F Lowry Expy., Texas City, TX (29.394372, -94.987014)",TX,Disease-Specific & Episode-Based Models,3411,False
Enhancing Oncology Model,Texas Oncology,"690 North 14th Street, Beaumont, TX (30.087441, -94.133196)",TX,Disease-Specific & Episode-Based Models,3412,False
Enhancing Oncology Model,Texas Oncology,"9180 Pinecroft Drive, The Woodlands, TX (30.175499, -95.453945)",TX,Disease-Specific & Episode-Based Models,3413,False
Enhancing Oncology Model,Texas Oncology,"920 Medical Plaza Drive, The Woodlands, TX (30.174036, -95.452598)",TX,Disease-Specific & Episode-Based Models,3414,False
Enhancing Oncology Model,Texas Oncology,"7150 N. President George Bush Hwy., Garland, TX (32.980591, -96.66118)",TX,Disease-Specific & Episode-Based Models,3415,False
Enhancing Oncology Model,Texas Oncology,"7515 South Main St., Houston, TX (29.69974, -95.409937)",TX,Disease-Specific & Episode-Based Models,3416,False
Enhancing Oncology Model,Texas Oncology,"800 West Central Texas Expressway, Harker Heights, TX (31.072579, -97.681706)",TX,Disease-Specific & Episode-Based Models,3417,False
Enhancing Oncology Model,Texas Oncology,"9750 Hillwood Parkway, Keller, TX (32.936564, -97.240981)",TX,Disease-Specific & Episode-Based Models,3418,False
Enhancing Oncology Model,Texas Oncology,"7400 Fannin St., Houston, TX (29.69448, -95.401204)",TX,Disease-Specific & Episode-Based Models,3419,False
Enhancing Oncology Model,Texas Oncology,"7777 Forest Lane, Dallas, TX (32.911775, -96.773229)",TX,Disease-Specific & Episode-Based Models,3420,False
Enhancing Oncology Model,Texas Oncology,"8196 Walnut Hill Lane, Dallas, TX (32.879541, -96.761274)",TX,Disease-Specific & Episode-Based Models,3421,False
Enhancing Oncology Model,Texas Oncology,"906 West Randol Mill Road, Arlington, TX (32.749349, -97.118964)",TX,Disease-Specific & Episode-Based Models,3422,False
Enhancing Oncology Model,Texas Oncology,"910 E. Houston St., Tyler, TX (32.343987, -95.29135)",TX,Disease-Specific & Episode-Based Models,3423,False
Enhancing Oncology Model,Texas Oncology,"911 Foster Lane, Weatherford, TX (32.749033, -97.78703)",TX,Disease-Specific & Episode-Based Models,3424,False
Enhancing Oncology Model,Texas Oncology,"7950 Floyd Curl Drive, San Antonio, TX (29.512542, -98.575708)",TX,Disease-Specific & Episode-Based Models,3425,False
Enhancing Oncology Model,Texas Oncology,"802 Medical Circle, Longview, TX (32.534134, -94.730708)",TX,Disease-Specific & Episode-Based Models,3426,False
Enhancing Oncology Model,Texas Oncology,"805 West 37th, Austin, TX (30.303627, -97.742604)",TX,Disease-Specific & Episode-Based Models,3427,False
Enhancing Oncology Model,Texas Oncology,"701 McClintic Drive, Groesbeck, TX (31.530424, -96.530423)",TX,Disease-Specific & Episode-Based Models,3428,False
Enhancing Oncology Model,Texas Oncology,"8315 Walnut Hill Lane, Dallas, TX (32.884692, -96.761039)",TX,Disease-Specific & Episode-Based Models,3429,False
Enhancing Oncology Model,Texas Oncology,"901 W. 38th Street, Autsin, TX (30.3046087, -97.7450515)",TX,Disease-Specific & Episode-Based Models,3430,False
Enhancing Oncology Model,Texas Oncology,"9100 Lakeview Pkwy., Rowlett, TX (32.918868, -96.513189)",TX,Disease-Specific & Episode-Based Models,3431,False
Enhancing Oncology Model,Texas Oncology,"400 Rosalind Redfern Grover Pkwy., Midland, TX (31.997566, -102.100201)",TX,Disease-Specific & Episode-Based Models,3432,False
Enhancing Oncology Model,Texas Oncology,"925 Gessner Road, Houston, TX (29.781791, -95.54515)",TX,Disease-Specific & Episode-Based Models,3433,False
Enhancing Oncology Model,Texas Oncology,"1507 W. Main Street, Gatesville, TX (31.435215, -97.779162)",TX,Disease-Specific & Episode-Based Models,3434,False
Enhancing Oncology Model,Tennessee Oncology PLLC,"1032 McCallie Avenue Suite 200, Chattanooga, TN (35.040877, -85.288927)",TN,Disease-Specific & Episode-Based Models,3435,False
Enhancing Oncology Model,Tennessee Oncology PLLC,"2390 N Ocoee St, Cleveland, TN (35.177262, -84.866022)",TN,Disease-Specific & Episode-Based Models,3436,False
Enhancing Oncology Model,Tennessee Oncology PLLC,"397 Wallace Rd Suite 201, Nashville, TN (36.076311, -86.72346)",TN,Disease-Specific & Episode-Based Models,3437,False
Enhancing Oncology Model,Tennessee Oncology PLLC,"1208 Point Center Drive Suite 110, Chattanooga, TN (35.013012, -85.18702)",TN,Disease-Specific & Episode-Based Models,3438,False
Enhancing Oncology Model,Tennessee Oncology PLLC,"2200 E 3rd St. Suite 100, Chattanooga, TN (35.03898, -85.267696)",TN,Disease-Specific & Episode-Based Models,3439,False
Enhancing Oncology Model,Tennessee Oncology PLLC,"605 Glenwood Dr Suite 200, Chattnooga, TN (35.040372, -85.260081)",TN,Disease-Specific & Episode-Based Models,3440,False
Enhancing Oncology Model,Tennessee Oncology PLLC,"225 Big Station Camp Blvd Suite 201, Gallatin, TN (36.357454, -86.537256)",TN,Disease-Specific & Episode-Based Models,3441,False
Enhancing Oncology Model,Tennessee Oncology PLLC,"5073 Main St. Suite 210, Spring Hill, TN (35.767145, -86.919669)",TN,Disease-Specific & Episode-Based Models,3442,False
Enhancing Oncology Model,Tennessee Oncology PLLC,"776 Weatherly Drive Suite A, Clarksville, TN (36.574349, -87.288613)",TN,Disease-Specific & Episode-Based Models,3443,False
Enhancing Oncology Model,Tennessee Oncology PLLC,"4488 Carothers Pkwy Suite 300, Franklin, TN (35.917581, -86.815067)",TN,Disease-Specific & Episode-Based Models,3444,False
Enhancing Oncology Model,Tennessee Oncology PLLC,"2051 Hamill Rd, Hixson, TN (35.124471, -85.238114)",TN,Disease-Specific & Episode-Based Models,3445,False
Enhancing Oncology Model,Tennessee Oncology PLLC,"3443 Dickerson Rd Suite 760, Nashville, TN (36.240762, -86.757516)",TN,Disease-Specific & Episode-Based Models,3446,False
Enhancing Oncology Model,Tennessee Oncology PLLC,"103 Natchez Park Dr Suite 103, Dickson, TN (36.010131, -87.328834)",TN,Disease-Specific & Episode-Based Models,3447,False
Enhancing Oncology Model,Tennessee Oncology PLLC,"353 New Shackle Island Road Suite 204A, Hendersonville, TN (36.324968, -86.62162)",TN,Disease-Specific & Episode-Based Models,3448,False
Enhancing Oncology Model,Tennessee Oncology PLLC,"518 Main St, Smithville, TN (35.959861, -85.804257)",TN,Disease-Specific & Episode-Based Models,3449,False
Enhancing Oncology Model,Tennessee Oncology PLLC,"504 22nd Ave E, Springfield, TN (36.491117, -86.881205)",TN,Disease-Specific & Episode-Based Models,3450,False
Enhancing Oncology Model,Tennessee Oncology PLLC,"5653 Frist Blvd Suite 434, Hermitage, TN (36.176899, -86.608473)",TN,Disease-Specific & Episode-Based Models,3451,False
Enhancing Oncology Model,Tennessee Oncology PLLC,"103 Physicians Way, Lebanon, TN (36.179817, -86.327166)",TN,Disease-Specific & Episode-Based Models,3452,False
Enhancing Oncology Model,Tennessee Oncology PLLC,"2004 Hayes St. Suite 360, Nashville, TN (36.152239, -86.801255)",TN,Disease-Specific & Episode-Based Models,3453,False
Enhancing Oncology Model,Tennessee Oncology PLLC,"335 24th Ave N Suite 200, Nashville, TN (36.153605, -86.810745)",TN,Disease-Specific & Episode-Based Models,3454,False
Enhancing Oncology Model,Tennessee Oncology PLLC,"2121 N Locust St, Lawrenceburg, TN (35.27175, -87.320515)",TN,Disease-Specific & Episode-Based Models,3455,False
Enhancing Oncology Model,Tennessee Oncology PLLC,"1589 Sparta St Suite 203, McMinnville, TN (35.700198, -85.74249)",TN,Disease-Specific & Episode-Based Models,3456,False
Enhancing Oncology Model,Tennessee Oncology PLLC,"250 25th Ave N Suite 412, Nashville, TN (36.152911, -86.811878)",TN,Disease-Specific & Episode-Based Models,3457,False
Enhancing Oncology Model,Tennessee Oncology PLLC,"1840 Medical Center Pkwy Suite 300, Murfreesboro, TN (35.860762, -86.426387)",TN,Disease-Specific & Episode-Based Models,3458,False
Enhancing Oncology Model,Tennessee Oncology PLLC,"2004 Hayes St Suite 350, Nashville, TN (36.152239, -86.801255)",TN,Disease-Specific & Episode-Based Models,3459,False
Enhancing Oncology Model,Tennessee Oncology PLLC,"250 25th Ave N Suite 100, Nashville, TN (36.154094, -86.809406)",TN,Disease-Specific & Episode-Based Models,3460,False
Enhancing Oncology Model,Tennessee Oncology PLLC,"4645 Battlefield Pkwy, Ringgold, GA (34.933915, -85.187034)",GA,Disease-Specific & Episode-Based Models,3461,False
Enhancing Oncology Model,Tennessee Oncology PLLC,"120 Frank Martin Rd, Shelbyville, TN (35.567178, -86.451655)",TN,Disease-Specific & Episode-Based Models,3462,False
Enhancing Oncology Model,Tennessee Oncology PLLC,"300 Stonecrest Blvd Suite 400, Smyrna, TN (35.974389, -86.566165)",TN,Disease-Specific & Episode-Based Models,3463,False
Enhancing Oncology Model,Tennessee Oncology PLLC,"1750 Cedar Ln Suite 200, Tullahoma, TN (35.382386, -86.23381)",TN,Disease-Specific & Episode-Based Models,3464,False
Enhancing Oncology Model,Tennessee Oncology PLLC,"4220 Harding Rd Suite 200, Nashville, TN (36.129352, -86.844694)",TN,Disease-Specific & Episode-Based Models,3465,False
Enhancing Oncology Model,Tennessee Oncology PLLC,"1504 N Thornton Ave Suite 102, Dalton, GA (34.793684, -84.982275)",GA,Disease-Specific & Episode-Based Models,3466,False
Enhancing Oncology Model,Tennessee Oncology PLLC,"315 N Washington Ave Suite 230, Cookeville, TN (36.166246, -85.497246)",TN,Disease-Specific & Episode-Based Models,3467,False
Enhancing Oncology Model,"Oncology Associates of Oregon, PC","520 Country Club Rd, Eugene, OR (44.063247, -123.091311)",OR,Disease-Specific & Episode-Based Models,3468,False
Enhancing Oncology Model,"Oncology Associates of Oregon, PC","444 NW Elks Drive, Corvallis, OR (44.60054, -123.254024)",OR,Disease-Specific & Episode-Based Models,3469,False
Enhancing Oncology Model,"Oncology Associates of Oregon, PC","2615 Willetta Street, Suite C, Albany, OR (44.61611, -123.114844)",OR,Disease-Specific & Episode-Based Models,3470,False
Enhancing Oncology Model,"Oncology Associates of Oregon, PC","340 9th Street, Florence, OR (43.974692, -124.119271)",OR,Disease-Specific & Episode-Based Models,3471,False
Enhancing Oncology Model,"Oncology Associates of Oregon, PC","2039 North Coast Highway, Newport, OR (44.651837, -124.053156)",OR,Disease-Specific & Episode-Based Models,3472,False
Enhancing Oncology Model,"Oncology Associates of Oregon, PC","3355 Riverbend Drive, Suite 450, Springfield, OR (44.082264, -123.027538)",OR,Disease-Specific & Episode-Based Models,3473,False
Enhancing Oncology Model,"Oncology Associates of Oregon, PC","3015 NE West Devils Lake Rd, Lincoln City, OR (44.98742, -123.997093)",OR,Disease-Specific & Episode-Based Models,3474,False
Enhancing Oncology Model,HonorHealth Cancer care,"3645 S. Rome St. , Suite 209, Gilbert, AZ (33.284609, -111.749969)",AZ,Disease-Specific & Episode-Based Models,3475,False
Enhancing Oncology Model,HonorHealth Cancer care,"10320 W. McDowell Rd., #H8025, Avondale, AZ (33.465607, -112.282204)",AZ,Disease-Specific & Episode-Based Models,3476,False
Enhancing Oncology Model,HonorHealth Cancer care,"20745 N. Scottsdale Rd., #115, Scottsdale, AZ (33.675483, -111.923589)",AZ,Disease-Specific & Episode-Based Models,3477,False
Enhancing Oncology Model,HonorHealth Cancer care,"1110 S. Dobson Rd., #1, Chandler, AZ (33.289758, -111.878012)",AZ,Disease-Specific & Episode-Based Models,3478,False
Enhancing Oncology Model,HonorHealth Cancer care,"7695 S. Research Dr., Tempe, AZ (33.347304, -111.894965)",AZ,Disease-Specific & Episode-Based Models,3479,False
Enhancing Oncology Model,HonorHealth Cancer care,"10197 N 92nd Street, #101, Scottsdale, AZ (33.578224, -111.878785)",AZ,Disease-Specific & Episode-Based Models,3480,False
Enhancing Oncology Model,HonorHealth Cancer care,"750 S. Ironwood Dr., #102, Apache Junction, AZ (33.408513, -111.563739)",AZ,Disease-Specific & Episode-Based Models,3481,False
Enhancing Oncology Model,HonorHealth Cancer care,"19646 N. 27th Avenue, #301, Phoenix, AZ (33.665378, -112.118338)",AZ,Disease-Specific & Episode-Based Models,3482,False
Enhancing Oncology Model,HonorHealth Cancer care,"10460 N. 92nd Street, #200 & #400, Scottsdale, AZ (33.580895, -111.883219)",AZ,Disease-Specific & Episode-Based Models,3483,False
Enhancing Oncology Model,HonorHealth Cancer care,"9250 N. 3rd Street, #3010, Phoenix, AZ (33.570363, -112.070173)",AZ,Disease-Specific & Episode-Based Models,3484,False
Enhancing Oncology Model,HonorHealth Cancer care,"3501 N. Scottsdale Rd., #300, Scottsdale, AZ (33.488992, -111.925436)",AZ,Disease-Specific & Episode-Based Models,3485,False
Enhancing Oncology Model,HonorHealth Cancer care,"14674 W. Mountain View Blvd., #105, Surprise, AZ (33.655481, -112.376797)",AZ,Disease-Specific & Episode-Based Models,3486,False
Enhancing Oncology Model,HonorHealth Cancer care,"2222 E. Highland Ave. #400, Phoenix, AZ (33.506355, -112.033409)",AZ,Disease-Specific & Episode-Based Models,3487,False
Enhancing Oncology Model,HonorHealth Cancer care,"3648 W. Anthem Way, A100, Anthem, AZ (33.86722, -112.136594)",AZ,Disease-Specific & Episode-Based Models,3488,False
Enhancing Oncology Model,HonorHealth Cancer care,"6716 E. Palisades Blvd., #103, Fountain Hills, AZ (33.487717, -111.935989)",AZ,Disease-Specific & Episode-Based Models,3489,False
Enhancing Oncology Model,HonorHealth Cancer care,"15000 N 83rd Ave, Suite 300, Peoria, AZ (33.62120927821171, -112.23824778078873)",AZ,Disease-Specific & Episode-Based Models,3490,False
Enhancing Oncology Model,Edwards Comprehensive Cancer Center@ Cabell Huntington Hospital,"1600 Hal Greer Boulevard, Huntington, WV (38.404513, -82.427897)",WV,Disease-Specific & Episode-Based Models,3491,False
Enhancing Oncology Model,"Oncology & Hematology Assoc. of Southwest Virginia, lnc.","1 ARH Lane, Suite 203, Low Moor, VA (37.792015, -79.881035)",VA,Disease-Specific & Episode-Based Models,3492,False
Enhancing Oncology Model,"Oncology & Hematology Assoc. of Southwest Virginia, lnc.","1710 Whitfield Drive, Bedford, VA (37.35314, -79.519203)",VA,Disease-Specific & Episode-Based Models,3493,False
Enhancing Oncology Model,"Oncology & Hematology Assoc. of Southwest Virginia, lnc.","2600 Research Center Dr., Suite A, Blacksburg, VA (37.195457, -80.40438)",VA,Disease-Specific & Episode-Based Models,3494,False
Enhancing Oncology Model,"Oncology & Hematology Assoc. of Southwest Virginia, lnc.","390 South Main Street, Suite 103, Rocky Mount, VA (36.993812, -79.890387)",VA,Disease-Specific & Episode-Based Models,3495,False
Enhancing Oncology Model,"Oncology & Hematology Assoc. of Southwest Virginia, lnc.","1900 Electric Road, Salem, VA (37.263169, -80.031284)",VA,Disease-Specific & Episode-Based Models,3496,False
Enhancing Oncology Model,"Oncology & Hematology Assoc. of Southwest Virginia, lnc.","108 Houston Street, Suite B, Lexington, VA (37.777969, -79.444107)",VA,Disease-Specific & Episode-Based Models,3497,False
Enhancing Oncology Model,"Oncology & Hematology Assoc. of Southwest Virginia, lnc.","2400 Lee Highway, Pulaski, VA (37.068329, -80.757196)",VA,Disease-Specific & Episode-Based Models,3498,False
Enhancing Oncology Model,"Oncology & Hematology Assoc. of Southwest Virginia, lnc.","2013 South Jefferson Street, Roanoke, VA (37.251874, -79.94323)",VA,Disease-Specific & Episode-Based Models,3499,False
Enhancing Oncology Model,"Oncology & Hematology Assoc. of Southwest Virginia, lnc.","710 West Ridge Road, Suite E, Wytheville, VA (36.953465, -81.096809)",VA,Disease-Specific & Episode-Based Models,3500,False
Enhancing Oncology Model,Christus St. Vincent Hospital,"490 W. Zia Road, Santa Fe, NM (35.646015, -105.953334)",NM,Disease-Specific & Episode-Based Models,3501,False
Enhancing Oncology Model,Christus St. Vincent Hospital,"465 St. Michael's Dr. Suite 110, Santa Fe, NM (35.659495, -105.947056)",NM,Disease-Specific & Episode-Based Models,3502,False
Enhancing Oncology Model,Illinois Cancer Specialists,"1555 Barrington Rd, Suite 235, Hoffman Estates, IL (42.052346, -88.141387)",IL,Disease-Specific & Episode-Based Models,3503,False
Enhancing Oncology Model,Illinois Cancer Specialists,"8915 W. Gold Rd, Niles, IL (41.733, -87.572844)",IL,Disease-Specific & Episode-Based Models,3504,False
Enhancing Oncology Model,Illinois Cancer Specialists,"880 W. Central Road, Suite 8200, Arlington Heights, IL (42.066744, -87.995515)",IL,Disease-Specific & Episode-Based Models,3505,False
Enhancing Oncology Model,Illinois Cancer Specialists,"360 Station Dr, Suite 201, Crystal Lake, IL (42.357997, -88.164088)",IL,Disease-Specific & Episode-Based Models,3506,False
Enhancing Oncology Model,Illinois Cancer Specialists,"1710 N. Randall Rd, Suite 300, Elgin, IL (42.076007, -88.336582)",IL,Disease-Specific & Episode-Based Models,3507,False
Enhancing Oncology Model,Illinois Cancer Specialists,"7447 W. Talcott Ave, Suite 1, Chicago, IL (41.988318, -87.814727)",IL,Disease-Specific & Episode-Based Models,3508,False
Enhancing Oncology Model,Prisma Health dba Prisma Health University Medical Group,"200 Fleetwood Dr., Ste 200, Easley, SC (34.84066, -82.60679)",SC,Disease-Specific & Episode-Based Models,3509,False
Enhancing Oncology Model,Prisma Health dba Prisma Health University Medical Group,"900 W. Faris Rd, Greenville, SC (34.817709, -82.411051)",SC,Disease-Specific & Episode-Based Models,3510,False
Enhancing Oncology Model,Prisma Health dba Prisma Health University Medical Group,"65 International Dr., Greenville, SC (34.847412, -82.319789)",SC,Disease-Specific & Episode-Based Models,3511,False
Enhancing Oncology Model,Prisma Health dba Prisma Health University Medical Group,"340 Medical Pkwy, Greer, SC (34.919033, -82.243518)",SC,Disease-Specific & Episode-Based Models,3512,False
Enhancing Oncology Model,Prisma Health dba Prisma Health University Medical Group,"131 Lila Doyle Dr., Seneca, SC (34.693633, -82.985287)",SC,Disease-Specific & Episode-Based Models,3513,False
Enhancing Oncology Model,Prisma Health dba Prisma Health University Medical Group,"130 N. Washington St., Sumter, SC (33.923542, -80.344579)",SC,Disease-Specific & Episode-Based Models,3514,False
Enhancing Oncology Model,Prisma Health dba Prisma Health University Medical Group,"3 Butternut Dr., Ste B, Greenville, SC (34.814362, -82.420141)",SC,Disease-Specific & Episode-Based Models,3515,False
Enhancing Oncology Model,Prisma Health dba Prisma Health University Medical Group,"340 Medical Parkway, Ste 200, Greer, SC (34.919033, -82.243518)",SC,Disease-Specific & Episode-Based Models,3516,False
Enhancing Oncology Model,Prisma Health dba Prisma Health University Medical Group,"22725 Hwy 76 E., 3rd Flr, Clinton, SC (34.481542, -81.940423)",SC,Disease-Specific & Episode-Based Models,3517,False
Enhancing Oncology Model,Prisma Health dba Prisma Health University Medical Group,"890 W. Faris Rd., Ste 320, Greenville, SC (34.817546, -82.410508)",SC,Disease-Specific & Episode-Based Models,3518,False
Enhancing Oncology Model,Prisma Health dba Prisma Health University Medical Group,"2400 Boiling Springs Rd., Spartanburg, SC (35.027285, -81.965004)",SC,Disease-Specific & Episode-Based Models,3519,False
Enhancing Oncology Model,Prisma Health dba Prisma Health University Medical Group,"48 Centennial Way, Ste A, Greenville, SC (34.811368, -82.415389)",SC,Disease-Specific & Episode-Based Models,3520,False
Enhancing Oncology Model,Prisma Health dba Prisma Health University Medical Group,"135 Professional Park Dr., Seneca, SC (34.694717, -82.96998)",SC,Disease-Specific & Episode-Based Models,3521,False
Enhancing Oncology Model,"Starling Physicians, PLLC","1260 Silas Deane Highway, Wethersfield, CT (41.687287, -72.654376)",CT,Disease-Specific & Episode-Based Models,3522,False
Enhancing Oncology Model,"Starling Physicians, PLLC","300 Kensington Ave, New Britain, CT (41.647799, -72.786677)",CT,Disease-Specific & Episode-Based Models,3523,False
Enhancing Oncology Model,"Starling Physicians, PLLC","160 Hazard Avenue, Enfield, CT (41.98733, -72.55711)",CT,Disease-Specific & Episode-Based Models,3524,False
Enhancing Oncology Model,Bozeman Health Deaconess Hospital,"915 Highland Blvd, Bozeman, MT (45.670059, -111.018981)",MT,Disease-Specific & Episode-Based Models,3525,False
Enhancing Oncology Model,Bozeman Health Deaconess Hospital,"931 Highland Blvd, Bozeman, MT (45.670521, -111.020201)",MT,Disease-Specific & Episode-Based Models,3526,False
Enhancing Oncology Model,University of Alabama Health Services Foundation,"2000 6th Avenue South, Birmingham, AL (33.507951, -86.800298)",AL,Disease-Specific & Episode-Based Models,3527,False
Enhancing Oncology Model,University of Alabama Health Services Foundation,"619 19th Street S, Birmingham, AL (33.533614, -86.704734)",AL,Disease-Specific & Episode-Based Models,3528,False
Enhancing Oncology Model,University of Alabama Health Services Foundation,"2145 Bonner Way, Suite 200, Birmingham, AL (33.413432, -86.760058)",AL,Disease-Specific & Episode-Based Models,3529,False
Enhancing Oncology Model,"Vidant Medical Group, LLC","524 Moye Blvd, Greenville, NC (35.611137, -77.401283)",NC,Disease-Specific & Episode-Based Models,3530,False
Enhancing Oncology Model,"Vidant Medical Group, LLC","1209 Brown Street, Washington, NC (35.550746, -77.03841)",NC,Disease-Specific & Episode-Based Models,3531,False
Enhancing Oncology Model,"Vidant Medical Group, LLC","113 Virginia Road, Edenton, NC (36.070631, -76.607512)",NC,Disease-Specific & Episode-Based Models,3532,False
Enhancing Oncology Model,"Vidant Medical Group, LLC","401 N. Main Street, Kenansville, NC (34.964745, -77.960002)",NC,Disease-Specific & Episode-Based Models,3533,False
Enhancing Oncology Model,"Vidant Medical Group, LLC","313 Airport Road, Kinston, NC (35.296726, -77.585872)",NC,Disease-Specific & Episode-Based Models,3534,False
Enhancing Oncology Model,"Vidant Medical Group, LLC","250 Smith Church Road, Roanoke Rapids, NC (36.432013, -77.64563)",NC,Disease-Specific & Episode-Based Models,3535,False
Enhancing Oncology Model,"Vidant Medical Group, LLC","500 S. Academy Street, Ahoskie, NC (36.285176, -76.994756)",NC,Disease-Specific & Episode-Based Models,3536,False
Enhancing Oncology Model,"Vidant Medical Group, LLC","105 Hospital Drive, Tarboro, NC (35.919766, -77.558171)",NC,Disease-Specific & Episode-Based Models,3537,False
Enhancing Oncology Model,Rocky Mountain Cancer Centers,"1700 South Potomac St., Aurora, CO (39.685719, -104.83033)",CO,Disease-Specific & Episode-Based Models,3538,False
Enhancing Oncology Model,Rocky Mountain Cancer Centers,"4715 Arapahoe Avenue, Boulder, CO (40.015113, -105.236922)",CO,Disease-Specific & Episode-Based Models,3539,False
Enhancing Oncology Model,Rocky Mountain Cancer Centers,"2312 N. Nevada Ave, Suite 400, Colorado Springs, CO (38.865945, -104.820051)",CO,Disease-Specific & Episode-Based Models,3540,False
Enhancing Oncology Model,Rocky Mountain Cancer Centers,"14000 East Arapahoe Road, Suite 160, Centennial, CO (39.593887, -104.82564)",CO,Disease-Specific & Episode-Based Models,3541,False
Enhancing Oncology Model,Rocky Mountain Cancer Centers,"701 East Hampden Avenue, Suite 300, Englewood, CO (39.653365, -104.979354)",CO,Disease-Specific & Episode-Based Models,3542,False
Enhancing Oncology Model,Rocky Mountain Cancer Centers,"11750 W 2nd Place, Ste 160, Lakewood, CO (39.716264, -105.129536)",CO,Disease-Specific & Episode-Based Models,3543,False
Enhancing Oncology Model,Rocky Mountain Cancer Centers,"1800 Williams Street, Suite 200, Denver, CO (39.744658, -104.965976)",CO,Disease-Specific & Episode-Based Models,3544,False
Enhancing Oncology Model,Rocky Mountain Cancer Centers,"8820 Huron Street, Thornton, CO (39.85698, -104.995882)",CO,Disease-Specific & Episode-Based Models,3545,False
Enhancing Oncology Model,Rocky Mountain Cancer Centers,"22 West Dry Creek Circle, Littleton, CO (39.581152, -104.992097)",CO,Disease-Specific & Episode-Based Models,3546,False
Enhancing Oncology Model,Rocky Mountain Cancer Centers,"4700 East Hale Parkway, Suite 400, Denver, CO (39.732558, -104.932006)",CO,Disease-Specific & Episode-Based Models,3547,False
Enhancing Oncology Model,Rocky Mountain Cancer Centers,"1760 E Ken Pratt Blvd, Suite 302, Longmont, CO (40.161925, -105.058271)",CO,Disease-Specific & Episode-Based Models,3548,False
Enhancing Oncology Model,Rocky Mountain Cancer Centers,"10107 RidgeGate Parkway, Suite 200, Lone Tree, CO (39.530643, -104.870762)",CO,Disease-Specific & Episode-Based Models,3549,False
Enhancing Oncology Model,Rocky Mountain Cancer Centers,"525 West 15th Street Suite 200, Pueblo, CO (38.281470, -104.614180)",CO,Disease-Specific & Episode-Based Models,3550,False
Enhancing Oncology Model,Rocky Mountain Cancer Centers,"6031 E. Woodmen Rd., Ste 200, Colorado Springs, CO (38.937669, -104.714382)",CO,Disease-Specific & Episode-Based Models,3551,False
Enhancing Oncology Model,"Minnesota Oncology Hematology, P. A.","675 East Nicollet Boulevard, Suite 100, Burnsville, MN (44.75167, -93.265876)",MN,Disease-Specific & Episode-Based Models,3552,False
Enhancing Oncology Model,"Minnesota Oncology Hematology, P. A.","110105 Pioneer Trail, Suite 302, Chaska, MN (44.827858, -93.603697)",MN,Disease-Specific & Episode-Based Models,3553,False
Enhancing Oncology Model,"Minnesota Oncology Hematology, P. A.","1580 Beam Avenue, Maplewood, MN (45.027902, -93.034789)",MN,Disease-Specific & Episode-Based Models,3554,False
Enhancing Oncology Model,"Minnesota Oncology Hematology, P. A.","11850 Blackfoot Street NW, Suite 100, Coon Rapids, MN (45.1851254, -93.3718643)",MN,Disease-Specific & Episode-Based Models,3555,False
Enhancing Oncology Model,"Minnesota Oncology Hematology, P. A.","6545 France Ave, Suite 210, Edina, MN (44.884737, -93.329094)",MN,Disease-Specific & Episode-Based Models,3556,False
Enhancing Oncology Model,"Minnesota Oncology Hematology, P. A.","480 Osborne Rd NE, Suite 220, Fridley, MN (45.1072476, -93.261776)",MN,Disease-Specific & Episode-Based Models,3557,False
Enhancing Oncology Model,"Minnesota Oncology Hematology, P. A.","910 E. 26th Street, Suite 200, Minneapolis, MN (44.955712, -93.260557)",MN,Disease-Specific & Episode-Based Models,3558,False
Enhancing Oncology Model,"Minnesota Oncology Hematology, P. A.","2805 Campus Drive, Suite 105, Plymouth, MN (45.01086, -93.454072)",MN,Disease-Specific & Episode-Based Models,3559,False
Enhancing Oncology Model,"Minnesota Oncology Hematology, P. A.","310 Smith Ave N, Suite 100, St. Paul, MN (44.941765, -93.107605)",MN,Disease-Specific & Episode-Based Models,3560,False
Enhancing Oncology Model,"Minnesota Oncology Hematology, P. A.","560 Maple Street South, Suite 100, Waconia, MN (44.842093, -93.792115)",MN,Disease-Specific & Episode-Based Models,3561,False
Enhancing Oncology Model,"Minnesota Oncology Hematology, P. A.","6025 Lake Road, Suite 110, Woodbury, MN (44.917641, -92.983074)",MN,Disease-Specific & Episode-Based Models,3562,False
Enhancing Oncology Model,"Minnesota Oncology Hematology, P. A.","2651 Hillcrest Drive, Suite 105, Hudson, WI (44.969285, -92.719026)",WI,Disease-Specific & Episode-Based Models,3563,False
Enhancing Oncology Model,"Minnesota Oncology Hematology, P. A.","10150 Niagara Lane N, Suite 100, Maple Grove, MN (45.125343, -93.471852)",MN,Disease-Specific & Episode-Based Models,3564,False
Enhancing Oncology Model,MERCY CLINIC FORT SMITH COMMUNITIES,"7001 Rogers Ave, Fort Smith, AR (35.355597, -94.353961)",AR,Disease-Specific & Episode-Based Models,3565,False
Enhancing Oncology Model,Mercy Clinic Joplin LLC,"100 Mercy Way, Joplin, MO (37.036573, -94.509755)",MO,Disease-Specific & Episode-Based Models,3566,False
Enhancing Oncology Model,Self Medical Group,"1325 Spring Street, Greenwood, SC (34.175238, -82.156707)",SC,Disease-Specific & Episode-Based Models,3567,False
Enhancing Oncology Model,Trinity Health IHA Medical Group Hematology Oncology,"7575 Grand River Avenue, Brighton, MI (42.564901, -83.799556)",MI,Disease-Specific & Episode-Based Models,3568,False
Enhancing Oncology Model,Trinity Health IHA Medical Group Hematology Oncology,"1600 S. Canton Center Rd., Canton, MI (42.29782, -83.486729)",MI,Disease-Specific & Episode-Based Models,3569,False
Enhancing Oncology Model,Trinity Health IHA Medical Group Hematology Oncology,"775 S. Main St., Chelsea, MI (42.310439, -84.016569)",MI,Disease-Specific & Episode-Based Models,3570,False
Enhancing Oncology Model,Trinity Health IHA Medical Group Hematology Oncology,"5303 Elliot Drive, Suite 210, Ypsilanti, MI (42.2646392, -83.6577826)",MI,Disease-Specific & Episode-Based Models,3571,False
Enhancing Oncology Model,Trinity Health IHA Medical Group Hematology Oncology,"14555 Levan Rd., Suite 112, Livonia, MI (42.390244, -83.402784)",MI,Disease-Specific & Episode-Based Models,3572,False
Enhancing Oncology Model,University Medical Associates of the Medical University of South Carolina,"86 Jonathan Lucas St, Charleston, SC (32.78313, -79.947577)",SC,Disease-Specific & Episode-Based Models,3573,False
Enhancing Oncology Model,MUSC Community Physicians,"805 Pamplico Hwy, Ste 315, Medical Mall A, Florence, SC (34.160092, -79.752058)",SC,Disease-Specific & Episode-Based Models,3574,False
Enhancing Oncology Model,MUSC Community Physicians,"1161 Cook Road, Orangeburg, SC (33.539575, -80.828038)",SC,Disease-Specific & Episode-Based Models,3575,False
Enhancing Oncology Model,MUSC Community Physicians,"1315 Roberts Street, Camden, SC (34.252355, -80.589497)",SC,Disease-Specific & Episode-Based Models,3576,False
Enhancing Oncology Model,MUSC Community Physicians,"5500 Front Street, Suite 140, Summerville, SC (33.04391931715736, -80.14695470289583)",SC,Disease-Specific & Episode-Based Models,3577,False
Enhancing Oncology Model,"American Oncology Network, Inc.","115 Fairview Rd SW, Camden, AR (33.5356, -92.825768)",AR,Disease-Specific & Episode-Based Models,3578,False
Enhancing Oncology Model,"American Oncology Network, Inc.","1455 Higdon Ferry Rd, Suite B, Hot Springs, AR (34.4671, -93.0697)",AR,Disease-Specific & Episode-Based Models,3579,False
Enhancing Oncology Model,"American Oncology Network, Inc.","2910 Cypress Rd, Arkadelphia, AR (34.124368, -93.087998)",AR,Disease-Specific & Episode-Based Models,3580,False
Enhancing Oncology Model,"American Oncology Network, Inc.","2910 Cypress Rd, Arkadelphia, AR (34.124368, -93.087998)",AR,Disease-Specific & Episode-Based Models,3581,False
Enhancing Oncology Model,"American Oncology Network, Inc.","130 Medical Cir, Nashville, AR (33.949667, -93.880089)",AR,Disease-Specific & Episode-Based Models,3582,False
Enhancing Oncology Model,"American Oncology Network, Inc.","133 Harmony Park Cir, Hot Springs, AR (34.464032, -93.066918)",AR,Disease-Specific & Episode-Based Models,3583,False
Enhancing Oncology Model,"American Oncology Network, Inc.","1808 West Main St, Suite 200, Russellville, AR (35.2836, -93.1498)",AR,Disease-Specific & Episode-Based Models,3584,False
Enhancing Oncology Model,"American Oncology Network, Inc.","3 Medical Park Drive, Suite 202, Benton, AR (34.5744, -92.5853)",AR,Disease-Specific & Episode-Based Models,3585,False
Enhancing Oncology Model,"American Oncology Network, Inc.","1 Meadows Parkway, Ste B, Vidalia, GA (32.2094, -82.3758)",GA,Disease-Specific & Episode-Based Models,3586,False
Enhancing Oncology Model,"American Oncology Network, Inc.","1876 E. Sabin Dr, Suite 10, Casa Grande, AZ (32.8821, -111.7069)",AZ,Disease-Specific & Episode-Based Models,3587,False
Enhancing Oncology Model,"American Oncology Network, Inc.","802 East Highway 60, Monett, MO (36.915261, -93.945855)",MO,Disease-Specific & Episode-Based Models,3588,False
Enhancing Oncology Model,"American Oncology Network, Inc.","6827 W Tropicana Ave, Suite 110, Las Vegas, NV (36.0986, -115.2409)",NV,Disease-Specific & Episode-Based Models,3589,False
Enhancing Oncology Model,"American Oncology Network, Inc.","14780 W. Mountain View Blvd, Ste 211, Surprise, AZ (33.6558, -112.3781)",AZ,Disease-Specific & Episode-Based Models,3590,False
Enhancing Oncology Model,"American Oncology Network, Inc.","6985 McGinnis Ferry Road, Suite 100, Johns Creek, GA (34.0605, -84.1559)",GA,Disease-Specific & Episode-Based Models,3591,False
Enhancing Oncology Model,"American Oncology Network, Inc.","1111 Glynco Parkway, Suite 35, Brunswick, GA (31.2418, -81.4993)",GA,Disease-Specific & Episode-Based Models,3592,False
Enhancing Oncology Model,"American Oncology Network, Inc.","4700 Waters Ave, Suite 201, Savannah, GA (32.0305, -81.0884)",GA,Disease-Specific & Episode-Based Models,3593,False
Enhancing Oncology Model,"American Oncology Network, Inc.","10 One Center Ct, Franklin, NC (35.194955, -83.358702)",NC,Disease-Specific & Episode-Based Models,3594,False
Enhancing Oncology Model,"American Oncology Network, Inc.","1000 Towne Center Blvd, Suite 704, Pooler, GA (32.1424, -81.2561)",GA,Disease-Specific & Episode-Based Models,3595,False
Enhancing Oncology Model,"American Oncology Network, Inc.","13914 Southeastern Pkwy, Ste 203A, Fishers, IN (39.9900, -85.9164)",IN,Disease-Specific & Episode-Based Models,3596,False
Enhancing Oncology Model,"American Oncology Network, Inc.","2505 N Lebanon St, Ste 125, Lebanon, IN (40.0489, -86.4694)",IN,Disease-Specific & Episode-Based Models,3597,False
Enhancing Oncology Model,"American Oncology Network, Inc.","8550 Naab Rd, Ste 205, Indianapolis, IN (39.9113, -86.1994)",IN,Disease-Specific & Episode-Based Models,3598,False
Enhancing Oncology Model,"American Oncology Network, Inc.","1601 Fair Rd, Suite 900, Statesboro, GA (32.4091, -81.7655)",GA,Disease-Specific & Episode-Based Models,3599,False
Enhancing Oncology Model,"American Oncology Network, Inc.","740 E. General Stewart Way, Suite 210B, Hinesville, GA (31.8548, -81.5803)",GA,Disease-Specific & Episode-Based Models,3600,False
Enhancing Oncology Model,"American Oncology Network, Inc.","1 Edmundson Place, Ste 100, Council Bluffs, IA (41.2688, -95.8354)",IA,Disease-Specific & Episode-Based Models,3601,False
Enhancing Oncology Model,"American Oncology Network, Inc.","605 Medical Center Drive, Ste B, Alexandria, LA (31.3128, -92.4509)",LA,Disease-Specific & Episode-Based Models,3602,False
Enhancing Oncology Model,"American Oncology Network, Inc.","186 Medical Park Loop, Suite 501, Sylva, NC (35.3873, -83.2032)",NC,Disease-Specific & Episode-Based Models,3603,False
Enhancing Oncology Model,"American Oncology Network, Inc.","20522 Falcons Landing Circle, Potomac Falls, VA (39.048800, -77.376260)",VA,Disease-Specific & Episode-Based Models,3604,False
Enhancing Oncology Model,"American Oncology Network, Inc.","1300 Centerview Drive, Little Rock, AR (34.74179, -92.402030)",AR,Disease-Specific & Episode-Based Models,3605,False
Enhancing Oncology Model,"American Oncology Network, Inc.","3 Medical Park Drive, Ste 202, Benton, AR (34.574720, -92.585360)",AR,Disease-Specific & Episode-Based Models,3606,False
Enhancing Oncology Model,"American Oncology Network, Inc.","1281 E. Cottonwood Lane, Casa Grande, AZ (32.893680, -111.731740)",AZ,Disease-Specific & Episode-Based Models,3607,False
Enhancing Oncology Model,"American Oncology Network, Inc.","1 Mercy Lane, Ste 200A, Hot Springs, AR(34.468290, -93.066670)",AR,Disease-Specific & Episode-Based Models,3608,False
Enhancing Oncology Model,"American Oncology Network, Inc.","430 Magnolia Rd, Camden, AR (33.579380, -92.834560)",AR,Disease-Specific & Episode-Based Models,3609,False
Enhancing Oncology Model,"American Oncology Network, Inc.","3220 McMullen Booth Rd, Suite C, Clearwater, FL (28.0388, -82.7100)",FL,Disease-Specific & Episode-Based Models,3610,False
Enhancing Oncology Model,"American Oncology Network, Inc.","5326 Oak Street, Saint Francisville, LA (30.7907, -91.3718)",LA,Disease-Specific & Episode-Based Models,3611,False
Enhancing Oncology Model,"American Oncology Network, Inc.","101 Greenfield Dr, Suite 220, Cumming, GA (34.1819, -84.1464)",GA,Disease-Specific & Episode-Based Models,3612,False
Enhancing Oncology Model,"American Oncology Network, Inc.","1216 Deadra Drive, Lebanon, MO (37.6683672, -92.6392019)",MO ,Disease-Specific & Episode-Based Models,3613,False
Enhancing Oncology Model,"American Oncology Network, Inc.","400 Crestwood Circle, Ste G, Mena, AR (34.5888734, -94.2225673)",AR ,Disease-Specific & Episode-Based Models,3614,False
Enhancing Oncology Model,"American Oncology Network, Inc.","4419 Hwy 7 North, Ste 100, Hot Springs Village, AR (34.6537869, -93.059647)",AR ,Disease-Specific & Episode-Based Models,3615,False
Enhancing Oncology Model,"American Oncology Network, Inc.","603 South Conroe Medical Dr, Suite 160, Conroe, TX (30.2843499, -95.4745865)",TX ,Disease-Specific & Episode-Based Models,3616,False
Enhancing Oncology Model,"American Oncology Network, Inc.","5620 West Markham St, Little Rock, AR (34.7523635, -92.3396776)",AR ,Disease-Specific & Episode-Based Models,3617,False
Enhancing Oncology Model,"American Oncology Network, Inc.","708 Goodlette, Ste 200, 2nd Floor, Naples, FL (26.1572058, -81.7913574)",FL ,Disease-Specific & Episode-Based Models,3618,False
Enhancing Oncology Model,"American Oncology Network, Inc.","1890 SW Health Parkway, Ste 301, Naples, FL (26.2691506, -81.7871876)",FL ,Disease-Specific & Episode-Based Models,3619,False
Enhancing Oncology Model,"American Oncology Network, Inc.","326 Del Prado Blvd, N, Ste 301, Cape Coral, FL (26.6595832, -81.9439847)",FL ,Disease-Specific & Episode-Based Models,3620,False
Enhancing Oncology Model,"American Oncology Network, Inc.","114 Sutherlin Dr, Suite C-1, Warner Robins, GA (32.5486539, -83.6714232)",GA ,Disease-Specific & Episode-Based Models,3621,False
Enhancing Oncology Model,"American Oncology Network, Inc.","800 1st Street, Ste 410, Macon, GA (32.831702, -83.6375191)",GA ,Disease-Specific & Episode-Based Models,3622,False
Enhancing Oncology Model,"American Oncology Network, Inc.","2977 Four H Park Rd, Suite 102, Centreville, MD (39.0362532, -76.0768718)",MD ,Disease-Specific & Episode-Based Models,3623,False
Enhancing Oncology Model,"American Oncology Network, Inc.","8221 Teal Dr, Ste 302, Easton, MD (38.7750751, -76.0556814)",MD ,Disease-Specific & Episode-Based Models,3624,False
Enhancing Oncology Model,"American Oncology Network, Inc.","4419 N Highway 7, Ste 100, Hot Springs Village, AR (34.6537869, -93.059647)",AR ,Disease-Specific & Episode-Based Models,3625,False
Enhancing Oncology Model,"American Oncology Network, Inc.","400 Crestwood Cir, Medical Office Suite G, Mena, AR (34.5871115, -94.2201538)",AR ,Disease-Specific & Episode-Based Models,3626,False
Enhancing Oncology Model,"American Oncology Network, Inc.","8301 Harcourt Rd, Ste 200, Indianapolis, IN (39.9071997, -86.1949964)",IN ,Disease-Specific & Episode-Based Models,3627,False
Enhancing Oncology Model,"American Oncology Network, Inc.","939 W. Mountain View Drive, Ste 100, Shelton, WA (47.2266047, -123.1157564)",WA ,Disease-Specific & Episode-Based Models,3628,False
Enhancing Oncology Model,"American Oncology Network, Inc.","2340 E Calvada Blvd, Ste 7, Pahrump, NV (36.1927, -115.9722)",NV,Disease-Specific & Episode-Based Models,3629,False
Enhancing Oncology Model,"American Oncology Network, Inc.","3850 S. National Ave, Suite 600, Springfield, MO (37.1451, -93.2772)",MO,Disease-Specific & Episode-Based Models,3630,False
Enhancing Oncology Model,"American Oncology Network, Inc.","45 Hendersonville Highway, Pisgah Forest, NC (35.273639, -82.702724)",NC,Disease-Specific & Episode-Based Models,3631,False
Enhancing Oncology Model,"American Oncology Network, Inc.","551 Brevard Road, Asheville, NC (35.556172, -82.600009)",NC,Disease-Specific & Episode-Based Models,3632,False
Enhancing Oncology Model,"American Oncology Network, Inc.","400 Altair Parkway, Ste 3300, Westerville, OH (40.1433, -82.9413)",OH,Disease-Specific & Episode-Based Models,3633,False
Enhancing Oncology Model,"American Oncology Network, Inc.","41201 Schadden Road, Suite 2, Elyria, OH (41.4064, -82.1205)",OH,Disease-Specific & Episode-Based Models,3634,False
Enhancing Oncology Model,"American Oncology Network, Inc.","3100 Plaza Properties Blvd, Columbus, OH (40.002759, -82.925726)",OH,Disease-Specific & Episode-Based Models,3635,False
Enhancing Oncology Model,"American Oncology Network, Inc.","5500 N. Meadows Drive, Suite 230, Grove City, OH (39.8515, -83.0788)",OH,Disease-Specific & Episode-Based Models,3636,False
Enhancing Oncology Model,"American Oncology Network, Inc.","16 Okatie Center Blvd S, Suite 2-201, Okatie, SC (32.2917, -80.9398)",SC,Disease-Specific & Episode-Based Models,3637,False
Enhancing Oncology Model,"American Oncology Network, Inc.","2280 Opitz Blvd, Suite 340, Woodbridge, VA (38.6353, -77.2829)",VA,Disease-Specific & Episode-Based Models,3638,False
Enhancing Oncology Model,"American Oncology Network, Inc.","44055 Riverside Pkwy, Ste 224, Lansdowne, VA (39.0741, -77.4778)",VA,Disease-Specific & Episode-Based Models,3639,False
Enhancing Oncology Model,"American Oncology Network, Inc.","1200 W Fairview St, Colfax, WA (46.869341, -117.375042)",WA,Disease-Specific & Episode-Based Models,3640,False
Enhancing Oncology Model,"American Oncology Network, Inc.","13424 E Mission Ave, Ste A, Spokane Valley, WA (47.6714, -117.2240)",WA,Disease-Specific & Episode-Based Models,3641,False
Enhancing Oncology Model,"American Oncology Network, Inc.","143 Garden Homes Dr, Colville, WA (48.533395, -117.891251)",WA,Disease-Specific & Episode-Based Models,3642,False
Enhancing Oncology Model,"American Oncology Network, Inc.","6001 N Mayfair St, Spokane, WA (47.712439, -117.408805)",WA,Disease-Specific & Episode-Based Models,3643,False
Enhancing Oncology Model,"American Oncology Network, Inc.","141 Lilly Rd NE, Olympia, WA (47.048884, -122.846013)",WA,Disease-Specific & Episode-Based Models,3644,False
Enhancing Oncology Model,"American Oncology Network, Inc.","420 McPhee Rd, SW, Suite A, Olympia, WA (47.0463, -122.9528)",WA,Disease-Specific & Episode-Based Models,3645,False
Enhancing Oncology Model,"American Oncology Network, Inc.","580 N Camino Mercado, Suite 5, Casa Grande, AZ (32.878130, -111.690120)",AZ,Disease-Specific & Episode-Based Models,3646,False
Enhancing Oncology Model,"American Oncology Network, Inc.","414 Church St, Ste 306, Sandpoint, ID (48.2749, -116.5528)",ID,Disease-Specific & Episode-Based Models,3647,False
Enhancing Oncology Model,"American Oncology Network, Inc.","19735 Germantown Road, Suite 255, Germantown, MD (39.180220, -77.263970)",MD,Disease-Specific & Episode-Based Models,3648,False
Enhancing Oncology Model,"American Oncology Network, Inc.","6410 Rockledge Dr, Suite 660, Bethesda, MD (39.024310, -77.133640)",MD,Disease-Specific & Episode-Based Models,3649,False
Enhancing Oncology Model,"American Oncology Network, Inc.","10750 Columbia Pike, Suite 501, Silver Spring, MD (39.032600, -77.004470)",MD,Disease-Specific & Episode-Based Models,3650,False
Enhancing Oncology Model,"American Oncology Network, Inc.","3201 S. Austin Ave, Suite 315, Georgetown, TX (30.614430, -97.681230)",TX,Disease-Specific & Episode-Based Models,3651,False
Enhancing Oncology Model,"American Oncology Network, Inc.","3110 Gracefield Rd, Silver Spring, MD (39.050630, -76.948890)",MD,Disease-Specific & Episode-Based Models,3652,False
Enhancing Oncology Model,"American Oncology Network, Inc.","106 Irving Street NW, Ste 4100, Washington, DC (38.929890, -77.013740)",DC,Disease-Specific & Episode-Based Models,3653,False
Enhancing Oncology Model,"American Oncology Network, Inc.","19520 Doctors Drive, Germantown, MD (39.175410, -77.268560)",MD,Disease-Specific & Episode-Based Models,3654,False
Enhancing Oncology Model,"American Oncology Network, Inc.","50 W. Edmonston Drive, Suite 600, Rockville, MD (39.074370, -77.136080)",MD,Disease-Specific & Episode-Based Models,3655,False
Enhancing Oncology Model,"American Oncology Network, Inc.","135 Vision Park Blvd, Shenandoah, TX (30.1894011, -95.4660217)",TX,Disease-Specific & Episode-Based Models,3656,False
Enhancing Oncology Model,"American Oncology Network, Inc.","1706 Alice Street, Waycross, GA (31.2232777, -82.3501903)",GA,Disease-Specific & Episode-Based Models,3657,False
Enhancing Oncology Model,"American Oncology Network, Inc.","1860 Sugar Hill Rd, Suite B, Marion, NC (35.6600458, -82.027915)",NC,Disease-Specific & Episode-Based Models,3658,False
Enhancing Oncology Model,"American Oncology Network, Inc.","608 Radam Lane, Ste 150, Austin, TX (30.22519815097126, -97.77188265880359)",TX,Disease-Specific & Episode-Based Models,3659,False
Enhancing Oncology Model,"American Oncology Network, Inc.","14551 Hope Center Loop, Fort Myers, FL (26.53099333412532, -81.85224403866475)",FL,Disease-Specific & Episode-Based Models,3660,False
Enhancing Oncology Model,"American Oncology Network, Inc.","8925 Colonial Center Drive, Building A, Fort Myers, FL (26.615028208369544, -81.80877801167568)",FL,Disease-Specific & Episode-Based Models,3661,False
Enhancing Oncology Model,"American Oncology Network, Inc.","2514 E Dupont Road, Ste 100, Ft. Wayne, IN (41.175918059160196, -85.10784788911968)",IN,Disease-Specific & Episode-Based Models,3662,False
Enhancing Oncology Model,"American Oncology Network, Inc.","7910 W Jefferson Blvd, Ste 108, Ft. Wayne, IN (41.03801039861895, -85.25003364679591)",IN,Disease-Specific & Episode-Based Models,3663,False
Enhancing Oncology Model,"American Oncology Network, Inc.","610 Sawyer Road, Kendallville, IN (41.45101814729907, -85.29279541119803)",IN,Disease-Specific & Episode-Based Models,3664,False
Enhancing Oncology Model,"American Oncology Network, Inc.","2120 N Detroit Street, Ste 100, LaGrange, IN (41.66509155452962, -85.42449616026545)",IN,Disease-Specific & Episode-Based Models,3665,False
Enhancing Oncology Model,"American Oncology Network, Inc.","737 N Detroit Street, Warsaw, IN (41.247189808084755, -85.85332868421894)",IN,Disease-Specific & Episode-Based Models,3666,False
Enhancing Oncology Model,"American Oncology Network, Inc.","1123 N. Western Ave, Marion, IN (40.57377840526785, -85.67469318914236)",IN,Disease-Specific & Episode-Based Models,3667,False
Enhancing Oncology Model,"American Oncology Network, Inc.","315 West Old Key Drive, Ste 140 Miami Medical Plaza, Peru, IN (40.774316216853826, -86.07811258728617)",IN,Disease-Specific & Episode-Based Models,3668,False
Enhancing Oncology Model,"American Oncology Network, Inc.","303 S Main Street, Bluffton, IN (40.7376935611862, -85.17074844985666)",IN,Disease-Specific & Episode-Based Models,3669,False
Enhancing Oncology Model,"American Oncology Network, Inc.","516 E Maumee St, Angola, IN (41.63484461298494, -84.99364591608898)",IN,Disease-Specific & Episode-Based Models,3670,False
Enhancing Oncology Model,"American Oncology Network, Inc.","1100 Mercer Ave, Decatur, IN (40.8178038473461, -84.91565338053783)",IN,Disease-Specific & Episode-Based Models,3671,False
Enhancing Oncology Model,"American Oncology Network, Inc.","2316 E Meyer Blvd 1 W, Kansas City, MO (39.008295191390886, -94.55792534992061)",MO,Disease-Specific & Episode-Based Models,3672,False
Enhancing Oncology Model,"American Oncology Network, Inc.","17053 S 71 Hwy, Belton, MO (38.81596596310173, -94.50388574348088)",MO,Disease-Specific & Episode-Based Models,3673,False
Enhancing Oncology Model,"American Oncology Network, Inc.","18354 I45 South, Ste 200, Shenandoah, TX (30.1902023251641, -95.45574301424946)",TX,Disease-Specific & Episode-Based Models,3674,False
Enhancing Oncology Model,"American Oncology Network, Inc.","8919 Parallel Pkwy, Suite 326W, Kansas City, KS (39.12743173145216, -94.78564569594258)",KS,Disease-Specific & Episode-Based Models,3675,False
Enhancing Oncology Model,"American Oncology Network, Inc.","4242 Highway 19, Ste 19, Zachary, LA (30.64564597409213, -91.14978416063994)",LA,Disease-Specific & Episode-Based Models,3676,False
Enhancing Oncology Model,"Tri-County Hematology and Oncology Associates, Inc.","7337 Caritas Circle NW, Suite 150, Massillon, OH (40.857826, -81.485873)",OH,Disease-Specific & Episode-Based Models,3677,False
Enhancing Oncology Model,"Tri-County Hematology and Oncology Associates, Inc.","300 Medical Park Drive, Suite 201, Dover, OH (40.516751, -81.456913)",OH,Disease-Specific & Episode-Based Models,3678,False
